scene_id,entity,kind,geom_arc_id,accepted,max_position_error_m,max_axis_error_deg,min_sigma5,min_joint_margin,collision_free,projection_residual_max_m
T30,edge,source,0,True,6.369231071376034e-07,0.0001990409882700639,0.7142932338615787,0.2118893034721628,True,2.662476502324207e-07
T30,edge,source_reverse,1,True,6.369231071376034e-07,0.0001990409882700639,0.7142932338615787,0.2118893034721628,True,2.662476502324207e-07
T30,edge,source,2,True,4.0634901437830594e-07,0.00017587737112789739,0.7004103829654332,0.20591181119548235,True,3.233620254894376e-07
T30,edge,source_reverse,3,True,4.0634901437830594e-07,0.00017587737112789739,0.7004103829654332,0.20591181119548235,True,3.233620254894376e-07
T30,edge,source,4,True,5.668975523992003e-07,0.00020283728534819346,0.6880548252977933,0.24036006249420122,True,2.845823824371152e-07
T30,edge,source_reverse,5,True,5.668975523992003e-07,0.00020283728534819346,0.6880548252977933,0.24036006249420122,True,2.845823824371152e-07
T30,edge,source,6,True,5.802493988538408e-07,0.00029388049735432287,0.6798898717897629,0.19195662823346785,True,5.274532298427115e-07
T30,edge,source_reverse,7,True,5.802493988538408e-07,0.00029388049735432287,0.6798898717897629,0.19195662823346785,True,5.274532298427115e-07
T30,edge,source,8,True,5.658545539325132e-07,0.00024352312492155115,0.7140110120936111,0.19578026070892715,True,4.5346762189701906e-07
T30,edge,source_reverse,9,True,5.658545539325132e-07,0.00024352312492155115,0.7140110120936111,0.19578026070892715,True,4.5346762189701906e-07
T30,edge,source,10,True,8.356152569112436e-07,0.00036714847874288537,0.6989891866499094,0.1783076700415828,True,7.884863316709456e-07
T30,edge,source_reverse,11,True,8.356152569112436e-07,0.00036714847874288537,0.6989891866499094,0.1783076700415828,True,7.884863316709456e-07
T30,edge,source,12,True,8.838303457781929e-07,0.00039282681220248895,0.6525010230574809,0.17812699390578543,True,7.770678514540386e-07
T30,edge,source_reverse,13,True,8.838303457781929e-07,0.00039282681220248895,0.6525010230574809,0.17812699390578543,True,7.770678514540386e-07
T30,edge,source,14,True,8.692140787577412e-07,0.00020211727425386073,0.6569255494679032,0.2365510554813707,True,3.556496877832327e-07
T30,edge,source_reverse,15,True,8.692140787577412e-07,0.00020211727425386073,0.6569255494679032,0.2365510554813707,True,3.556496877832327e-07
T30,edge,source,16,True,5.227620319369647e-07,0.00020360487746449386,0.702509414639897,0.2575628535665197,True,4.3485374745522165e-07
T30,edge,source_reverse,17,True,5.227620319369647e-07,0.00020360487746449386,0.702509414639897,0.2575628535665197,True,4.3485374745522165e-07
T30,edge,source,18,True,1.016243533247645e-06,0.000197633385492489,0.6188004830807935,0.2227823592846621,True,2.9211770444237395e-07
T30,edge,source_reverse,19,True,1.016243533247645e-06,0.000197633385492489,0.6188004830807935,0.2227823592846621,True,2.9211770444237395e-07
T30,edge,source,20,True,1.0127523361172846e-06,0.0004780057458142139,0.617961781897488,0.16456512929475905,True,8.845477990904183e-07
T30,edge,source_reverse,21,True,1.0127523361172846e-06,0.0004780057458142139,0.617961781897488,0.16456512929475905,True,8.845477990904183e-07
T30,edge,source,22,True,9.485342714022083e-07,0.00045078925121931954,0.6749224261840625,0.16449775681917012,True,9.24185438455627e-07
T30,edge,source_reverse,23,True,9.485342714022083e-07,0.00045078925121931954,0.6749224261840625,0.16449775681917012,True,9.24185438455627e-07
T30,edge,source,24,True,7.932689157361519e-07,0.00020153398805909133,0.6891658241719217,0.21918157777951655,True,6.321082601234984e-07
T30,edge,source_reverse,25,True,7.932689157361519e-07,0.00020153398805909133,0.6891658241719217,0.21918157777951655,True,6.321082601234984e-07
T30,edge,source,26,True,1.029572199642058e-06,0.0004432672399470563,0.6412544517621752,0.16543812283243722,True,8.999658406283473e-07
T30,edge,source_reverse,27,True,1.029572199642058e-06,0.0004432672399470563,0.6412544517621752,0.16543812283243722,True,8.999658406283473e-07
T30,edge,source,28,True,1.2154598161031163e-06,0.0005376978036530092,0.6428496079869858,0.15115942271758515,True,1.1925032956383586e-06
T30,edge,source_reverse,29,True,1.2154598161031163e-06,0.0005376978036530092,0.6428496079869858,0.15115942271758515,True,1.1925032956383586e-06
T30,edge,source,30,True,1.3477487740306875e-06,0.0005559823542919554,0.576026904631637,0.1636645471655319,True,8.809410982080212e-07
T30,edge,source_reverse,31,True,1.3477487740306875e-06,0.0005559823542919554,0.576026904631637,0.1636645471655319,True,8.809410982080212e-07
T30,edge,source,32,True,1.168280837275836e-06,0.00016728081849120115,0.5982987108974738,0.2446891496374727,True,4.813300148454047e-07
T30,edge,source_reverse,33,True,1.168280837275836e-06,0.00016728081849120115,0.5982987108974738,0.2446891496374727,True,4.813300148454047e-07
T30,edge,source,34,True,5.72956773950876e-07,0.00019803684154311147,0.6995569417892034,0.2735991256631873,True,5.318368486162406e-07
T30,edge,source_reverse,35,True,5.72956773950876e-07,0.00019803684154311147,0.6995569417892034,0.2735991256631873,True,5.318368486162406e-07
T30,edge,source,36,True,5.080012916743715e-07,0.0001599681120934268,0.6752415277556993,0.2891665727097157,True,4.6143582838054087e-07
T30,edge,source_reverse,37,True,5.080012916743715e-07,0.0001599681120934268,0.6752415277556993,0.2891665727097157,True,4.6143582838054087e-07
T30,edge,source,38,True,1.4338979771762734e-06,0.00026727479109499877,0.5439235340557285,0.23212785222552434,True,3.400834339972736e-07
T30,edge,source_reverse,39,True,1.4338979771762734e-06,0.00026727479109499877,0.5439235340557285,0.23212785222552434,True,3.400834339972736e-07
T30,edge,source,40,True,1.6095416986196623e-06,0.00062615493793982,0.5266203910695757,0.15123357441368787,True,1.1318285438599585e-06
T30,edge,source_reverse,41,True,1.6095416986196623e-06,0.00062615493793982,0.5266203910695757,0.15123357441368787,True,1.1318285438599585e-06
T30,edge,source,42,True,1.355903492895066e-06,0.0006137991262265772,0.6084440067874476,0.1381943655091945,True,1.2419724021717204e-06
T30,edge,source_reverse,43,True,1.355903492895066e-06,0.0006137991262265772,0.6084440067874476,0.1381943655091945,True,1.2419724021717204e-06
T30,edge,source,44,True,1.0998984103341484e-06,0.0005755732623952228,0.5977305820134309,0.15021581676558604,True,1.0178877419553256e-06
T30,edge,source_reverse,45,True,1.0998984103341484e-06,0.0005755732623952228,0.5977305820134309,0.15021581676558604,True,1.0178877419553256e-06
T30,edge,source,46,True,8.167510006473237e-07,0.00019345086559648125,0.667461966595278,0.23451298365252235,True,7.389246214628553e-07
T30,edge,source_reverse,47,True,8.167510006473237e-07,0.00019345086559648125,0.667461966595278,0.23451298365252235,True,7.389246214628553e-07
T30,edge,source,48,True,1.202492641631829e-06,0.00033242178794258835,0.5517195927198105,0.16975635593077332,True,6.157903132408826e-07
T30,edge,source_reverse,49,True,1.202492641631829e-06,0.00033242178794258835,0.5517195927198105,0.16975635593077332,True,6.157903132408826e-07
T30,edge,source,50,True,1.5228633208008866e-06,0.0006897117279247327,0.5445239886133023,0.12574503157006817,True,1.5173335358442674e-06
T30,edge,source_reverse,51,True,1.5228633208008866e-06,0.0006897117279247327,0.5445239886133023,0.12574503157006817,True,1.5173335358442674e-06
T30,edge,source,52,True,1.3856690554686722e-06,0.0006985105140562364,0.5049820316016502,0.12585936901817862,True,1.3822373535476995e-06
T30,edge,source_reverse,53,True,1.3856690554686722e-06,0.0006985105140562364,0.5049820316016502,0.12585936901817862,True,1.3822373535476995e-06
T30,edge,source,54,True,2.1177319186887212e-06,0.0006903608635471122,0.47000039156669576,0.16685452068200282,True,9.647459355277554e-07
T30,edge,source_reverse,55,True,2.1177319186887212e-06,0.0006903608635471122,0.47000039156669576,0.16685452068200282,True,9.647459355277554e-07
T30,edge,source,56,True,1.0456204201683056e-06,0.0001949522530037957,0.553783033381347,0.26400110359923085,True,5.484520765874912e-07
T30,edge,source_reverse,57,True,1.0456204201683056e-06,0.0001949522530037957,0.553783033381347,0.26400110359923085,True,5.484520765874912e-07
T30,edge,source,58,True,4.3402815166534194e-07,0.00013321331462464415,0.6824480813321806,0.29421675675605813,True,3.869177693516246e-07
T30,edge,source_reverse,59,True,4.3402815166534194e-07,0.00013321331462464415,0.6824480813321806,0.29421675675605813,True,3.869177693516246e-07
T30,edge,source,60,True,5.650922520034391e-07,0.00018836692465472118,0.7034427312069133,0.2879785627179663,True,5.533549983782748e-07
T30,edge,source_reverse,61,True,5.650922520034391e-07,0.00018836692465472118,0.7034427312069133,0.2879785627179663,True,5.533549983782748e-07
T30,edge,source,62,True,3.0188246985103344e-07,0.00010619104680647616,0.6243769903236334,0.31194937250416854,True,2.543053724823885e-07
T30,edge,source_reverse,63,True,3.0188246985103344e-07,0.00010619104680647616,0.6243769903236334,0.31194937250416854,True,2.543053724823885e-07
T30,edge,source,64,True,2.371976506111487e-06,0.0004532372213221286,0.42726711622804225,0.21830565852432804,True,3.613943450886392e-07
T30,edge,source_reverse,65,True,2.371976506111487e-06,0.0004532372213221286,0.42726711622804225,0.21830565852432804,True,3.613943450886392e-07
T30,edge,source,66,True,2.7853115621214087e-06,0.000770994002913667,0.4066914118690175,0.13685106097212377,True,1.411993522604238e-06
T30,edge,source_reverse,67,True,2.7853115621214087e-06,0.000770994002913667,0.4066914118690175,0.13685106097212377,True,1.411993522604238e-06
T30,edge,source,68,True,1.617440771527201e-06,0.0007127271512490453,0.5468737045508913,0.11400382660216463,True,1.4282305860202626e-06
T30,edge,source_reverse,69,True,1.617440771527201e-06,0.0007127271512490453,0.5468737045508913,0.11400382660216463,True,1.4282305860202626e-06
T30,edge,source,70,True,1.5808444081880709e-06,0.0007633930059307272,0.48259661060113757,0.115901491148843,True,1.4288919109872733e-06
T30,edge,source_reverse,71,True,1.5808444081880709e-06,0.0007633930059307272,0.48259661060113757,0.115901491148843,True,1.4288919109872733e-06
T30,edge,source,72,True,1.2318079689971673e-06,0.000300369411654599,0.5232489990116904,0.18128560110072672,True,7.319649834580666e-07
T30,edge,source_reverse,73,True,1.2318079689971673e-06,0.000300369411654599,0.5232489990116904,0.18128560110072672,True,7.319649834580666e-07
T30,edge,source,74,True,6.64172485480424e-07,0.00018316180961684534,0.6388980293488715,0.248337240176107,True,6.592622471268683e-07
T30,edge,source_reverse,75,True,6.64172485480424e-07,0.00018316180961684534,0.6388980293488715,0.248337240176107,True,6.592622471268683e-07
T30,edge,source,76,True,2.116767688496367e-06,0.00047848738378025973,0.4220868504789256,0.14726767687591746,True,6.022530650295899e-07
T30,edge,source_reverse,77,True,2.116767688496367e-06,0.00047848738378025973,0.4220868504789256,0.14726767687591746,True,6.022530650295899e-07
T30,edge,source,78,True,2.1941613316677513e-06,0.0008275665431767391,0.41352798489350606,0.10322144087092061,True,1.6944885171954471e-06
T30,edge,source_reverse,79,True,2.1941613316677513e-06,0.0008275665431767391,0.41352798489350606,0.10322144087092061,True,1.6944885171954471e-06
T30,edge,source,80,True,1.5802513521450329e-06,0.00073873131684108,0.4602067681659125,0.10338507329035967,True,1.5582888290288643e-06
T30,edge,source_reverse,81,True,1.5802513521450329e-06,0.00073873131684108,0.4602067681659125,0.10338507329035967,True,1.5582888290288643e-06
T30,edge,source,82,True,3.929877806059978e-06,0.0008713691798991163,0.33737593203782335,0.14072223965198197,True,1.2637258757497438e-06
T30,edge,source_reverse,83,True,3.929877806059978e-06,0.0008713691798991163,0.33737593203782335,0.14072223965198197,True,1.2637258757497438e-06
T30,edge,source,84,True,2.016183453286932e-06,0.0004535619762338736,0.40661785179696824,0.23664863569408118,True,5.307862592507373e-07
T30,edge,source_reverse,85,True,2.016183453286932e-06,0.0004535619762338736,0.40661785179696824,0.23664863569408118,True,5.307862592507373e-07
T30,edge,source,86,True,3.4899857745397465e-07,7.900059402946212e-05,0.6332157110304819,0.3267378000487431,True,3.37941769484873e-07
T30,edge,source_reverse,87,True,3.4899857745397465e-07,7.900059402946212e-05,0.6332157110304819,0.3267378000487431,True,3.37941769484873e-07
T30,edge,source,88,True,5.16107080677896e-07,0.00017826703776520122,0.7062772201506883,0.30010908832687533,True,5.113334075046438e-07
T30,edge,source_reverse,89,True,5.16107080677896e-07,0.00017826703776520122,0.7062772201506883,0.30010908832687533,True,5.113334075046438e-07
T30,edge,source,90,True,4.877897031383965e-07,5.448788493954095e-05,0.691508812605947,0.31303476800881636,True,4.812482972960108e-07
T30,edge,source_reverse,91,True,4.877897031383965e-07,5.448788493954095e-05,0.691508812605947,0.31303476800881636,True,4.812482972960108e-07
T30,edge,source,92,True,2.839219264289858e-07,5.257471286479977e-05,0.5925619315143047,0.31734126923732275,True,2.726755601312192e-07
T30,edge,source_reverse,93,True,2.839219264289858e-07,5.257471286479977e-05,0.5925619315143047,0.31734126923732275,True,2.726755601312192e-07
T30,edge,source,94,True,4.000908250511481e-06,0.0007077649641314147,0.2988208514854253,0.21268253713142754,True,3.4327998138516946e-07
T30,edge,source_reverse,95,True,4.000908250511481e-06,0.0007077649641314147,0.2988208514854253,0.21268253713142754,True,3.4327998138516946e-07
T30,edge,source,96,True,6.096631055286584e-06,0.0010096417565400055,0.2629972726543636,0.127525491463532,True,1.483631491272508e-06
T30,edge,source_reverse,97,True,6.096631055286584e-06,0.0010096417565400055,0.2629972726543636,0.127525491463532,True,1.483631491272508e-06
T30,edge,source,98,True,1.7658451193143405e-06,0.0005928331487399612,0.48716643360825396,0.0938254831589357,True,1.54877737235104e-06
T30,edge,source_reverse,99,True,1.7658451193143405e-06,0.0005928331487399612,0.48716643360825396,0.0938254831589357,True,1.54877737235104e-06
T30,edge,source,100,True,3.0357288756838057e-06,0.0009001920655529055,0.33936761585424907,0.09382638869401135,True,1.4317683861286845e-06
T30,edge,source_reverse,101,True,3.0357288756838057e-06,0.0009001920655529055,0.33936761585424907,0.09382638869401135,True,1.4317683861286845e-06
T30,edge,source,102,True,2.677702437588814e-06,0.0005210132253186228,0.361529848006205,0.1463470815240118,True,6.299495086681262e-07
T30,edge,source_reverse,103,True,2.677702437588814e-06,0.0005210132253186228,0.361529848006205,0.1463470815240118,True,6.299495086681262e-07
T30,edge,source,104,True,6.34101664983822e-07,0.0001739646298815542,0.6307654398628859,0.2506763677540071,True,6.267462216713593e-07
T30,edge,source_reverse,105,True,6.34101664983822e-07,0.0001739646298815542,0.6307654398628859,0.2506763677540071,True,6.267462216713593e-07
T30,edge,source,106,True,6.148773009522226e-07,0.0003187241197068121,0.45846174177849547,0.19921063067958544,True,5.424748689419889e-07
T30,edge,source_reverse,107,True,6.148773009522226e-07,0.0003187241197068121,0.45846174177849547,0.19921063067958544,True,5.424748689419889e-07
T30,edge,source,108,True,5.741722835612705e-06,0.001149028987910488,0.26249111974887934,0.09777034784225984,True,1.9545831189404783e-06
T30,edge,source_reverse,109,True,5.741722835612705e-06,0.001149028987910488,0.26249111974887934,0.09777034784225984,True,1.9545831189404783e-06
T30,edge,source,110,True,2.5749952117193114e-06,0.0011486444848509188,0.2973527992529161,0.08644907829022039,True,1.909644331110627e-06
T30,edge,source_reverse,111,True,2.5749952117193114e-06,0.0011486444848509188,0.2973527992529161,0.08644907829022039,True,1.909644331110627e-06
T30,edge,source,112,True,1.9506554653339956e-06,0.0010847344534331879,0.3076058304679726,0.09487596989327449,True,1.8007454656854271e-06
T30,edge,source_reverse,113,True,1.9506554653339956e-06,0.0010847344534331879,0.3076058304679726,0.09487596989327449,True,1.8007454656854271e-06
T30,edge,source,114,True,1.3146984936466141e-05,0.0015234547087911502,0.18463846988939595,0.14591644126028233,True,1.0836067516895032e-06
T30,edge,source_reverse,115,True,1.3146984936466141e-05,0.0015234547087911502,0.18463846988939595,0.14591644126028233,True,1.0836067516895032e-06
T30,edge,source,116,True,1.0568451578866055e-06,0.0003971424270605665,0.37273681658297575,0.25964298274759995,True,4.6730302705189075e-07
T30,edge,source_reverse,117,True,1.0568451578866055e-06,0.0003971424270605665,0.37273681658297575,0.25964298274759995,True,4.6730302705189075e-07
T30,edge,source,118,True,3.4138349196072935e-07,3.7429966361498394e-05,0.6400427986908743,0.3307746064136448,True,3.4106153579127607e-07
T30,edge,source_reverse,119,True,3.4138349196072935e-07,3.7429966361498394e-05,0.6400427986908743,0.3307746064136448,True,3.4106153579127607e-07
T30,edge,source,120,True,4.5465503835717825e-07,0.00017061593462462405,0.7103018589848761,0.3093181826393254,True,4.362860031303928e-07
T30,edge,source_reverse,121,True,4.5465503835717825e-07,0.00017061593462462405,0.7103018589848761,0.3093181826393254,True,4.362860031303928e-07
T30,edge,source,122,True,5.870022496245435e-07,0.00016827789768000774,0.7221691883456922,0.31261270939072955,True,5.683711795378965e-07
T30,edge,source_reverse,123,True,5.870022496245435e-07,0.00016827789768000774,0.7221691883456922,0.31261270939072955,True,5.683711795378965e-07
T30,edge,source,124,True,2.237143613918006e-07,1.784774957404288e-05,0.659127997165103,0.3326457817815329,True,2.2005784064416112e-07
T30,edge,source_reverse,125,True,2.237143613918006e-07,1.784774957404288e-05,0.659127997165103,0.3326457817815329,True,2.2005784064416112e-07
T30,edge,source,126,True,3.633455102577697e-07,0.00019317748997066858,0.4095872123245709,0.27895458203291995,True,3.106641101591201e-07
T30,edge,source_reverse,127,True,3.633455102577697e-07,0.00019317748997066858,0.4095872123245709,0.27895458203291995,True,3.106641101591201e-07
T30,edge,source,128,True,4.311313555367118e-05,0.0027090233761967427,0.10336070900739579,0.155172673782384,True,4.176468338251693e-06
T30,edge,source_reverse,129,True,4.311313555367118e-05,0.0027090233761967427,0.10336070900739579,0.155172673782384,True,4.176468338251693e-06
T30,edge,source,130,True,2.9888554851277013e-06,0.0018531469214363087,0.18648823797676636,0.10205675306520998,True,2.1381148236077063e-06
T30,edge,source_reverse,131,True,2.9888554851277013e-06,0.0018531469214363087,0.18648823797676636,0.10205675306520998,True,2.1381148236077063e-06
T30,edge,source,132,True,2.3823955768043496e-06,0.0009327034558357533,0.3631594987970899,0.08191191141652453,True,2.1295321013525825e-06
T30,edge,source_reverse,133,True,2.3823955768043496e-06,0.0009327034558357533,0.3631594987970899,0.08191191141652453,True,2.1295321013525825e-06
T30,edge,source,134,True,1.1796615820618238e-05,0.0015789975203104544,0.18514170563593335,0.08439774670266932,True,1.6421734726213e-06
T30,edge,source_reverse,135,True,1.1796615820618238e-05,0.0015789975203104544,0.18514170563593335,0.08439774670266932,True,1.6421734726213e-06
T30,edge,source,136,True,2.664999299028493e-06,0.0007784009362901207,0.2927376105129291,0.1632544443548058,True,6.392499101448568e-07
T30,edge,source_reverse,137,True,2.664999299028493e-06,0.0007784009362901207,0.2927376105129291,0.1632544443548058,True,6.392499101448568e-07
T30,edge,source,138,True,6.761461667357798e-07,0.00016864785139953045,0.6414196384735761,0.26052799435883345,True,6.396664162244825e-07
T30,edge,source_reverse,139,True,6.761461667357798e-07,0.00016864785139953045,0.6414196384735761,0.26052799435883345,True,6.396664162244825e-07
T30,edge,source,140,True,5.846218667695907e-07,0.00022307195494983287,0.4493494473761103,0.210728040816214,True,5.268275656278298e-07
T30,edge,source_reverse,141,True,5.846218667695907e-07,0.00022307195494983287,0.4493494473761103,0.210728040816214,True,5.268275656278298e-07
T30,edge,source,142,True,3.4779409150554725e-05,0.002447625205556354,0.108929662954865,0.09211334821765105,True,5.354629753484552e-06
T30,edge,source_reverse,143,True,3.4779409150554725e-05,0.002447625205556354,0.108929662954865,0.09211334821765105,True,5.354629753484552e-06
T30,edge,source,144,True,6.510497534472295e-06,0.002184064629145828,0.15444261310329283,0.08087983715800805,True,2.3852074143015933e-06
T30,edge,source_reverse,145,True,6.510497534472295e-06,0.002184064629145828,0.15444261310329283,0.08087983715800805,True,2.3852074143015933e-06
T30,edge,source,146,True,2.4126330911047545e-06,0.00020937134141199923,0.45241446349964565,0.0846197125418682,True,2.2794767463307775e-06
T30,edge,source_reverse,147,True,2.4126330911047545e-06,0.00020937134141199923,0.45241446349964565,0.0846197125418682,True,2.2794767463307775e-06
T30,edge,source,148,False,0.0002675752456449383,0.007476654352563342,0.020280207136019537,0.14200954764963342,True,5.09297745088233e-06
T30,edge,source,150,True,1.848183657833072e-05,0.006300786983115226,0.20990294494457568,0.251137043279651,True,1.1593146444777158e-06
T30,edge,source_reverse,151,True,1.848183657833072e-05,0.006300786983115226,0.20990294494457568,0.251137043279651,True,1.1593146444777158e-06
T30,edge,source,152,True,4.4533997640300817e-07,9.583585410390605e-06,0.6137062319941702,0.3154808441504432,True,4.0190285255370384e-07
T30,edge,source_reverse,153,True,4.4533997640300817e-07,9.583585410390605e-06,0.6137062319941702,0.3154808441504432,True,4.0190285255370384e-07
T30,edge,source,154,True,3.645260291945695e-07,1.1390761175093017e-05,0.7183514789822815,0.34306657952982184,True,3.3069626129145213e-07
T30,edge,source_reverse,155,True,3.645260291945695e-07,1.1390761175093017e-05,0.7183514789822815,0.34306657952982184,True,3.3069626129145213e-07
T30,edge,source,156,True,4.935506293806336e-07,2.084327099243578e-05,0.7510820258680133,0.3149297469703261,True,4.5714531438090233e-07
T30,edge,source_reverse,157,True,4.935506293806336e-07,2.084327099243578e-05,0.7510820258680133,0.3149297469703261,True,4.5714531438090233e-07
T30,edge,source,158,True,5.99653260612149e-07,0.00028480870229907095,0.7073893505995025,0.21992634093100036,True,2.6627162780235025e-07
T30,edge,source_reverse,159,True,5.99653260612149e-07,0.00028480870229907095,0.7073893505995025,0.21992634093100036,True,2.6627162780235025e-07
T30,edge,source,160,True,4.0631724766576686e-07,0.00017588980428522388,0.7004101564441924,0.20591107440514964,True,3.234256488182652e-07
T30,edge,source_reverse,161,True,4.0631724766576686e-07,0.00017588980428522388,0.7004101564441924,0.20591107440514964,True,3.234256488182652e-07
T30,edge,source,162,True,5.801875670366746e-07,0.00029282942546779504,0.6798923038824111,0.1971313208020548,True,3.932181610877272e-07
T30,edge,source_reverse,163,True,5.801875670366746e-07,0.00029282942546779504,0.6798923038824111,0.1971313208020548,True,3.932181610877272e-07
T30,edge,source,164,True,5.801875670366746e-07,0.00029389661925230046,0.7001078863490922,0.19195615444054043,True,5.275209650767998e-07
T30,edge,source_reverse,165,True,5.801875670366746e-07,0.00029389661925230046,0.7001078863490922,0.19195615444054043,True,5.275209650767998e-07
T30,edge,source,166,True,5.125364664443914e-07,0.0002872006223223635,0.6835760218268231,0.2425648158388988,True,3.5846545975992683e-07
T30,edge,source_reverse,167,True,5.125364664443914e-07,0.0002872006223223635,0.6835760218268231,0.2425648158388988,True,3.5846545975992683e-07
T30,edge,source,168,True,5.855021283105092e-07,0.00020214251795195597,0.6967059733803207,0.23074778988439704,True,4.121892878683475e-07
T30,edge,source_reverse,169,True,5.855021283105092e-07,0.00020214251795195597,0.6967059733803207,0.23074778988439704,True,4.121892878683475e-07
T30,edge,source,170,True,8.357679109450612e-07,0.00037297011590390646,0.6989972381808209,0.17812857924639766,True,7.885334276924727e-07
T30,edge,source_reverse,171,True,8.357679109450612e-07,0.00037297011590390646,0.6989972381808209,0.17812857924639766,True,7.885334276924727e-07
T30,edge,source,172,True,8.839628746188466e-07,0.00039279897721607973,0.6525165722230564,0.17927396513248825,True,6.798742880342878e-07
T30,edge,source_reverse,173,True,8.839628746188466e-07,0.00039279897721607973,0.6525165722230564,0.17927396513248825,True,6.798742880342878e-07
T30,edge,source,174,True,1.0162732535608817e-06,0.0002859593718167897,0.6180007728298045,0.21808117512817676,True,3.326960966165693e-07
T30,edge,source_reverse,175,True,1.0162732535608817e-06,0.0002859593718167897,0.6180007728298045,0.21808117512817676,True,3.326960966165693e-07
T30,edge,source,176,True,1.0019066011750392e-06,0.0004781528797499165,0.6179607073686113,0.16450446697320065,True,9.018930261228686e-07
T30,edge,source_reverse,177,True,1.0019066011750392e-06,0.0004781528797499165,0.6179607073686113,0.16450446697320065,True,9.018930261228686e-07
T30,edge,source,178,True,9.483092588977466e-07,0.00045074316415986764,0.6749250454443063,0.1645183467237906,True,9.241738920529041e-07
T30,edge,source_reverse,179,True,9.483092588977466e-07,0.00045074316415986764,0.6749250454443063,0.1645183467237906,True,9.241738920529041e-07
T30,edge,source,180,True,7.896398611666499e-07,0.0001988834509952165,0.6924773751837277,0.22378398591621207,True,6.320964746620028e-07
T30,edge,source_reverse,181,True,7.896398611666499e-07,0.0001988834509952165,0.6924773751837277,0.22378398591621207,True,6.320964746620028e-07
T30,edge,source,182,True,4.553257102622392e-07,0.00028335897134054065,0.6568494403066348,0.2741019642899526,True,3.0650182217262234e-07
T30,edge,source_reverse,183,True,4.553257102622392e-07,0.00028335897134054065,0.6568494403066348,0.2741019642899526,True,3.0650182217262234e-07
T30,edge,source,184,True,4.957278765476295e-07,0.000182519952944187,0.6858401448822518,0.2704691812416343,True,4.139789395729565e-07
T30,edge,source_reverse,185,True,4.957278765476295e-07,0.000182519952944187,0.6858401448822518,0.2704691812416343,True,4.139789395729565e-07
T30,edge,source,186,True,8.401335435367837e-07,0.0002623392326482849,0.6423348623587158,0.18363392838225687,True,5.676229875850591e-07
T30,edge,source_reverse,187,True,8.401335435367837e-07,0.0002623392326482849,0.6423348623587158,0.18363392838225687,True,5.676229875850591e-07
T30,edge,source,188,True,1.2159401452511136e-06,0.0005332723777213701,0.6412823361080157,0.15115926090211876,True,1.1925146066738002e-06
T30,edge,source_reverse,189,True,1.2159401452511136e-06,0.0005332723777213701,0.6412823361080157,0.15115926090211876,True,1.1925146066738002e-06
T30,edge,source,190,True,1.3336179070523395e-06,0.000556042004585066,0.5760224087819034,0.15393221328280202,True,9.879769886922407e-07
T30,edge,source_reverse,191,True,1.3336179070523395e-06,0.000556042004585066,0.5760224087819034,0.15393221328280202,True,9.879769886922407e-07
T30,edge,source,192,True,1.3473681103898738e-06,0.0002796457348289298,0.5776578699735437,0.2190279652179573,True,4.811548199312732e-07
T30,edge,source_reverse,193,True,1.3473681103898738e-06,0.0002796457348289298,0.5776578699735437,0.2190279652179573,True,4.811548199312732e-07
T30,edge,source,194,True,1.6085217286950752e-06,0.00047592960797320167,0.5266564497131747,0.1912109472786997,True,7.344961256150473e-07
T30,edge,source_reverse,195,True,1.6085217286950752e-06,0.00047592960797320167,0.5266564497131747,0.1912109472786997,True,7.344961256150473e-07
T30,edge,source,196,True,1.389642024392869e-06,0.0006260711145446632,0.5313078351655679,0.13885151655109387,True,1.1445582932811948e-06
T30,edge,source_reverse,197,True,1.389642024392869e-06,0.0006260711145446632,0.5313078351655679,0.13885151655109387,True,1.1445582932811948e-06
T30,edge,source,198,True,1.2454449468688965e-06,0.0006140621166445686,0.5977090134200809,0.1381884793776243,True,1.2415718717018187e-06
T30,edge,source_reverse,199,True,1.2454449468688965e-06,0.0006140621166445686,0.5977090134200809,0.1381884793776243,True,1.2415718717018187e-06
T30,edge,source,200,True,1.0129909197687939e-06,0.0002930123291729161,0.6026168193200085,0.17934033223218465,True,7.390494115855351e-07
T30,edge,source_reverse,201,True,1.0129909197687939e-06,0.0002930123291729161,0.6026168193200085,0.17934033223218465,True,7.390494115855351e-07
T30,edge,source,202,True,6.610242125500217e-07,0.0001599863379237347,0.6931365258467341,0.27132087217827433,True,6.255046269831865e-07
T30,edge,source_reverse,203,True,6.610242125500217e-07,0.0001599863379237347,0.6931365258467341,0.27132087217827433,True,6.255046269831865e-07
T30,edge,source,204,True,4.3438944112717543e-07,0.0002750874057167907,0.6339576241919547,0.294028432389714,True,3.684352440358474e-07
T30,edge,source_reverse,205,True,4.3438944112717543e-07,0.0002750874057167907,0.6339576241919547,0.294028432389714,True,3.684352440358474e-07
T30,edge,source,206,True,3.243330500170271e-07,0.00013322152221620026,0.6664391962669926,0.30725210447989054,True,2.6547854933833825e-07
T30,edge,source_reverse,207,True,3.243330500170271e-07,0.00013322152221620026,0.6664391962669926,0.30725210447989054,True,2.6547854933833825e-07
T30,edge,source,208,True,6.861921321185771e-07,0.00011929023643543444,0.6352828638447642,0.2264471847864865,True,6.15880898807708e-07
T30,edge,source_reverse,209,True,6.861921321185771e-07,0.00011929023643543444,0.6352828638447642,0.2264471847864865,True,6.15880898807708e-07
T30,edge,source,210,True,1.3563739736947152e-06,0.0006177599559396977,0.5444958764985303,0.1405279729296223,True,1.2459675041986973e-06
T30,edge,source_reverse,211,True,1.3563739736947152e-06,0.0006177599559396977,0.5444958764985303,0.1405279729296223,True,1.2459675041986973e-06
T30,edge,source,212,True,1.5225544432085495e-06,0.0006892206411505983,0.5544155668664138,0.1257542467428557,True,1.5181302661371188e-06
T30,edge,source_reverse,213,True,1.5225544432085495e-06,0.0006892206411505983,0.5544155668664138,0.1257542467428557,True,1.5181302661371188e-06
T30,edge,source,214,True,2.0716778779423124e-06,0.0006986659854465115,0.4699936111873256,0.13441762381549505,True,1.2192504634800372e-06
T30,edge,source_reverse,215,True,2.0716778779423124e-06,0.0006986659854465115,0.4699936111873256,0.13441762381549505,True,1.2192504634800372e-06
T30,edge,source,216,True,2.116791772132534e-06,0.0004530707344310849,0.4706464437422986,0.20208311791407582,True,5.491356364628608e-07
T30,edge,source_reverse,217,True,2.116791772132534e-06,0.0004530707344310849,0.4706464437422986,0.20208311791407582,True,5.491356364628608e-07
T30,edge,source,218,True,1.4326351777838094e-06,0.00033504606032746473,0.47584232170482677,0.2460827539735205,True,4.2802477492887014e-07
T30,edge,source_reverse,219,True,1.4326351777838094e-06,0.00033504606032746473,0.47584232170482677,0.2460827539735205,True,4.2802477492887014e-07
T30,edge,source,220,True,2.781670734860436e-06,0.0007702888540899495,0.4067041718345848,0.15091397823033503,True,1.3690618482498085e-06
T30,edge,source_reverse,221,True,2.781670734860436e-06,0.0007702888540899495,0.4067041718345848,0.15091397823033503,True,1.3690618482498085e-06
T30,edge,source,222,True,1.6181668650730557e-06,0.0007494425844952995,0.48351546316843286,0.11407948159108218,True,1.4117108447231352e-06
T30,edge,source_reverse,223,True,1.6181668650730557e-06,0.0007494425844952995,0.48351546316843286,0.11407948159108218,True,1.4117108447231352e-06
T30,edge,source,224,True,1.5796156610354172e-06,0.0007632282757127629,0.4826419370385231,0.11399587275681351,True,1.4294910783974046e-06
T30,edge,source_reverse,225,True,1.5796156610354172e-06,0.0007632282757127629,0.4826419370385231,0.11399587275681351,True,1.4294910783974046e-06
T30,edge,source,226,True,1.5553394516443742e-06,0.0004205249072625018,0.49000701696783633,0.15770292655868612,True,7.320807902111426e-07
T30,edge,source_reverse,227,True,1.5553394516443742e-06,0.0004205249072625018,0.49000701696783633,0.15770292655868612,True,7.320807902111426e-07
T30,edge,source,228,True,7.305168993375708e-07,0.0001015093421818094,0.6628114802581384,0.25370381790416346,True,7.194155949297176e-07
T30,edge,source_reverse,229,True,7.305168993375708e-07,0.0001015093421818094,0.6628114802581384,0.25370381790416346,True,7.194155949297176e-07
T30,edge,source,230,True,3.060209292713234e-07,0.00010619791090569193,0.6533391914696124,0.3254794931547763,True,2.76536450377618e-07
T30,edge,source_reverse,231,True,3.060209292713234e-07,0.00010619791090569193,0.6533391914696124,0.3254794931547763,True,2.76536450377618e-07
T30,edge,source,232,True,3.8263307521962015e-07,0.00026443011433812687,0.6215124381504029,0.31271381770792933,True,3.692860599813219e-07
T30,edge,source_reverse,233,True,3.8263307521962015e-07,0.00026443011433812687,0.6215124381504029,0.31271381770792933,True,3.692860599813219e-07
T30,edge,source,234,True,3.552123981664574e-07,7.903749295442105e-05,0.6782292566238802,0.3170518609668851,True,3.256008193619486e-07
T30,edge,source_reverse,235,True,3.552123981664574e-07,7.903749295442105e-05,0.6782292566238802,0.3170518609668851,True,3.256008193619486e-07
T30,edge,source,236,True,5.827258395768127e-07,0.00012137706905472904,0.6051172443840248,0.2327454945210288,True,5.695601019428675e-07
T30,edge,source_reverse,237,True,5.827258395768127e-07,0.00012137706905472904,0.6051172443840248,0.2327454945210288,True,5.695601019428675e-07
T30,edge,source,238,True,2.191591995797947e-06,0.000607025257193237,0.41348733747072286,0.1328687451786056,True,1.068293574379986e-06
T30,edge,source_reverse,239,True,2.191591995797947e-06,0.000607025257193237,0.41348733747072286,0.1328687451786056,True,1.068293574379986e-06
T30,edge,source,240,True,2.155759272956988e-06,0.0008278443922993886,0.41348733747072286,0.1032247563736126,True,1.6938459889981328e-06
T30,edge,source_reverse,241,True,2.155759272956988e-06,0.0008278443922993886,0.41348733747072286,0.1032247563736126,True,1.6938459889981328e-06
T30,edge,source,242,True,1.580745752756505e-06,0.0008451444907049007,0.4085008144355824,0.10536289207297275,True,1.4600418211940802e-06
T30,edge,source_reverse,243,True,1.580745752756505e-06,0.0008451444907049007,0.4085008144355824,0.10536289207297275,True,1.4600418211940802e-06
T30,edge,source,244,True,3.938523672764981e-06,0.0008723348409196387,0.33734126862742225,0.15054773801680912,True,1.134145354408922e-06
T30,edge,source_reverse,245,True,3.938523672764981e-06,0.0008723348409196387,0.33734126862742225,0.15054773801680912,True,1.134145354408922e-06
T30,edge,source,246,True,1.2972656698296685e-06,0.00033494379106603183,0.4518774922399248,0.2553074517801745,True,5.306546847771987e-07
T30,edge,source_reverse,247,True,1.2972656698296685e-06,0.00033494379106603183,0.4518774922399248,0.2553074517801745,True,5.306546847771987e-07
T30,edge,source,248,True,3.1622930784692836e-06,0.0006476305044506794,0.3170239611894267,0.22171263274672748,True,3.121183204946032e-07
T30,edge,source_reverse,249,True,3.1622930784692836e-06,0.0006476305044506794,0.3170239611894267,0.22171263274672748,True,3.121183204946032e-07
T30,edge,source,250,True,6.075870080946719e-06,0.0010086966185167557,0.2629620589369677,0.13111400830469108,True,1.4500529116889815e-06
T30,edge,source_reverse,251,True,6.075870080946719e-06,0.0010086966185167557,0.2629620589369677,0.13111400830469108,True,1.4500529116889815e-06
T30,edge,source,252,True,1.766564475479258e-06,0.0006157276791096303,0.4644936690715101,0.0939561114899853,True,1.54943400726415e-06
T30,edge,source_reverse,253,True,1.766564475479258e-06,0.0006157276791096303,0.4644936690715101,0.0939561114899853,True,1.54943400726415e-06
T30,edge,source,254,True,3.0267788194244206e-06,0.0008998660826400561,0.33934483329462845,0.09382295582568359,True,1.4321808023409766e-06
T30,edge,source_reverse,255,True,3.0267788194244206e-06,0.0008998660826400561,0.33934483329462845,0.09382295582568359,True,1.4321808023409766e-06
T30,edge,source,256,True,2.9156169189525536e-06,0.0005609026451399458,0.35110628992871507,0.13933928312563046,True,6.298866757348254e-07
T30,edge,source_reverse,257,True,2.9156169189525536e-06,0.0005609026451399458,0.35110628992871507,0.13933928312563046,True,6.298866757348254e-07
T30,edge,source,258,True,6.392406937814804e-07,9.274748681252266e-05,0.6159927655111083,0.2444649056127677,True,6.288438479107317e-07
T30,edge,source_reverse,259,True,6.392406937814804e-07,9.274748681252266e-05,0.6159927655111083,0.2444649056127677,True,6.288438479107317e-07
T30,edge,source,260,True,4.150590174231734e-07,5.448119561597028e-05,0.6797282516799922,0.32661414393540006,True,4.04340012305493e-07
T30,edge,source_reverse,261,True,4.150590174231734e-07,5.448119561597028e-05,0.6797282516799922,0.32661414393540006,True,4.04340012305493e-07
T30,edge,source,262,True,3.941043103458081e-07,0.00025452623419645827,0.6214701931004033,0.3267089264722109,True,3.6955732954369047e-07
T30,edge,source_reverse,263,True,3.941043103458081e-07,0.00025452623419645827,0.6214701931004033,0.3267089264722109,True,3.6955732954369047e-07
T30,edge,source,264,True,2.946478659769857e-07,3.7429966361498394e-05,0.6537986339536237,0.3359590590191633,True,2.9404849627434615e-07
T30,edge,source_reverse,265,True,2.946478659769857e-07,3.7429966361498394e-05,0.6537986339536237,0.3359590590191633,True,2.9404849627434615e-07
T30,edge,source,266,True,4.970261418922717e-07,3.67717841477353e-05,0.7091287025033673,0.29509468164670927,True,4.82313944227819e-07
T30,edge,source_reverse,267,True,4.970261418922717e-07,3.67717841477353e-05,0.7091287025033673,0.29509468164670927,True,4.82313944227819e-07
T30,edge,source,268,True,5.549773319689503e-07,0.0002902315576319713,0.4730866224135947,0.2035268153365825,True,5.42506209760818e-07
T30,edge,source_reverse,269,True,5.549773319689503e-07,0.0002902315576319713,0.4730866224135947,0.2035268153365825,True,5.42506209760818e-07
T30,edge,source,270,True,5.74607523350315e-06,0.0011431965361285833,0.26247363789207523,0.09979880278388384,True,1.9535135009074445e-06
T30,edge,source_reverse,271,True,5.74607523350315e-06,0.0011431965361285833,0.26247363789207523,0.09979880278388384,True,1.9535135009074445e-06
T30,edge,source,272,True,2.9554673115289657e-06,0.0011501921827114785,0.2873468224853232,0.0864499046913272,True,1.9326426338173164e-06
T30,edge,source_reverse,273,True,2.9554673115289657e-06,0.0011501921827114785,0.2873468224853232,0.0864499046913272,True,1.9326426338173164e-06
T30,edge,source,274,True,1.951046536376693e-06,0.0009924419987677076,0.32800328785085303,0.09344444983825954,True,1.801037907478431e-06
T30,edge,source_reverse,275,True,1.951046536376693e-06,0.0009924419987677076,0.32800328785085303,0.09344444983825954,True,1.801037907478431e-06
T30,edge,source,276,True,1.3158805369721239e-05,0.001524581809606982,0.18462879585249162,0.143904856882165,True,1.1437303248373887e-06
T30,edge,source_reverse,277,True,1.3158805369721239e-05,0.001524581809606982,0.18462879585249162,0.143904856882165,True,1.1437303248373887e-06
T30,edge,source,278,True,1.246353833456054e-06,0.00045027717761392445,0.3558761969767569,0.25495260782036394,True,4.672645257386421e-07
T30,edge,source_reverse,279,True,1.246353833456054e-06,0.00045027717761392445,0.3558761969767569,0.25495260782036394,True,4.672645257386421e-07
T30,edge,source,280,True,5.83208910562517e-07,0.000336641335572952,0.33951454623369476,0.2635062393003878,True,3.106506812899923e-07
T30,edge,source_reverse,281,True,5.83208910562517e-07,0.000336641335572952,0.33951454623369476,0.2635062393003878,True,3.106506812899923e-07
T30,edge,source,282,True,4.311453751143837e-05,0.002707425408874285,0.1033676002688844,0.1497978918624107,True,4.1770310250932585e-06
T30,edge,source_reverse,283,True,4.311453751143837e-05,0.002707425408874285,0.1033676002688844,0.1497978918624107,True,4.1770310250932585e-06
T30,edge,source,284,True,2.383148656924042e-06,0.0010260828429876515,0.2813475403949778,0.09439715894452744,True,2.1376397595362917e-06
T30,edge,source_reverse,285,True,2.383148656924042e-06,0.0010260828429876515,0.2813475403949778,0.09439715894452744,True,2.1376397595362917e-06
T30,edge,source,286,True,2.307956480597368e-06,0.0012173087762221361,0.2956769926939967,0.08191199111568591,True,2.039946522425229e-06
T30,edge,source_reverse,287,True,2.307956480597368e-06,0.0012173087762221361,0.2956769926939967,0.08191199111568591,True,2.039946522425229e-06
T30,edge,source,288,True,1.1819022399715592e-05,0.0015783300776890906,0.1851223131831194,0.08764374302200291,True,1.4064732356822152e-06
T30,edge,source_reverse,289,True,1.1819022399715592e-05,0.0015783300776890906,0.1851223131831194,0.08764374302200291,True,1.4064732356822152e-06
T30,edge,source,290,True,1.0887349623566483e-06,0.0005280477843886809,0.35851223960728434,0.1818073706558647,True,6.396494489913085e-07
T30,edge,source_reverse,291,True,1.0887349623566483e-06,0.0005280477843886809,0.35851223960728434,0.1818073706558647,True,6.396494489913085e-07
T30,edge,source,292,True,6.672473080978016e-07,4.532243549498627e-05,0.6752647153347674,0.2742304086598409,True,6.366363797249974e-07
T30,edge,source_reverse,293,True,6.672473080978016e-07,4.532243549498627e-05,0.6752647153347674,0.2742304086598409,True,6.366363797249974e-07
T30,edge,source,294,True,4.13964079218292e-07,1.788854448343451e-05,0.6939523956373989,0.346237889632604,True,3.9625766803941254e-07
T30,edge,source_reverse,295,True,4.13964079218292e-07,1.788854448343451e-05,0.6939523956373989,0.346237889632604,True,3.9625766803941254e-07
T30,edge,source,296,True,5.372563695429e-07,0.00025010322259399575,0.6391284674651203,0.32595923412078776,True,3.6309518344768144e-07
T30,edge,source_reverse,297,True,5.372563695429e-07,0.00025010322259399575,0.6391284674651203,0.32595923412078776,True,3.6309518344768144e-07
T30,edge,source,298,True,3.088243417651278e-07,5.915117333884394e-06,0.6865622254000309,0.3356111051992737,True,2.9691237390938596e-07
T30,edge,source_reverse,299,True,3.088243417651278e-07,5.915117333884394e-06,0.6865622254000309,0.3356111051992737,True,2.9691237390938596e-07
T30,edge,source,300,True,5.107702178001231e-07,2.3334744287397123e-05,0.7450302738359271,0.30938466868940234,True,4.73446304632974e-07
T30,edge,source_reverse,301,True,5.107702178001231e-07,2.3334744287397123e-05,0.7450302738359271,0.30938466868940234,True,4.73446304632974e-07
T30,edge,source,302,True,5.845619011333244e-07,0.00014949574107909298,0.5146343991286296,0.225476965712957,True,5.26881172607796e-07
T30,edge,source_reverse,303,True,5.845619011333244e-07,0.00014949574107909298,0.5146343991286296,0.225476965712957,True,5.26881172607796e-07
T30,edge,source,304,True,3.47615541806994e-05,0.0023047614442710854,0.1089353718743401,0.10067966303538652,True,5.3557952995053615e-06
T30,edge,source_reverse,305,True,3.47615541806994e-05,0.0023047614442710854,0.1089353718743401,0.10067966303538652,True,5.3557952995053615e-06
T30,edge,source,306,True,3.1138916145767206e-05,0.002447220596020785,0.10939999080497936,0.08087986054409478,True,5.300293907523068e-06
T30,edge,source_reverse,307,True,3.1138916145767206e-05,0.002447220596020785,0.10939999080497936,0.08087986054409478,True,5.300293907523068e-06
T30,edge,source,308,True,2.412841520176105e-06,0.0003013905621860748,0.5308570092190772,0.08156153023135983,True,2.2787813155067393e-06
T30,edge,source_reverse,309,True,2.412841520176105e-06,0.0003013905621860748,0.5308570092190772,0.08156153023135983,True,2.2787813155067393e-06
T30,edge,source,310,False,0.0002675854629067959,0.007462900009789597,0.020282554250531524,0.13022191948577141,True,5.088466432517924e-06
T30,edge,source,312,True,1.0717732088167553e-05,0.0026016110922682267,0.1154383030459386,0.23385622707291326,True,4.0229185221951624e-07
T30,edge,source_reverse,313,True,1.0717732088167553e-05,0.0026016110922682267,0.1154383030459386,0.23385622707291326,True,4.0229185221951624e-07
T30,edge,source,314,True,4.688356518425818e-07,1.4158234202550827e-05,0.5730062835324695,0.3085106485662705,True,4.046996027184946e-07
T30,edge,source_reverse,315,True,4.688356518425818e-07,1.4158234202550827e-05,0.5730062835324695,0.3085106485662705,True,4.046996027184946e-07
T30,edge,source,316,True,6.799110534171187e-07,0.00030829505102300607,0.7021844489285759,0.217724186996948,True,5.596766282645049e-07
T30,edge,source_reverse,317,True,6.799110534171187e-07,0.00030829505102300607,0.7021844489285759,0.217724186996948,True,5.596766282645049e-07
T30,edge,source,318,True,7.135240500958313e-07,0.00028938518886254097,0.702156241459877,0.20387499954066818,True,4.189509951457726e-07
T30,edge,source_reverse,319,True,7.135240500958313e-07,0.00028938518886254097,0.702156241459877,0.20387499954066818,True,4.189509951457726e-07
T30,edge,source,320,True,5.677931029565186e-07,0.00024982473141994154,0.6822620891441182,0.211145233814943,True,4.0316565236286905e-07
T30,edge,source_reverse,321,True,5.677931029565186e-07,0.00024982473141994154,0.6822620891441182,0.211145233814943,True,4.0316565236286905e-07
T30,edge,source,322,True,6.833415373474856e-07,0.0003206474207701328,0.6854246733929917,0.1899679015310163,True,6.175843605960019e-07
T30,edge,source_reverse,323,True,6.833415373474856e-07,0.0003206474207701328,0.6854246733929917,0.1899679015310163,True,6.175843605960019e-07
T30,edge,source,324,True,7.53611584330263e-07,0.00021196983422669155,0.7001150349206572,0.21715385863044626,True,5.716354291862569e-07
T30,edge,source_reverse,325,True,7.53611584330263e-07,0.00021196983422669155,0.7001150349206572,0.21715385863044626,True,5.716354291862569e-07
T30,edge,source,326,True,7.520412581910508e-07,0.00037292516220171785,0.6553710581534489,0.19206891242925836,True,4.939378528134863e-07
T30,edge,source_reverse,327,True,7.520412581910508e-07,0.00037292516220171785,0.6553710581534489,0.19206891242925836,True,4.939378528134863e-07
T30,edge,source,328,True,8.690214873502168e-07,0.0004162258171311245,0.6736976167539961,0.17617019679935497,True,8.26735931880318e-07
T30,edge,source_reverse,329,True,8.690214873502168e-07,0.0004162258171311245,0.6736976167539961,0.17617019679935497,True,8.26735931880318e-07
T30,edge,source,330,True,7.612361622577858e-07,0.00023796097497812442,0.6930446811519786,0.1980632871923566,True,4.8583022466131e-07
T30,edge,source_reverse,331,True,7.612361622577858e-07,0.00023796097497812442,0.6930446811519786,0.1980632871923566,True,4.8583022466131e-07
T30,edge,source,332,True,7.519500698300088e-07,0.0001779519081661343,0.6432206036224319,0.24972284905671238,True,2.669047093062371e-07
T30,edge,source_reverse,333,True,7.519500698300088e-07,0.0001779519081661343,0.6432206036224319,0.24972284905671238,True,2.669047093062371e-07
T30,edge,source,334,True,1.0441377367681274e-06,0.0004866105347747603,0.6212647305961484,0.17062541509183685,True,8.113684589472481e-07
T30,edge,source_reverse,335,True,1.0441377367681274e-06,0.0004866105347747603,0.6212647305961484,0.17062541509183685,True,8.113684589472481e-07
T30,edge,source,336,True,1.0461581154788263e-06,0.0004921055313192838,0.666364155127004,0.1625704983574698,True,1.0018211462348159e-06
T30,edge,source_reverse,337,True,1.0461581154788263e-06,0.0004921055313192838,0.666364155127004,0.1625704983574698,True,1.0018211462348159e-06
T30,edge,source,338,True,6.836235176591246e-07,0.0002173889449615418,0.6664900082561621,0.18901172495054386,True,5.713783897132174e-07
T30,edge,source_reverse,339,True,6.836235176591246e-07,0.0002173889449615418,0.6664900082561621,0.18901172495054386,True,5.713783897132174e-07
T30,edge,source,340,True,4.656208077631093e-07,0.00017075686367115753,0.6732874144507569,0.27373047737491335,True,4.004453703632116e-07
T30,edge,source_reverse,341,True,4.656208077631093e-07,0.00017075686367115753,0.6732874144507569,0.27373047737491335,True,4.004453703632116e-07
T30,edge,source,342,True,1.2399535825221972e-06,0.00031886359760004726,0.5796524440174634,0.2058290179675428,True,4.0570154116736923e-07
T30,edge,source_reverse,343,True,1.2399535825221972e-06,0.00031886359760004726,0.5796524440174634,0.2058290179675428,True,4.0570154116736923e-07
T30,edge,source,344,True,1.2135165874360746e-06,0.0005596380423947998,0.5798805575443712,0.14987708246194348,True,9.857488799946967e-07
T30,edge,source_reverse,345,True,1.2135165874360746e-06,0.0005596380423947998,0.5798805575443712,0.14987708246194348,True,9.857488799946967e-07
T30,edge,source,346,True,9.092664125601771e-07,0.00045249761616756077,0.6301559458142533,0.14925001077433503,True,9.005367763159633e-07
T30,edge,source_reverse,347,True,9.092664125601771e-07,0.00045249761616756077,0.6301559458142533,0.14925001077433503,True,9.005367763159633e-07
T30,edge,source,348,True,7.585969598466659e-07,0.00019404342342198543,0.6356453186117299,0.1911803397519945,True,6.305726817368296e-07
T30,edge,source_reverse,349,True,7.585969598466659e-07,0.00019404342342198543,0.6356453186117299,0.1911803397519945,True,6.305726817368296e-07
T30,edge,source,350,True,5.066806070419941e-07,0.00015448585295559653,0.6797971934779178,0.28041980924013266,True,4.615382136197166e-07
T30,edge,source_reverse,351,True,5.066806070419941e-07,0.00015448585295559653,0.6797971934779178,0.28041980924013266,True,4.615382136197166e-07
T30,edge,source,352,True,1.327183119985181e-06,0.0002390779643389887,0.5526520444328081,0.23484908794337095,True,3.126563420385864e-07
T30,edge,source_reverse,353,True,1.327183119985181e-06,0.0002390779643389887,0.5526520444328081,0.23484908794337095,True,3.126563420385864e-07
T30,edge,source,354,True,1.5754358828891276e-06,0.0006216052636803463,0.5306301095380174,0.15196844480922747,True,1.0979741020822331e-06
T30,edge,source_reverse,355,True,1.5754358828891276e-06,0.0006216052636803463,0.5306301095380174,0.15196844480922747,True,1.0979741020822331e-06
T30,edge,source,356,True,1.1136458913121752e-06,0.000531556208445466,0.6041046092968064,0.13632779893613448,True,1.0394540755354065e-06
T30,edge,source_reverse,357,True,1.1136458913121752e-06,0.000531556208445466,0.6041046092968064,0.13632779893613448,True,1.0394540755354065e-06
T30,edge,source,358,True,9.704174921128845e-07,0.0005245700896495299,0.5841739788500879,0.14468177283963166,True,9.431230869050289e-07
T30,edge,source_reverse,359,True,9.704174921128845e-07,0.0005245700896495299,0.5841739788500879,0.14468177283963166,True,9.431230869050289e-07
T30,edge,source,360,True,7.437131750505644e-07,0.00011687035478948026,0.646841290837082,0.22516863811496926,True,6.630093212223187e-07
T30,edge,source_reverse,361,True,7.437131750505644e-07,0.00011687035478948026,0.646841290837082,0.22516863811496926,True,6.630093212223187e-07
T30,edge,source,362,True,3.6718138631114435e-07,0.000132909277424684,0.6609879833328697,0.3049322655017182,True,3.2652059736570926e-07
T30,edge,source_reverse,363,True,3.6718138631114435e-07,0.000132909277424684,0.6609879833328697,0.3049322655017182,True,3.2652059736570926e-07
T30,edge,source,364,True,1.5374628063910798e-06,0.0003036806971778875,0.5076018713194919,0.23451940666650242,True,3.3656444323182377e-07
T30,edge,source_reverse,365,True,1.5374628063910798e-06,0.0003036806971778875,0.5076018713194919,0.23451940666650242,True,3.3656444323182377e-07
T30,edge,source,366,True,2.0414852521162927e-06,0.0006945263634291846,0.4743229981377938,0.14819522517643957,True,1.318187246329705e-06
T30,edge,source_reverse,367,True,2.0414852521162927e-06,0.0006945263634291846,0.4743229981377938,0.14819522517643957,True,1.318187246329705e-06
T30,edge,source,368,True,1.5305963831708922e-06,0.0006586165076595101,0.5649707956158794,0.12393861362837237,True,1.3249697472794697e-06
T30,edge,source_reverse,369,True,1.5305963831708922e-06,0.0006586165076595101,0.5649707956158794,0.12393861362837237,True,1.3249697472794697e-06
T30,edge,source,370,True,1.148567957702724e-06,0.0006074489995501539,0.5287753752208524,0.12631422707651827,True,1.148292948338625e-06
T30,edge,source_reverse,371,True,1.148567957702724e-06,0.0006074489995501539,0.5287753752208524,0.12631422707651827,True,1.148292948338625e-06
T30,edge,source,372,True,9.327527192254108e-07,0.00021756826248667114,0.5667994672665776,0.19184518167946357,True,6.694378335558859e-07
T30,edge,source_reverse,373,True,9.327527192254108e-07,0.00021756826248667114,0.5667994672665776,0.19184518167946357,True,6.694378335558859e-07
T30,edge,source,374,True,5.793991658774344e-07,0.00010880171914961418,0.694475317791258,0.2836728629701568,True,5.686971457363743e-07
T30,edge,source_reverse,375,True,5.793991658774344e-07,0.00010880171914961418,0.694475317791258,0.2836728629701568,True,5.686971457363743e-07
T30,edge,source,376,True,3.8292056323384115e-07,0.00010684116723094944,0.5976332769922365,0.29681981919807837,True,2.9504639684208023e-07
T30,edge,source_reverse,377,True,3.8292056323384115e-07,0.00010684116723094944,0.5976332769922365,0.29681981919807837,True,2.9504639684208023e-07
T30,edge,source,378,True,2.7255837244637375e-06,0.0005070588927009352,0.4130607711052615,0.19753555005633905,True,6.532104060985588e-07
T30,edge,source_reverse,379,True,2.7255837244637375e-06,0.0005070588927009352,0.4130607711052615,0.19753555005633905,True,6.532104060985588e-07
T30,edge,source,380,True,2.7255837244637375e-06,0.0007664595693014157,0.4112469748753291,0.12726045246816295,True,1.4495128798086565e-06
T30,edge,source_reverse,381,True,2.7255837244637375e-06,0.0007664595693014157,0.4112469748753291,0.12726045246816295,True,1.4495128798086565e-06
T30,edge,source,382,True,1.666106456310842e-06,0.0008213599783658263,0.5053001774208049,0.1122783879539143,True,1.4904476208776885e-06
T30,edge,source_reverse,383,True,1.666106456310842e-06,0.0008213599783658263,0.5053001774208049,0.1122783879539143,True,1.4904476208776885e-06
T30,edge,source,384,True,1.77992811341217e-06,0.0008213595346324724,0.46504471492119004,0.11906419062223109,True,1.4021756009618969e-06
T30,edge,source_reverse,385,True,1.77992811341217e-06,0.0008213595346324724,0.46504471492119004,0.11906419062223109,True,1.4021756009618969e-06
T30,edge,source,386,True,8.543382187407073e-07,0.00021691060025127198,0.5480756654022069,0.20031578364751285,True,6.515413703556128e-07
T30,edge,source_reverse,387,True,8.543382187407073e-07,0.00021691060025127198,0.5480756654022069,0.20031578364751285,True,6.515413703556128e-07
T30,edge,source,388,True,5.56632332117551e-07,8.416060455517263e-05,0.6975098868597033,0.2904935686867578,True,5.526665400046316e-07
T30,edge,source_reverse,389,True,5.56632332117551e-07,8.416060455517263e-05,0.6975098868597033,0.2904935686867578,True,5.526665400046316e-07
T30,edge,source,390,True,2.8263558810487875e-07,8.388298918728377e-05,0.6106960174622698,0.3141335104549219,True,2.5462268743448035e-07
T30,edge,source_reverse,391,True,2.8263558810487875e-07,8.388298918728377e-05,0.6106960174622698,0.3141335104549219,True,2.5462268743448035e-07
T30,edge,source,392,True,2.8794429565670224e-06,0.0005376720457068476,0.37251017650942225,0.21608442521069246,True,3.341141685542226e-07
T30,edge,source_reverse,393,True,2.8794429565670224e-06,0.0005376720457068476,0.37251017650942225,0.21608442521069246,True,3.341141685542226e-07
T30,edge,source,394,True,3.827873183191069e-06,0.0008566617733129831,0.342171701077118,0.1311250620537768,True,1.5125781591407428e-06
T30,edge,source_reverse,395,True,3.827873183191069e-06,0.0008566617733129831,0.342171701077118,0.1311250620537768,True,1.5125781591407428e-06
T30,edge,source,396,True,1.7539057518273765e-06,0.0006613935971194394,0.5114297741128675,0.1016459908600897,True,1.5340026087162784e-06
T30,edge,source_reverse,397,True,1.7539057518273765e-06,0.0006613935971194394,0.5114297741128675,0.1016459908600897,True,1.5340026087162784e-06
T30,edge,source,398,True,2.4145351199462145e-06,0.0008905313427988455,0.3946096057104221,0.10171433042586459,True,1.5015724019462606e-06
T30,edge,source_reverse,399,True,2.4145351199462145e-06,0.0008905313427988455,0.3946096057104221,0.10171433042586459,True,1.5015724019462606e-06
T30,edge,source,400,True,2.2131860991432997e-06,0.0004944904834112225,0.4126012645073755,0.15288764118196094,True,7.225559114920621e-07
T30,edge,source_reverse,401,True,2.2131860991432997e-06,0.0004944904834112225,0.4126012645073755,0.15288764118196094,True,7.225559114920621e-07
T30,edge,source,402,True,7.249800535452729e-07,8.109052021984124e-05,0.6405867437292059,0.2519250231387413,True,7.187245650297491e-07
T30,edge,source_reverse,403,True,7.249800535452729e-07,8.109052021984124e-05,0.6405867437292059,0.2519250231387413,True,7.187245650297491e-07
T30,edge,source,404,True,4.285370258664842e-07,7.188956616053477e-05,0.6725468825230139,0.3296788253951485,True,4.125549920575011e-07
T30,edge,source_reverse,405,True,4.285370258664842e-07,7.188956616053477e-05,0.6725468825230139,0.3296788253951485,True,4.125549920575011e-07
T30,edge,source,406,True,4.612737815254048e-07,0.00013997462052742877,0.5240237104067601,0.29133293259933873,True,3.684731818276443e-07
T30,edge,source_reverse,407,True,4.612737815254048e-07,0.00013997462052742877,0.5240237104067601,0.29133293259933873,True,3.684731818276443e-07
T30,edge,source,408,True,5.880600445004999e-06,0.0008575504978620105,0.2680120857945614,0.17371135171447386,True,1.3365452702918112e-06
T30,edge,source_reverse,409,True,5.880600445004999e-06,0.0008575504978620105,0.2680120857945614,0.17371135171447386,True,1.3365452702918112e-06
T30,edge,source,410,True,5.505891334915629e-06,0.000992869374482424,0.2691521050365812,0.11150287757199431,True,1.5903799151506526e-06
T30,edge,source_reverse,411,True,5.505891334915629e-06,0.000992869374482424,0.2691521050365812,0.11150287757199431,True,1.5903799151506526e-06
T30,edge,source,412,True,1.8098801511027084e-06,0.0008368061948631435,0.4217727959773094,0.0924920508913087,True,1.587129568214607e-06
T30,edge,source_reverse,413,True,1.8098801511027084e-06,0.0008368061948631435,0.4217727959773094,0.0924920508913087,True,1.587129568214607e-06
T30,edge,source,414,True,3.5082799364979347e-06,0.0009634653077156117,0.31955110234097084,0.09508128132672782,True,1.4242697573829677e-06
T30,edge,source_reverse,415,True,3.5082799364979347e-06,0.0009634653077156117,0.31955110234097084,0.09508128132672782,True,1.4242697573829677e-06
T30,edge,source,416,True,1.8197482514847645e-06,0.0004704680149524284,0.39213502472114947,0.16831219823544163,True,6.456160309420422e-07
T30,edge,source_reverse,417,True,1.8197482514847645e-06,0.0004704680149524284,0.39213502472114947,0.16831219823544163,True,6.456160309420422e-07
T30,edge,source,418,True,6.425745000029674e-07,5.156679739517735e-05,0.6604862717171828,0.26601163867230154,True,6.355056547946436e-07
T30,edge,source_reverse,419,True,6.425745000029674e-07,5.156679739517735e-05,0.6604862717171828,0.26601163867230154,True,6.355056547946436e-07
T30,edge,source,420,True,3.7389112362562956e-07,4.528220966342104e-05,0.6757048676449448,0.34007251518383164,True,3.599616824334628e-07
T30,edge,source_reverse,421,True,3.7389112362562956e-07,4.528220966342104e-05,0.6757048676449448,0.34007251518383164,True,3.599616824334628e-07
T30,edge,source,422,True,3.4759061855487834e-07,9.120604562338408e-05,0.5281940276380374,0.3009620505922087,True,3.157123566188691e-07
T30,edge,source_reverse,423,True,3.4759061855487834e-07,9.120604562338408e-05,0.5281940276380374,0.3009620505922087,True,3.157123566188691e-07
T30,edge,source,424,True,1.2415210954905017e-05,0.0012527294765924824,0.19193974587199789,0.18016755184902067,True,1.6406749373254481e-06
T30,edge,source_reverse,425,True,1.2415210954905017e-05,0.0012527294765924824,0.19193974587199789,0.18016755184902067,True,1.6406749373254481e-06
T30,edge,source,426,True,1.2532847471347887e-05,0.0014642541617717133,0.189853670261457,0.11539422913805078,True,1.9884747114173873e-06
T30,edge,source_reverse,427,True,1.2532847471347887e-05,0.0014642541617717133,0.189853670261457,0.11539422913805078,True,1.9884747114173873e-06
T30,edge,source,428,True,2.137148192124089e-06,0.0007371913974611926,0.4342731258322054,0.08549654119130441,True,1.89672345335401e-06
T30,edge,source_reverse,429,True,2.137148192124089e-06,0.0007371913974611926,0.4342731258322054,0.08549654119130441,True,1.89672345335401e-06
T30,edge,source,430,True,6.667018113842472e-06,0.001255993314438017,0.2423776812740455,0.08584503701513024,True,1.6547158962765263e-06
T30,edge,source_reverse,431,True,6.667018113842472e-06,0.001255993314438017,0.2423776812740455,0.08584503701513024,True,1.6547158962765263e-06
T30,edge,source,432,True,3.988343322415678e-06,0.0007609441726214542,0.2935831324357566,0.14971395905553456,True,6.51756523084579e-07
T30,edge,source_reverse,433,True,3.988343322415678e-06,0.0007609441726214542,0.2935831324357566,0.14971395905553456,True,6.51756523084579e-07
T30,edge,source,434,True,6.765562281094046e-07,8.661911287917773e-05,0.6297150082145418,0.25538194140696335,True,6.516229029696063e-07
T30,edge,source_reverse,435,True,6.765562281094046e-07,8.661911287917773e-05,0.6297150082145418,0.25538194140696335,True,6.516229029696063e-07
T30,edge,source,436,True,4.685744239374491e-07,2.6398040527968538e-05,0.6936801791073746,0.33615626768003787,True,4.533217182189908e-07
T30,edge,source_reverse,437,True,4.685744239374491e-07,2.6398040527968538e-05,0.6936801791073746,0.33615626768003787,True,4.533217182189908e-07
T30,edge,source,438,True,3.210699890904266e-07,3.235340282647995e-05,0.5732130758575884,0.31248690444972366,True,3.069466679717081e-07
T30,edge,source_reverse,439,True,3.210699890904266e-07,3.235340282647995e-05,0.5732130758575884,0.31248690444972366,True,3.069466679717081e-07
T30,edge,source,440,True,5.865813703143764e-06,0.001321271197867816,0.18595505560854,0.22094789309905144,True,3.430892334399527e-07
T30,edge,source_reverse,441,True,5.865813703143764e-06,0.001321271197867816,0.18595505560854,0.22094789309905144,True,3.430892334399527e-07
T30,edge,source,442,True,3.914314365017921e-05,0.0025914858576327167,0.10874652708905452,0.13141311019857854,True,3.916962674682667e-06
T30,edge,source_reverse,443,True,3.914314365017921e-05,0.0025914858576327167,0.10874652708905452,0.13141311019857854,True,3.916962674682667e-06
T30,edge,source,444,True,2.419631811293759e-06,0.0004316448544065616,0.4626288487720691,0.08352819335397361,True,2.177098931077648e-06
T30,edge,source_reverse,445,True,2.419631811293759e-06,0.0004316448544065616,0.4626288487720691,0.08352819335397361,True,2.177098931077648e-06
T30,edge,source,446,True,1.0027114070924868e-05,0.0017558257216131756,0.17111213033023315,0.08149713908613518,True,1.8565175318452365e-06
T30,edge,source_reverse,447,True,1.0027114070924868e-05,0.0017558257216131756,0.17111213033023315,0.08149713908613518,True,1.8565175318452365e-06
T30,edge,source,448,True,1.5000269598472108e-05,0.0017255046319082528,0.16509651933208364,0.09981174924079003,True,7.350417413343191e-07
T30,edge,source_reverse,449,True,1.5000269598472108e-05,0.0017255046319082528,0.16509651933208364,0.09981174924079003,True,7.350417413343191e-07
T30,edge,source,450,True,6.857584989557269e-07,0.00022601470341133078,0.49026995654740363,0.21728575397206693,True,6.369881948298239e-07
T30,edge,source_reverse,451,True,6.857584989557269e-07,0.00022601470341133078,0.49026995654740363,0.21728575397206693,True,6.369881948298239e-07
T30,edge,source,452,True,6.330930940768771e-07,2.4223711491474025e-05,0.7306190375802817,0.30330089268333116,True,6.042930421612525e-07
T30,edge,source_reverse,453,True,6.330930940768771e-07,2.4223711491474025e-05,0.7306190375802817,0.30330089268333116,True,6.042930421612525e-07
T30,edge,source,454,True,2.6872878040706584e-07,6.156649318399953e-06,0.6851563321736911,0.3380094817785371,True,2.5281247242880944e-07
T30,edge,source_reverse,455,True,2.6872878040706584e-07,6.156649318399953e-06,0.6851563321736911,0.3380094817785371,True,2.5281247242880944e-07
T30,edge,source,456,True,3.550860095620538e-07,3.212731058884022e-05,0.4705936987148089,0.2954055114234612,True,2.96445543446211e-07
T30,edge,source_reverse,457,True,3.550860095620538e-07,3.212731058884022e-05,0.4705936987148089,0.2954055114234612,True,2.96445543446211e-07
T30,edge,source,458,False,0.00017117467164905095,0.007216280474447353,0.025766344731278357,0.16044624015072587,True,6.960162190150498e-06
T30,edge,source,460,True,1.2797603864528812e-05,0.0031300276913661007,0.08297374548732739,0.11003274465437789,True,2.3513092086424603e-06
T30,edge,source_reverse,461,True,1.2797603864528812e-05,0.0031300276913661007,0.08297374548732739,0.11003274465437789,True,2.3513092086424603e-06
T30,edge,source,462,True,2.600631555782662e-06,0.00049752958740576,0.4359997769142716,0.08104780947244171,True,2.3670205476222783e-06
T30,edge,source_reverse,463,True,2.600631555782662e-06,0.00049752958740576,0.4359997769142716,0.08104780947244171,True,2.3670205476222783e-06
T30,edge,source,464,True,5.1178253049330707e-05,0.0030423432935908126,0.08919424293991599,0.08255860679162344,True,3.723590712795266e-06
T30,edge,source_reverse,465,True,5.1178253049330707e-05,0.0030423432935908126,0.08919424293991599,0.08255860679162344,True,3.723590712795266e-06
T30,edge,source,466,True,4.89323314963278e-06,0.001358330527740575,0.1855005608122346,0.15558080691480872,True,6.200699604885784e-07
T30,edge,source_reverse,467,True,4.89323314963278e-06,0.001358330527740575,0.1855005608122346,0.15558080691480872,True,6.200699604885784e-07
T30,edge,source,468,True,6.815197283975144e-07,7.869551775057869e-05,0.6215297031116435,0.2534414363542272,True,6.068826058636123e-07
T30,edge,source_reverse,469,True,6.815197283975144e-07,7.869551775057869e-05,0.6215297031116435,0.2534414363542272,True,6.068826058636123e-07
T30,edge,cross_port,491,False,0.00024712444601376427,0.10105760815365007,0.6436547874944877,0.24514867150793912,True,4.291107554288409e-07
T30,edge,cross_port,497,False,0.00023162645832447483,0.09481919244738535,0.6927594084149475,0.22394917969695807,True,4.446396744128833e-07
T30,edge,cross_port,501,False,0.0002428180845424201,0.09927912862930753,0.6930284102893678,0.16475289079121316,True,8.662725610730782e-07
T30,edge,cross_port,520,False,0.00023817649430518879,0.09749627938036226,0.6932035220203413,0.2883824621048817,True,5.681362686416058e-07
T30,edge,cross_port,523,False,0.00024151032130407854,0.09897673848149206,0.5803669772455982,0.20602360248168533,True,4.090156378311338e-07
T30,edge,cross_port,529,False,0.0002492239630796325,0.10191515820451594,0.6746319977075442,0.15007688733334393,True,1.2164450200746746e-06
T30,edge,cross_port,537,False,0.000243286931446365,0.09954866889046739,0.6678487731718705,0.23465812924593876,True,5.38052377901943e-07
T30,edge,cross_port,538,False,0.00024111214086724864,0.09862795484856172,0.6985198984074383,0.2488004018283259,True,6.295527539557089e-07
T30,edge,cross_port,539,False,0.000243114458356093,0.09951827307224985,0.6985198984074383,0.2488004018283259,True,6.068473777098848e-07
T30,edge,cross_port,545,False,0.00024962256700038855,0.10198849529935183,0.6457053571655164,0.16543812283243722,True,8.999658406283473e-07
T30,edge,cross_port,546,False,0.00024077322423662794,0.09828791914149552,0.5552461721272779,0.14071452514858337,True,8.999658406283473e-07
T30,edge,cross_port,551,False,0.00022760814246183513,0.093163739164768,0.5532807521934404,0.23497591109936394,True,2.874090477833491e-07
T30,edge,cross_port,559,False,0.00024848140892602325,0.10168142675655614,0.6860431310713261,0.29834561889251604,True,2.675110207517317e-07
T30,edge,cross_port,564,False,0.000246539873926537,0.10089250216452902,0.7137680092862271,0.2891665727097157,True,3.4528235648423333e-07
T30,edge,cross_port,572,False,0.0002480461367705485,0.10149437216018076,0.6752415277556993,0.2984593252555319,True,2.3806340618270916e-07
T30,edge,cross_port,581,False,0.0002426061482275989,0.09915243238369535,0.565705973465356,0.14822338600063262,True,1.1580905791286344e-06
T30,edge,cross_port,586,False,0.0002428355709709502,0.09905604353475773,0.5553128949598051,0.14067252147453085,True,1.0178877419553256e-06
T30,edge,cross_port,588,False,0.00022250441613592332,0.09109919174607471,0.6472613914633325,0.22534283362245922,True,6.612161079500023e-07
T30,edge,cross_port,589,False,0.000229516569002223,0.09386749390993498,0.6357305422420085,0.22654773866084757,True,6.612161079500023e-07
T30,edge,cross_port,590,False,0.00024311295462356176,0.09952272262371184,0.667461966595278,0.23451298365252235,True,6.612161079500023e-07
T30,edge,cross_port,591,False,0.00022852277091512218,0.09348708263756546,0.6888157514545571,0.2634054089552457,True,5.459364191273686e-07
T30,edge,cross_port,595,False,0.00024279828032319563,0.09949880906818281,0.5517195927198105,0.16975635593077332,True,3.189871104480879e-07
T30,edge,cross_port,597,False,0.0002446917482158695,0.09976112393776003,0.5234597683255257,0.16975635593077332,True,6.438290389432222e-07
T30,edge,cross_port,602,False,0.0002293670717629224,0.09410751167708335,0.6260694808297277,0.12585936901817862,True,1.3822373535476995e-06
T30,edge,cross_port,606,False,0.00023014704309650552,0.09401604288334509,0.4836952181446617,0.15108313001657703,True,1.4797983116376923e-06
T30,edge,cross_port,607,False,0.00024775560910750093,0.10113343042800474,0.5049820316016502,0.16685452068200282,True,1.0295063639920166e-06
T30,edge,cross_port,615,False,0.00024003521196930218,0.09824835768375755,0.6753304846368001,0.30902760667780116,True,3.074933626334708e-07
T30,edge,cross_port,617,False,0.00023131917615996927,0.09467997750642246,0.6824480813321806,0.32467848402280974,True,2.0344874929190127e-07
T30,edge,cross_port,620,False,0.00023201953145642333,0.09492675420088074,0.7050637539335342,0.2837979454389868,True,4.3828615581276154e-07
T30,edge,cross_port,626,False,0.00022924275094098084,0.0938248579911077,0.7034427312069133,0.3340908706311175,True,3.2324953383455757e-07
T30,edge,cross_port,627,False,0.00024521310439681464,0.10035465552536253,0.6945965606768021,0.333055695571234,True,1.9900835007691242e-07
T30,edge,cross_port,628,False,0.0002328404962669079,0.09524778852380403,0.7034427312069133,0.32557117934666,True,2.1214511888856258e-07
T30,edge,cross_port,629,False,0.00022722690531314834,0.0929725500002341,0.6109172876347678,0.31194937250416854,True,1.9944883483669074e-07
T30,edge,cross_port,635,False,0.00024219092634710944,0.09991384965256377,0.4131478107345708,0.19778643354620937,True,6.56390851505595e-07
T30,edge,cross_port,639,False,0.00023367629675921482,0.09514153651539478,0.42726711622804225,0.21830565852432804,True,4.722686546276833e-07
T30,edge,cross_port,641,False,0.00022907104206521656,0.09355979430119823,0.5118803155456206,0.1311908270047625,True,1.4756624590883671e-06
T30,edge,cross_port,647,False,0.0002327876039673468,0.09525587394057346,0.5058603004066665,0.115901491148843,True,1.4197217620137703e-06
T30,edge,cross_port,648,False,0.00023323063397843126,0.095171462676783,0.5250927973629649,0.10184508529352239,True,2.2747634525477345e-06
T30,edge,cross_port,649,False,0.0002326553056788248,0.09520261105915902,0.5516622790791194,0.11408191372306249,True,1.4459760040441694e-06
T30,edge,cross_port,650,False,0.0002480641485262501,0.10131196439429806,0.5516622790791194,0.10346537588933905,True,2.2205290287624635e-06
T30,edge,cross_port,656,False,0.00023981921878983133,0.09817331398309836,0.6932804541720597,0.2755090611190067,True,5.803495379819168e-07
T30,edge,cross_port,658,False,0.00022826906138640246,0.0934776964954205,0.6888563406914937,0.2635591863547842,True,5.803495379819168e-07
T30,edge,cross_port,660,False,0.0002260037173172525,0.09241712851519597,0.6388980293488715,0.248337240176107,True,5.199296760904915e-07
T30,edge,cross_port,662,False,0.00023619270757723116,0.09675311813497645,0.6056283924187306,0.23296484061652098,True,5.629993745093209e-07
T30,edge,cross_port,665,False,0.0002298110048239762,0.09401201961322879,0.6388980293488715,0.248337240176107,True,5.312281873559588e-07
T30,edge,cross_port,666,False,0.0002300485074501202,0.09349268851895778,0.4127921729381741,0.14726767687591746,True,6.022530650295899e-07
T30,edge,cross_port,670,False,0.00023494788557364125,0.09661903141775917,0.41352651366449117,0.13305607973132144,True,1.0355871541412043e-06
T30,edge,cross_port,673,False,0.00024590586154448493,0.10032599214204645,0.5157712652631932,0.09408613115458665,True,2.616642190089724e-06
T30,edge,cross_port,674,False,0.00023617012449014552,0.09669979895923761,0.5543716097954056,0.10338507329035967,True,1.5582888290288643e-06
T30,edge,cross_port,683,False,0.0002371329904349741,0.09662521646075023,0.40661785179696824,0.23664863569408118,True,5.196696802878265e-07
T30,edge,cross_port,685,False,0.00024253797712909362,0.09932147474167814,0.40661785179696824,0.23664863569408118,True,3.1462632199552587e-07
T30,edge,cross_port,687,False,0.0002468049845217295,0.10173255444381815,0.40661785179696824,0.21849705439453462,True,5.325665584643424e-07
T30,edge,cross_port,688,False,0.00024145007709098492,0.0990851283093339,0.29986779341310316,0.2129177556796146,True,3.3642372720965596e-07
T30,edge,cross_port,689,False,0.0002442263447883189,0.09999659562136315,0.6110468185458006,0.31431717323685043,True,3.431349652194271e-07
T30,edge,cross_port,694,False,0.0002380295159828335,0.09739012701572781,0.6329605390103112,0.3267378000487431,True,3.2881589470679096e-07
T30,edge,cross_port,695,False,0.00022906881131564674,0.09373784662466622,0.7034676190365822,0.3342140584025614,True,1.6727801926963437e-07
T30,edge,cross_port,697,False,0.0002421045384886336,0.09902656952485617,0.7062772201506883,0.32564389660621934,True,3.6137758552268195e-07
T30,edge,cross_port,698,False,0.0002382484175732164,0.09749833257064762,0.7062772201506883,0.3423106616316509,True,3.7829285551294056e-07
T30,edge,cross_port,699,False,0.00023541691614218475,0.09638381166632347,0.7216908942185963,0.31303476800881636,True,4.909018091192596e-07
T30,edge,cross_port,703,False,0.00023552706464491108,0.09638548261077001,0.6798647289373112,0.35427960727806984,True,1.4019816349519765e-07
T30,edge,cross_port,704,False,0.00023253434902723033,0.0951587593639959,0.6783444319731291,0.3462779508662139,True,1.548325829214825e-07
T30,edge,cross_port,705,False,0.0002370505517395924,0.0969809112810851,0.691508812605947,0.34260149860452704,True,2.3737443513582868e-07
T30,edge,cross_port,706,False,0.00025001132140035453,0.10230870494093748,0.691508812605947,0.3562822105348382,True,2.0162912239829467e-07
T30,edge,cross_port,707,False,0.00023719798848871422,0.0970607295072794,0.6727012172466147,0.3503236035037146,True,1.4969669676068165e-07
T30,edge,cross_port,709,False,0.00024384432011265313,0.09982555404539893,0.5925619315143047,0.31417555668745645,True,2.769720298390066e-07
T30,edge,cross_port,710,False,0.00023493961027735785,0.09617585882213031,0.528775869777793,0.30109297299655485,True,2.719540208584448e-07
T30,edge,cross_port,712,False,0.00023661216942816928,0.09682895408532725,0.5732987615692797,0.31254109063744767,True,2.3532687590255286e-07
T30,edge,cross_port,714,False,0.0002489529443366929,0.10082661975776053,0.2988208514854253,0.21268253713142754,True,4.654348481902826e-07
T30,edge,cross_port,715,False,0.0002449309263868186,0.10063709417659142,0.2988208514854253,0.21268253713142754,True,5.284634946312039e-07
T30,edge,cross_port,717,False,0.00024282545611073616,0.10119584609094726,0.19279341669001507,0.1804863941399571,True,1.3924767696404938e-06
T30,edge,cross_port,720,False,0.0002465530217545107,0.10105765701098018,0.46534008376219965,0.127525491463532,True,1.5799974775465575e-06
T30,edge,cross_port,722,False,0.00023504741330383072,0.09638386489317045,0.4603807950776136,0.127525491463532,True,1.7156613682234312e-06
T30,edge,cross_port,726,False,0.000246800343527913,0.1009668164417971,0.4997481366797341,0.09382590718138498,True,1.8524535994879354e-06
T30,edge,cross_port,731,False,0.00024466211228046106,0.10100848253173585,0.35143993247732946,0.13958569273848204,True,7.917851869154724e-07
T30,edge,cross_port,735,False,0.00023113600088615533,0.0939117915455953,0.361529848006205,0.1463470815240118,True,4.3950932224201544e-07
T30,edge,cross_port,736,False,0.00023029601119472243,0.09472420701018541,0.361529848006205,0.13295025781381842,True,1.06766130589242e-06
T30,edge,cross_port,737,False,0.00024671666191764967,0.1010261314631728,0.6165396507430627,0.2446879178536231,True,6.194624105060331e-07
T30,edge,cross_port,739,False,0.00023783252815149977,0.09740729615127346,0.6307654398628859,0.24837203305603683,True,5.663114315546114e-07
T30,edge,cross_port,740,False,0.0002447300069488283,0.10011876706298312,0.6307654398628859,0.2506763677540071,True,6.806577386997414e-07
T30,edge,cross_port,741,False,0.00023282267934758403,0.09524785535728739,0.628900961983713,0.2506763677540071,True,5.663114315546114e-07
T30,edge,cross_port,746,False,0.0002443864896326668,0.10002314625155584,0.6755763930256308,0.2743797471664821,True,5.245998701275401e-07
T30,edge,cross_port,747,False,0.0002295896435283881,0.09398148403137231,0.6608760273847669,0.266212340555137,True,5.661972161952189e-07
T30,edge,cross_port,748,False,0.00023793954560165974,0.0973740610090731,0.7045013147745789,0.29168984779796076,True,4.0044857688159574e-07
T30,edge,cross_port,749,False,0.00023988979068303247,0.09797076263598048,0.45846174177849547,0.19921063067958544,True,6.102963305554265e-07
T30,edge,cross_port,750,False,0.00024588608899625406,0.10060386437557761,0.3595875427509449,0.18197518703654988,True,4.1878266221484495e-07
T30,edge,cross_port,752,False,0.00023418886757591275,0.09654608681191074,0.39251872080603967,0.16854704785118305,True,3.9785090547028723e-07
T30,edge,cross_port,756,False,0.00024253030702645214,0.09723621669466696,0.17211417122837785,0.09773309876284353,True,1.909644331110627e-06
T30,edge,cross_port,759,False,0.0002398701844570002,0.0983110591603905,0.5619501161621339,0.094175745279402,True,2.2504617242513625e-06
T30,edge,cross_port,760,False,0.00023353699170808998,0.09582073785121131,0.5619501161621339,0.09487596989327449,True,1.751551694934017e-06
T30,edge,cross_port,761,False,0.00024153564780427048,0.09856860583890133,0.528157918095579,0.08358546369511423,True,2.206593504278098e-06
T30,edge,cross_port,763,False,0.00023800316448429617,0.09742235369481751,0.281544612380884,0.14591644126028233,True,1.1243774454272604e-06
T30,edge,cross_port,765,False,0.00024003629326414897,0.09857257120590167,0.3076058304679726,0.14579736510194832,True,1.0836067516895032e-06
T30,edge,cross_port,768,False,0.00024495690048764897,0.0999500234409439,0.37273681658297575,0.25964298274759995,True,4.448633015019521e-07
T30,edge,cross_port,771,False,0.00023271277842497334,0.09521493387884697,0.6400427986908743,0.3307746064136448,True,3.361437949656043e-07
T30,edge,cross_port,774,False,0.0002378276327793795,0.09737587004689308,0.6329603557840187,0.3268678086120795,True,2.4430299219724283e-07
T30,edge,cross_port,779,False,0.0002379524818379774,0.09737772862818342,0.7356353597833377,0.31261270939072955,True,3.5799383735213297e-07
T30,edge,cross_port,782,False,0.00024534713696759057,0.10041006431107814,0.7356353597833377,0.31261270939072955,True,4.203418488835098e-07
T30,edge,cross_port,783,False,0.00024616909722483107,0.1007253936472444,0.709400403465402,0.2952777866116991,True,4.717919586116892e-07
T30,edge,cross_port,784,False,0.00023434998553400856,0.09588654697891857,0.7047804338500102,0.29187228673035714,True,4.6237818551730925e-07
T30,edge,cross_port,792,False,0.0002412997416375082,0.09873863271414099,0.659127997165103,0.3326457817815329,True,3.106796291896252e-07
T30,edge,cross_port,794,False,0.0002360532463135753,0.09662347762424679,0.6588535018180375,0.3260471373775237,True,2.652525355750779e-07
T30,edge,cross_port,799,False,0.00024571201031074866,0.10044362932025777,0.18648823797676636,0.14990294082423503,True,1.4429494501200235e-06
T30,edge,cross_port,805,False,0.0002457116906357546,0.10084788669092584,0.5362556887607163,0.10205675306520998,True,2.3040330367762873e-06
T30,edge,cross_port,806,False,0.00023483865375321575,0.0959650105394893,0.5621452313675486,0.09490623178707619,True,2.1295321013525825e-06
T30,edge,cross_port,808,False,0.00024167741186808546,0.0987789006063106,0.5578971126156177,0.09347677582318828,True,2.1295321013525825e-06
T30,edge,cross_port,810,False,0.00023867007652379565,0.09791211626201252,0.3631594987970899,0.08436001640817907,True,1.7794381030888928e-06
T30,edge,cross_port,811,False,0.00023318498767708272,0.09515700521704407,0.3631594987970899,0.08244997806821255,True,2.099190327869982e-06
T30,edge,cross_port,815,False,0.00024864456298941877,0.10098694702552242,0.18659870786727747,0.15559951390902496,True,4.169019625355208e-07
T30,edge,cross_port,816,False,0.0002444262394765988,0.100369885125544,0.2927376105129291,0.1632544443548058,True,5.51178838265054e-07
T30,edge,cross_port,817,False,0.00022940848507515762,0.09393843923713263,0.6299553927435918,0.2555004313165811,True,5.487326127373571e-07
T30,edge,cross_port,819,False,0.00022945145153364612,0.09392434634998731,0.6216887075137314,0.2535048614621904,True,5.487326127373571e-07
T30,edge,cross_port,825,False,0.0002287579270145555,0.09366008308326534,0.7271188135366757,0.29677590117393243,True,5.063745011080201e-07
T30,edge,cross_port,828,False,0.00022919651476399129,0.09380389176380763,0.4493494473761103,0.210728040816214,True,4.222476905624273e-07
T30,edge,cross_port,829,False,0.0002489470551841332,0.10184532605989076,0.4493494473761103,0.210728040816214,True,5.471581803195846e-07
T30,edge,cross_port,830,False,0.00024684392887931874,0.10165558516220906,0.35913312658588653,0.18206363645989806,True,3.8239684807539476e-07
T30,edge,cross_port,838,False,0.00024726852913636025,0.10148669457787561,0.5747137514090068,0.0846197125418682,True,2.342733442906031e-06
T30,edge,cross_port,843,False,0.000234745232634997,0.09878359522609513,0.18533649545343775,0.2213074808529407,True,6.263433147690733e-07
T30,edge,cross_port,843,False,0.0002347452326346368,0.09878359522609513,0.1853364954534374,0.2213074808529407,True,1.1593146444777158e-06
T30,edge,cross_port,846,False,0.00023550786497393328,0.09646204772984673,0.5735974004491674,0.31251465783938553,True,2.60001086743733e-07
T30,edge,cross_port,852,False,0.00024221422359818745,0.09912964112154062,0.7404500469910327,0.33624354087719055,True,3.2467969326988033e-07
T30,edge,cross_port,853,False,0.00023347628029006797,0.09550750151859289,0.7452428683509701,0.309559749337451,True,4.361063881130889e-07
T30,edge,cross_port,854,False,0.0002453813408984398,0.10042405938899737,0.7510820258680133,0.3149297469703261,True,4.2040099332285585e-07
T30,edge,cross_port,855,False,0.0002376678387180106,0.0973788941912596,0.7358378358828096,0.31265520449643036,True,3.3378960623275944e-07
T30,edge,cross_port,887,False,0.00023680263751454868,0.0969120961320879,0.6734893846335743,0.2715535261039998,True,2.551841735143334e-07
T30,edge,cross_port,891,False,0.00024318446074283692,0.09946897947972205,0.6927839479910708,0.22388139332250728,True,3.7262509353097606e-07
T30,edge,cross_port,907,False,0.00024538144875066307,0.1004783241119412,0.580460835650626,0.20600118804989845,True,4.7501820715778464e-07
T30,edge,cross_port,912,False,0.0002464650610495157,0.10079109066000166,0.674609932915378,0.15005473955445944,True,1.263921108080046e-06
T30,edge,cross_port,922,False,0.0002410623006788975,0.09859023598908535,0.7108942619049603,0.27773031139444065,True,2.5196590680565123e-07
T30,edge,cross_port,926,False,0.0002475974520523246,0.1013423515597434,0.6734920979587243,0.2885702908072426,True,1.8104979215838313e-07
T30,edge,cross_port,929,False,0.00024332219337358385,0.09959725091433523,0.6858401448822518,0.2982956597588283,True,4.174090603714653e-07
T30,edge,cross_port,935,False,0.00023105627682926358,0.09466078788988119,0.6423348623587158,0.18363392838225687,True,3.7284613230159636e-07
T30,edge,cross_port,941,False,0.0002276768979098703,0.09304317696550761,0.6715908833217954,0.1499354310343824,True,9.879769886922407e-07
T30,edge,cross_port,947,False,0.00024004613478301583,0.09854845164234383,0.5776578699735437,0.206046043996104,True,4.000164154915886e-07
T30,edge,cross_port,953,False,0.0002466725566618526,0.10083832418378713,0.6222516728632549,0.2860585638613571,True,4.2045182210848075e-07
T30,edge,cross_port,954,False,0.00023705633658494798,0.09695191690821521,0.5978742354075539,0.2860585638613571,True,2.5002667422557856e-07
T30,edge,cross_port,966,False,0.00024580903283943976,0.1007136540475381,0.6026168193200085,0.17934033223218465,True,5.9536588267739e-07
T30,edge,cross_port,970,False,0.00023236006435981983,0.09505503269784803,0.6890383330725894,0.2634914371448111,True,5.263178251002643e-07
T30,edge,cross_port,977,False,0.0002431565537275153,0.09951985523542338,0.6859329831647379,0.29846131278050153,True,2.6363578869981197e-07
T30,edge,cross_port,979,False,0.00023771623660301183,0.09729776959143324,0.6931365258467341,0.3139230429901571,True,4.790284854616633e-07
T30,edge,cross_port,982,False,0.00022848961593447014,0.09351075274219678,0.6534929695457719,0.3190705562005489,True,1.7617393963109684e-07
T30,edge,cross_port,987,False,0.00023219513401872177,0.09500596174820673,0.7157057880155546,0.2893598116023825,True,4.61804823825851e-07
T30,edge,cross_port,988,False,0.00024396609926431246,0.09989122354169783,0.7133545809186776,0.30725210447989054,True,6.362913944624182e-07
T30,edge,cross_port,994,False,0.00023213400345573938,0.09477508031806596,0.5057289469581608,0.1192483692292846,True,1.4739846654066024e-06
T30,edge,cross_port,995,False,0.00023955937884788278,0.0979100298378093,0.5544155668664138,0.12640319815835335,True,1.5088070534630127e-06
T30,edge,cross_port,998,False,0.00023223963924804433,0.0952571825648957,0.6189517154445742,0.13441762381549505,True,1.3919624601010927e-06
T30,edge,cross_port,1001,False,0.0002382833804510072,0.0976591575343907,0.5655259321627363,0.13441762381549505,True,1.2169815704898834e-06
T30,edge,cross_port,1002,False,0.00024243041256487118,0.09883366779766065,0.4140657011158839,0.1976115250504517,True,5.927707800168491e-07
T30,edge,cross_port,1004,False,0.0002463310080106458,0.10010010729422968,0.42762612991604004,0.20208311791407582,True,4.828286634950274e-07
T30,edge,cross_port,1005,False,0.00024011912904653128,0.09774573343267093,0.4706464437422986,0.20208311791407582,True,4.003790165796328e-07
T30,edge,cross_port,1006,False,0.0002414135406519815,0.09876746571055124,0.59802182119935,0.29683731192660706,True,2.77743305743261e-07
T30,edge,cross_port,1008,False,0.0002461019420413856,0.10062668550350813,0.6221625458373213,0.2977304803561808,True,5.199404201072788e-07
T30,edge,cross_port,1009,False,0.00023123998739755134,0.09458132604166732,0.6107401059139508,0.2977304803561808,True,3.590991010660183e-07
T30,edge,cross_port,1010,False,0.00024083364199939758,0.09857300702067437,0.6221625458373213,0.2977304803561808,True,3.6503355113626235e-07
T30,edge,cross_port,1011,False,0.00022976776661892844,0.0936457550785416,0.4521503892485712,0.2460827539735205,True,3.703608698613081e-07
T30,edge,cross_port,1014,False,0.00023122223553741276,0.09532483018244102,0.4276676107386797,0.21856154188385438,True,2.458735435806325e-07
T30,edge,cross_port,1026,False,0.00023835999362561663,0.09718283479722552,0.5256374840648681,0.10183281581640972,True,1.7608559396142809e-06
T30,edge,cross_port,1030,False,0.00023283288158849704,0.09539085945391837,0.49000701696783633,0.15770292655868612,True,2.212474988771973e-07
T30,edge,cross_port,1032,False,0.00023357892153140353,0.09518608419858528,0.49000701696783633,0.15770292655868612,True,4.159002049142213e-07
T30,edge,cross_port,1037,False,0.00024144760427460466,0.09876830485387623,0.6408119616542116,0.2519432846552531,True,6.57928657860074e-07
T30,edge,cross_port,1038,False,0.00023271671455880514,0.09522835583007525,0.6628114802581384,0.25370381790416346,True,6.802048682363893e-07
T30,edge,cross_port,1039,False,0.0002480282265648508,0.10150395816528184,0.6056991858033292,0.23292215208831732,True,6.57928657860074e-07
T30,edge,cross_port,1042,False,0.00024197560494300827,0.0990732952081425,0.7063499805910629,0.3254794931547763,True,5.219088631824853e-07
T30,edge,cross_port,1045,False,0.00022833510823667277,0.09344399923458142,0.6533391914696124,0.3191607341331538,True,1.7228517087963802e-07
T30,edge,cross_port,1049,False,0.0002449419747287066,0.1002559716547542,0.6726276880732256,0.3461673559011025,True,2.1934976823789754e-07
T30,edge,cross_port,1059,False,0.00024074101866321718,0.098436604920857,0.6051172443840248,0.2327454945210288,True,7.031548430180834e-07
T30,edge,cross_port,1065,False,0.00023324231540582457,0.09477689918555093,0.40935648628243887,0.1328687451786056,True,1.068293574379986e-06
T30,edge,cross_port,1069,False,0.0002484192826014222,0.10180142823992037,0.5759310519762134,0.10536289207297275,True,2.078870873251093e-06
T30,edge,cross_port,1070,False,0.00024266403600493554,0.09901801229896993,0.5158876611546515,0.09404477535890164,True,1.844847194676369e-06
T30,edge,cross_port,1075,False,0.00023754372769712776,0.09699046264006894,0.32837975522272617,0.14388989285409037,True,1.2777064305746766e-06
T30,edge,cross_port,1077,False,0.00023973659421396126,0.09780884966547133,0.30820971579917145,0.14579744058939392,True,1.1877932368509203e-06
T30,edge,cross_port,1078,False,0.00022852393692109673,0.09393143002179721,0.4518774922399248,0.24620269712460569,True,3.8894478934792254e-07
T30,edge,cross_port,1081,False,0.0002449760128515264,0.10030822848206322,0.6046030049661989,0.31423885784622624,True,2.130541571498945e-07
T30,edge,cross_port,1084,False,0.00024416990936018115,0.10118070998281152,0.2994369222580662,0.21300811739378483,True,3.6019824581345894e-07
T30,edge,cross_port,1085,False,0.00024385896539351327,0.10042468362320844,0.3170239611894267,0.21614166349279987,True,6.249487842224788e-07
T30,edge,cross_port,1087,False,0.0002511647494999336,0.10208650590100898,0.3170239611894267,0.22171263274672748,True,5.042524078013866e-07
T30,edge,cross_port,1088,False,0.0002362766851275563,0.09612985379512956,0.3170239611894267,0.22171263274672748,True,4.777549373613521e-07
T30,edge,cross_port,1096,False,0.00024684394263992657,0.10104062231353572,0.5003300106475981,0.09382594883579837,True,1.6359402684462676e-06
T30,edge,cross_port,1102,False,0.00024877348555207797,0.10095738224577946,0.35110628992871507,0.13933928312563046,True,2.4847498020230674e-07
T30,edge,cross_port,1105,False,0.00023383768996645786,0.09618364866333551,0.35110628992871507,0.13291207809283762,True,1.0576887704005777e-06
T30,edge,cross_port,1107,False,0.00024202286468424458,0.0983573608698923,0.35110628992871507,0.13933928312563046,True,4.691886065499862e-07
T30,edge,cross_port,1108,False,0.0002468718447102566,0.10097645579224673,0.6159927655111083,0.2444649056127677,True,7.171214831958039e-07
T30,edge,cross_port,1109,False,0.00024702210195283616,0.10110359392635321,0.6159927655111083,0.2444649056127677,True,5.741957198324155e-07
T30,edge,cross_port,1110,False,0.00023723177540209216,0.09713963769669698,0.6159927655111083,0.2444649056127677,True,5.686603957444358e-07
T30,edge,cross_port,1112,False,0.00024888409824010187,0.10180686622152108,0.6159927655111083,0.2444649056127677,True,5.686603957444358e-07
T30,edge,cross_port,1113,False,0.0002419687939921884,0.09899162942466713,0.6159927655111083,0.2444649056127677,True,6.890653438396122e-07
T30,edge,cross_port,1118,False,0.0002443528534789327,0.10000636621219483,0.7251297665209449,0.32661414393540006,True,3.904341958349544e-07
T30,edge,cross_port,1120,False,0.0002378655684043331,0.09735275602289732,0.6782241831543439,0.3463133969758565,True,2.203968058334116e-07
T30,edge,cross_port,1122,False,0.00023552256449553942,0.09638592216617904,0.6797282516799922,0.3541873918697174,True,1.3618139180215927e-07
T30,edge,cross_port,1123,False,0.00023880038365604376,0.09771550146750635,0.6797282516799922,0.3541873918697174,True,3.705920327001788e-07
T30,edge,cross_port,1124,False,0.0002419547399240446,0.09900419211752516,0.6797282516799922,0.3518316207864202,True,3.396646374997925e-07
T30,edge,cross_port,1126,False,0.00024050198340252747,0.09841569829984889,0.6537986339536237,0.3326890856396998,True,2.4537643378286234e-07
T30,edge,cross_port,1129,False,0.00023800107470374447,0.09738401010099132,0.6537986339536237,0.33555499014628676,True,2.823613667046754e-07
T30,edge,cross_port,1133,False,0.00023810176773006344,0.09744076128309122,0.7063101538935265,0.34244193989981453,True,2.0229167424501426e-07
T30,edge,cross_port,1138,False,0.00024029208824460715,0.09833285491369122,0.7091287025033673,0.29509468164670927,True,3.888557040254703e-07
T30,edge,cross_port,1141,False,0.00023400272854460347,0.09578953773476617,0.3595580260295972,0.1819858091513126,True,4.166525276461108e-07
T30,edge,cross_port,1143,False,0.00023836416936483663,0.09778246807059185,0.2873468224853232,0.0978774234899046,True,1.9326426338173164e-06
T30,edge,cross_port,1145,False,0.00023643317177732967,0.094815085163191,0.1721447464707103,0.0992562405626947,True,1.9326426338173164e-06
T30,edge,cross_port,1147,False,0.0002438352922696242,0.0999787121602246,0.5576548186225679,0.09328815898130806,True,2.201622114950119e-06
T30,edge,cross_port,1148,False,0.0002362981587116209,0.09642384548607738,0.5281048359877235,0.08358447132630117,True,2.1659435956722373e-06
T30,edge,cross_port,1149,False,0.00024041370735980932,0.09864229750228544,0.5576548186225679,0.09344444983825954,True,1.8197966135946597e-06
T30,edge,cross_port,1150,False,0.00024002874600907676,0.09824075954792787,0.3087347589990818,0.143904856882165,True,1.1437303248373887e-06
T30,edge,cross_port,1151,False,0.0002321669496365023,0.09487704439357926,0.28188380053411005,0.143904856882165,True,1.1437303248373887e-06
T30,edge,cross_port,1153,False,0.00023810339583832474,0.09774273286130973,0.32800328785085303,0.1438898211478831,True,1.1437303248373887e-06
T30,edge,cross_port,1155,False,0.00024024251648122847,0.09797342006294107,0.3558761969767569,0.25495260782036394,True,4.6575701595497065e-07
T30,edge,cross_port,1157,False,0.00023417295312309986,0.0955590247508957,0.3558761969767569,0.25495260782036394,True,4.457342455133073e-07
T30,edge,cross_port,1159,False,0.00023799212746405428,0.09738336951963718,0.6391266897010461,0.32595927022269594,True,2.82175854487976e-07
T30,edge,cross_port,1162,False,0.00023423039827431404,0.09586734158739196,0.6391266897010461,0.32609062280239803,True,2.1849540604579332e-07
T30,edge,cross_port,1163,False,0.000237362931192951,0.09714978771290916,0.6391266897010461,0.32609062280239803,True,4.1165084171956856e-07
T30,edge,cross_port,1166,False,0.0002460609679040209,0.10056089828146833,0.33951454623369476,0.2635062393003878,True,3.993543926383847e-07
T30,edge,cross_port,1173,False,0.0002450962298814835,0.10057327376563294,0.5814724692916106,0.09439715894452744,True,2.0757444323671326e-06
T30,edge,cross_port,1176,False,0.00024822470801025894,0.10136849392840049,0.5748189338490961,0.08467185865259177,True,2.389336815900034e-06
T30,edge,cross_port,1182,False,0.00024624090670015354,0.10076998259814192,0.35851223960728434,0.1818073706558647,True,4.397437091407941e-07
T30,edge,cross_port,1183,False,0.00023443166888023945,0.09590963586733724,0.35851223960728434,0.1818073706558647,True,4.49178720940413e-07
T30,edge,cross_port,1184,False,0.0002374848290235036,0.09776428803632327,0.35851223960728434,0.16839123474656087,True,6.458385002350298e-07
T30,edge,cross_port,1187,False,0.00024576412365694166,0.10058822898470417,0.6419859006503967,0.26073802146886454,True,5.909599239684038e-07
T30,edge,cross_port,1190,False,0.00024437249679523627,0.10002979758990824,0.6752647153347674,0.2742304086598409,True,5.496022179862781e-07
T30,edge,cross_port,1192,False,0.00024358038005928317,0.09963770228588886,0.7403324833359671,0.3363167288206817,True,3.98756744540707e-07
T30,edge,cross_port,1193,False,0.00023552099772976133,0.09636019454104874,0.7446069635560321,0.34311897716668877,True,2.9060459466601074e-07
T30,edge,cross_port,1197,False,0.0002487489159001818,0.1018239509786005,0.675858792009672,0.34912098397009883,True,1.789662422979621e-07
T30,edge,cross_port,1204,False,0.00024902551398789147,0.10189464053539711,0.7403456680054928,0.3643143282524097,True,2.0176576415176228e-07
T30,edge,cross_port,1205,False,0.00024119649738214762,0.09873934875435518,0.7224385286798981,0.36603378591233077,True,1.6196084312580794e-07
T30,edge,cross_port,1209,False,0.0002462580410775312,0.10082150221070597,0.7450350675373562,0.30938466868940234,True,5.000474120886444e-07
T30,edge,cross_port,1211,False,0.00024103105504594095,0.09877327375451922,0.7357514118887599,0.30938466868940234,True,3.6538473746627886e-07
T30,edge,cross_port,1212,False,0.000223500677523479,0.09163399860357381,0.49066864828196183,0.217439360694524,True,3.8252194284327246e-07
T30,edge,cross_port,1213,False,0.00024883412909441427,0.10188771351782858,0.4503922834373903,0.2109549278905198,True,4.699283049081071e-07
T30,edge,cross_port,1216,False,0.0002443163261820529,0.10135692149862041,0.10939999080497936,0.09215885653882333,True,5.300293907523068e-06
T30,edge,cross_port,1220,False,0.00023342272469923116,0.09556503629910153,0.43691733901933416,0.08094030316296845,True,2.108973971043371e-06
T30,edge,cross_port,1221,False,0.0002489009359546229,0.10186199794629916,0.45375568455623383,0.13022191948577141,True,1.9297035830090348e-06
T30,edge,cross_port,1223,False,0.0002313936435137384,0.09441791861041844,0.5308570092190772,0.1101750347212332,True,2.0136350375454803e-06
T30,edge,cross_port,1224,False,0.0002492846995794975,0.10185269046630142,0.11543505178821056,0.233851292298748,True,2.2086170450852372e-07
T30,edge,cross_port,1224,False,0.0002495430432620389,0.10380534446706392,0.11543505178821056,0.233851292298748,True,3.876198516605811e-07
T30,edge,cross_port,1224,False,0.0002492846995794091,0.10185269046987977,0.1154383030459386,0.23385622707291326,True,2.2729124510290077e-07
T30,edge,cross_port,1224,False,0.000249543043262216,0.103805344474086,0.1154383030459386,0.23385622707291326,True,3.876198517716034e-07
T30,edge,cross_port,1225,False,0.00023517035750628075,0.09717242669673465,0.11543505178821056,0.22097313500387272,True,6.885598304862128e-07
T30,edge,cross_port,1225,False,0.00023517035750643604,0.09717242668923325,0.1154383030459386,0.22097313500387272,True,6.885598302086571e-07
T30,edge,cross_port,1227,False,0.00024898109405572627,0.10186198309033273,0.5730062835324695,0.3085106485662705,True,4.047565549392118e-07
T30,edge,cross_port,1228,False,0.00023484771436288376,0.09613691883066518,0.571617771195947,0.3085106485662705,True,2.472259932329024e-07
T30,edge,cross_port,1230,False,0.00023759963344932355,0.09738142504361809,0.6393700347230367,0.32595927325877816,True,2.2485659206816777e-07
T30,edge,cross_port,1234,False,0.0002298586639706961,0.09408294579658673,0.6593053874114841,0.325979627841108,True,3.1537093506117664e-07
T30,edge,cross_port,1272,False,0.0002434970484243743,0.09951041130558652,0.6429165379562864,0.18376362319124864,True,3.62752219512652e-07
T30,edge,cross_port,1276,False,0.0002425419760152607,0.0992332286728371,0.7180932740231952,0.2737708204672236,True,3.0746386900371014e-07
T30,edge,cross_port,1288,False,0.0002310433216705704,0.09440651653584306,0.642883875731266,0.18374508019464272,True,3.7929883514586926e-07
T30,edge,cross_port,1290,False,0.0002452793544950324,0.10022034758855954,0.6360517406852999,0.18901172495054386,True,7.477454140869533e-07
T30,edge,cross_port,1303,False,0.00023996528762365002,0.09818366115542515,0.6610593362095156,0.2884263586811843,True,4.79602251440836e-07
T30,edge,cross_port,1307,False,0.0002426254154528812,0.09911532000593164,0.5798805575443712,0.2058290179675428,True,4.0570154116736923e-07
T30,edge,cross_port,1320,False,0.00023302850101455816,0.09533438547948787,0.706496827391766,0.27143873723704987,True,4.456550802556247e-07
T30,edge,cross_port,1321,False,0.0002469337131747142,0.1010576456901615,0.7137400709312578,0.28041980924013266,True,4.3915335842803493e-07
T30,edge,cross_port,1324,False,0.00024976301876121753,0.1022060070755185,0.6797971934779178,0.2984773823566295,True,3.041029862649314e-07
T30,edge,cross_port,1327,False,0.0002483890774661842,0.10167283920424364,0.6797971934779178,0.3061945472631304,True,1.9666252862315936e-07
T30,edge,cross_port,1328,False,0.0002340932962418109,0.09585273866857978,0.6733695074548424,0.2886176499949338,True,3.308339101282254e-07
T30,edge,cross_port,1332,False,0.00024258978828501398,0.09960058741449117,0.5526520444328081,0.21920190621072766,True,4.267913915612098e-07
T30,edge,cross_port,1337,False,0.0002382378679146916,0.09734712297951899,0.5656858854846398,0.14823651205750427,True,1.1451323322364537e-06
T30,edge,cross_port,1340,False,0.00022893977623189823,0.09370470591713964,0.6041046092968064,0.14468177283963166,True,9.431230869050289e-07
T30,edge,cross_port,1343,False,0.00022878897796213858,0.09346634404382281,0.5841457356403599,0.12646991933904617,True,1.4230702338746681e-06
T30,edge,cross_port,1344,False,0.00024095955421814114,0.09825438902425457,0.5061249745405773,0.11925066890845373,True,1.3785840332625199e-06
T30,edge,cross_port,1350,False,0.0002465507410273985,0.10093570237230495,0.7133371660478814,0.3049322655017182,True,6.485030282776805e-07
T30,edge,cross_port,1352,False,0.00022993110008637151,0.09408770179418176,0.6609879833328697,0.31276232329485604,True,4.252803528781435e-07
T30,edge,cross_port,1354,False,0.00022966516818440655,0.09397610098885169,0.6534032004286787,0.31276232329485604,True,3.636233631143515e-07
T30,edge,cross_port,1357,False,0.00023292840308894103,0.09530185118034717,0.6609879833328697,0.2984135276870368,True,1.4668494219272077e-07
T30,edge,cross_port,1358,False,0.0002292800839579816,0.09409651845867589,0.5076018713194919,0.23216497384106013,True,4.914175409653776e-07
T30,edge,cross_port,1360,False,0.00024770787794792275,0.10094031510720224,0.476178102852013,0.23451940666650242,True,3.0218072871734947e-07
T30,edge,cross_port,1366,False,0.0002432606767409318,0.09959473943793039,0.5649707956158794,0.14819522517643957,True,1.318187246329705e-06
T30,edge,cross_port,1371,False,0.00023629142822559568,0.09637007526440691,0.5062174490388008,0.11913128304545892,True,1.1407005642560808e-06
T30,edge,cross_port,1372,False,0.00022933880431827883,0.09390526480520199,0.583961315514483,0.12631422707651827,True,1.2375809750053701e-06
T30,edge,cross_port,1374,False,0.0002346288257361973,0.09588307383850357,0.583961315514483,0.11415268259656129,True,1.7230877970564329e-06
T30,edge,cross_port,1376,False,0.0002494437550916708,0.10208164794698316,0.5241093861135471,0.18148188832137913,True,3.970013020826446e-07
T30,edge,cross_port,1379,False,0.00022797775942053,0.09354084643102954,0.5667994672665776,0.1794231342432002,True,6.955836848177022e-07
T30,edge,cross_port,1381,False,0.00024007925553597511,0.09823802761363469,0.704901568257822,0.2836728629701568,True,4.830727398374979e-07
T30,edge,cross_port,1383,False,0.0002438594459902533,0.0998329996686301,0.6890201153213881,0.26362071155745187,True,5.924750682562152e-07
T30,edge,cross_port,1385,False,0.00024337442994843943,0.09960761818345153,0.694475317791258,0.3330293015733829,True,3.922702845882142e-07
T30,edge,cross_port,1386,False,0.00024531038544390563,0.10038662602884264,0.694475317791258,0.3330293015733829,True,1.7546835068271704e-07
T30,edge,cross_port,1391,False,0.0002307314822045617,0.09433665212700071,0.5976332769922365,0.29681981919807837,True,5.122877430041584e-07
T30,edge,cross_port,1394,False,0.00024577952257646426,0.09978418568565318,0.4130607711052615,0.19753555005633905,True,6.532104060985588e-07
T30,edge,cross_port,1395,False,0.0002508250416137592,0.10170907255009744,0.3727912242316894,0.19753555005633905,True,6.532104060985588e-07
T30,edge,cross_port,1405,False,0.00024445841273725157,0.10030817738848011,0.5480756654022069,0.19194260610811914,True,5.985139757136437e-07
T30,edge,cross_port,1406,False,0.00024118929989653463,0.09913140019867336,0.5234912408024184,0.18149919087288818,True,4.649259538469508e-07
T30,edge,cross_port,1411,False,0.0002491514202257768,0.10191498182815234,0.6975098868597033,0.33423766858505927,True,2.8237337063030665e-07
T30,edge,cross_port,1412,False,0.00024320755495732223,0.09952599775329907,0.6945078890841734,0.33317031906226197,True,2.204527363713904e-07
T30,edge,cross_port,1413,False,0.000248086071281972,0.10151811194447875,0.6975098868597033,0.34232592628632486,True,1.6408702088743787e-07
T30,edge,cross_port,1422,False,0.0002457066047418126,0.09983061030722945,0.37251017650942225,0.21608442521069246,True,4.906375218050041e-07
T30,edge,cross_port,1425,False,0.0002475567976390123,0.10202536142969124,0.37251017650942225,0.19770476017593594,True,7.829552797766759e-07
T30,edge,cross_port,1426,False,0.0002397181755629903,0.09785643963367645,0.37251017650942225,0.21608442521069246,True,3.65929552381683e-07
T30,edge,cross_port,1430,False,0.0002479016788383025,0.10157416023483141,0.4609723611539748,0.1311250620537768,True,1.5229216386303257e-06
T30,edge,cross_port,1431,False,0.00023467781994277086,0.09595753462664039,0.5114297741128675,0.1272805613940183,True,1.5125781591407428e-06
T30,edge,cross_port,1433,False,0.0002435327272357343,0.09969800933133727,0.5248656261263327,0.10171433042586459,True,1.6182015045718146e-06
T30,edge,cross_port,1438,False,0.00023957631246683206,0.09777095417834605,0.42273338555840445,0.09511954028214861,True,1.517981539939095e-06
T30,edge,cross_port,1439,False,0.00022745826446820923,0.09367224635064239,0.4126012645073755,0.147399802840885,True,8.115872555947146e-07
T30,edge,cross_port,1441,False,0.0002428673649607563,0.09948519657993116,0.35215885919888057,0.139568846482668,True,4.6622639596205495e-07
T30,edge,cross_port,1442,False,0.00023438096485081075,0.09627468615272712,0.4126012645073755,0.15288764118196094,True,6.699952774524842e-07
T30,edge,cross_port,1443,False,0.0002455921433786317,0.09982640698529975,0.3921808053255518,0.15288764118196094,True,5.227374381133743e-07
T30,edge,cross_port,1444,False,0.00023041651221753995,0.0947683158102381,0.40935665942967026,0.13302896396341152,True,1.0468650346318054e-06
T30,edge,cross_port,1448,False,0.0002339689756757112,0.09571223056579205,0.6405867437292059,0.2519250231387413,True,6.546397973705709e-07
T30,edge,cross_port,1449,False,0.0002404555983545958,0.09853828940366607,0.605539756936674,0.2329669111395495,True,6.546397973705709e-07
T30,edge,cross_port,1452,False,0.0002420168555939089,0.09899855976995361,0.7195060327164572,0.3172333291410386,True,4.49127068619104e-07
T30,edge,cross_port,1454,False,0.0002440400215115354,0.09987934534009771,0.7133649674716332,0.3255320020157207,True,2.760395431677942e-07
T30,edge,cross_port,1460,False,0.00024334547608869956,0.09946633688391271,0.5240150363782574,0.29133293259933873,True,3.412940251246166e-07
T30,edge,cross_port,1461,False,0.00023795961384255295,0.09733420260724851,0.5240237104067601,0.29133293259933873,True,5.137121020237778e-07
T30,edge,cross_port,1463,False,0.0002424018771952824,0.09785605120630614,0.2677751950888033,0.17371135171447386,True,1.3365452702918112e-06
T30,edge,cross_port,1467,False,0.00024196094481418869,0.09918859572167722,0.4879259825027173,0.11150287757199431,True,1.714450348133667e-06
T30,edge,cross_port,1469,False,0.000244757490642522,0.10013020262728167,0.4217727959773094,0.09373823614021844,True,1.820552012393728e-06
T30,edge,cross_port,1471,False,0.00023922843910123852,0.0981132949152353,0.4217727959773094,0.09508128132672782,True,1.5922981405347425e-06
T30,edge,cross_port,1475,False,0.0002430454232809292,0.10012023297130371,0.39213502472114947,0.15301665175744283,True,8.402839421772779e-07
T30,edge,cross_port,1476,False,0.0002454363885042463,0.09984612089736973,0.2935912445410618,0.163261348201762,True,3.67213190188842e-07
T30,edge,cross_port,1478,False,0.00023854403635283742,0.09852127675283853,0.35127509322018485,0.13956394440292585,True,8.320756139101881e-07
T30,edge,cross_port,1481,False,0.00024589392324088165,0.10063335983125789,0.630101778125136,0.2555028293329222,True,5.668195821040278e-07
T30,edge,cross_port,1482,False,0.00024186319088935037,0.0990602691435267,0.6164765713901238,0.24468515348079442,True,5.996913568229179e-07
T30,edge,cross_port,1484,False,0.0002444203670778956,0.1000259016302801,0.6415766158582472,0.26057847656909666,True,5.668195821040278e-07
T30,edge,cross_port,1485,False,0.00024372682828974784,0.09972578177102684,0.7216397185148219,0.3298318145942708,True,3.515369544349056e-07
T30,edge,cross_port,1487,False,0.0002464966622861153,0.10086097431281223,0.727154931987713,0.3362147675362952,True,3.4727652623023353e-07
T30,edge,cross_port,1488,False,0.00023576421805776834,0.09648337338179877,0.727154931987713,0.34007251518383164,True,3.178342083409724e-07
T30,edge,cross_port,1489,False,0.0002403522529441895,0.09837175012693702,0.6725609822019794,0.34909196142910426,True,1.5962384544709884e-07
T30,edge,cross_port,1492,False,0.00024889759864371027,0.10184214241601174,0.6757048676449448,0.34909196142910426,True,3.7593744389718964e-07
T30,edge,cross_port,1499,False,0.00024896440555047245,0.10136963339781968,0.19193974587199789,0.18016755184902067,True,1.6406749373254481e-06
T30,edge,cross_port,1501,False,0.0002417864641779042,0.09921740219338064,0.4876034897079714,0.11539422913805078,True,2.033560478259533e-06
T30,edge,cross_port,1508,False,0.0002428592898009604,0.09964852980670487,0.4342731258322054,0.08584503701513024,True,1.9452978486100836e-06
T30,edge,cross_port,1509,False,0.00024041499810278702,0.09832352117482707,0.4201244266691006,0.08173551875473184,True,2.400701030524921e-06
T30,edge,cross_port,1510,False,0.00023238565326655459,0.09393670974957632,0.2905628240516279,0.14971395905553456,True,4.666771129813174e-07
T30,edge,cross_port,1512,False,0.0002457964757269549,0.10055274533236434,0.2935831324357566,0.14971395905553456,True,4.210836559714881e-07
T30,edge,cross_port,1513,False,0.0002457246295328861,0.10130717405811847,0.2935831324357566,0.1394015514315233,True,1.0048635070980527e-06
T30,edge,cross_port,1515,False,0.0002406546506135225,0.09689478276852383,0.18607564930698495,0.14904866142383916,True,5.100699403681741e-07
T30,edge,cross_port,1516,False,0.0002293866502749449,0.0938565147621198,0.6297150082145418,0.25538194140696335,True,5.704683362639518e-07
T30,edge,cross_port,1517,False,0.00024595450753120407,0.10066542969864142,0.6297150082145418,0.25538194140696335,True,5.704683362639518e-07
T30,edge,cross_port,1522,False,0.00024334988220557697,0.09963895548604419,0.7402542384229021,0.33615626768003787,True,5.054660817960244e-07
T30,edge,cross_port,1524,False,0.00024223371686760744,0.09913066357031,0.7402542384229021,0.33615626768003787,True,3.8792462331294075e-07
T30,edge,cross_port,1526,False,0.000244724517235013,0.10015278844291857,0.693655058438678,0.3518957145125423,True,1.4764311490056414e-07
T30,edge,cross_port,1530,False,0.0002348861796064008,0.09614643068682963,0.5716178252500511,0.3085495937376391,True,2.735329442671297e-07
T30,edge,cross_port,1532,False,0.00024708368372784,0.10128335310812261,0.5286692553697644,0.3011797218367055,True,3.1193978378141196e-07
T30,edge,cross_port,1535,False,0.000241616134574986,0.09798035706423834,0.18533532211542408,0.22094789309905144,True,5.389324433946463e-07
T30,edge,cross_port,1535,False,0.00025015707407647335,0.10118853515662098,0.18533532211542408,0.22094789309905144,True,5.389324433946463e-07
T30,edge,cross_port,1537,False,0.0002264197685595994,0.09334920322625773,0.18595505560854,0.2126807832278466,True,6.649907254019372e-07
T30,edge,cross_port,1540,False,0.00024498458301953506,0.10063576664647862,0.45246932620350605,0.13141311019857854,True,1.777018449861112e-06
T30,edge,cross_port,1546,False,0.00023558159291164343,0.09662739550700944,0.527843538127417,0.08352819335397361,True,2.1122612736124147e-06
T30,edge,cross_port,1550,False,0.00023176703427969553,0.09556117088852388,0.17111213033023315,0.09925622296080702,True,1.1441193718264575e-06
T30,edge,cross_port,1551,False,0.00023757572982048425,0.09780950717967833,0.17111213033023315,0.09773308099523711,True,1.3882129998588066e-06
T30,edge,cross_port,1552,False,0.0002236036192265105,0.09143761792339394,0.49026995654740363,0.21728575397206693,True,4.6502088291155985e-07
T30,edge,cross_port,1557,False,0.00023493860727724744,0.09613968572304414,0.7272004678450088,0.2968995734906273,True,4.944884154922669e-07
T30,edge,cross_port,1559,False,0.0002460628533679967,0.1007495743668301,0.7306190375802817,0.30330089268333116,True,5.859310734102063e-07
T30,edge,cross_port,1560,False,0.00024189826686821236,0.0990358205577517,0.7306190375802817,0.30330089268333116,True,5.341081744936194e-07
T30,edge,cross_port,1563,False,0.00023155595609188143,0.09478543728359876,0.7224044430653082,0.3642178354001444,True,1.8440693286270182e-07
T30,edge,cross_port,1567,False,0.0002442513663727199,0.09997166677077148,0.6594869389166464,0.33271927927341605,True,2.1832549865208328e-07
T30,edge,cross_port,1568,False,0.0002300529023444434,0.09418242392983936,0.6539798307538602,0.335971660141207,True,2.0389142330046184e-07
T30,edge,cross_port,1574,False,0.00022973060713624605,0.09351160474753052,0.023247560976399843,0.16045792323835237,True,5.513838972348584e-06
T30,edge,cross_port,1574,False,0.00023383573499743363,0.09343150069018481,0.023247560976399843,0.16045792323835237,True,5.513838972348584e-06
T30,edge,cross_port,1574,False,0.00022973060713612757,0.09351160474363299,0.02324756097640016,0.16045792323835237,True,5.513838972515117e-06
T30,edge,cross_port,1574,False,0.00023383573499738435,0.09343150067848217,0.02324756097640016,0.16045792323835237,True,5.513838972515117e-06
T30,edge,cross_port,1576,False,0.00023056256044517057,0.09441747927709046,0.531820460423688,0.11003274465437789,True,2.3513092086424603e-06
T30,edge,cross_port,1578,False,0.00023358800464390734,0.09556956127937152,0.4359997769142716,0.08094022340335255,True,1.8704586523810018e-06
T30,edge,cross_port,1579,False,0.00024064982837431378,0.0988004124148029,0.4201246773738265,0.08173547789851422,True,2.143831210110747e-06
T30,edge,cross_port,1585,False,0.0002453923024029012,0.10044702175564929,0.7513579686240461,0.3149578228291172,True,4.365391855498668e-07
T30,edge,cross_port,1586,False,0.00024652228462224536,0.1008535415994874,0.7453812535361313,0.3095326525698248,True,4.401737408732398e-07
T30,edge,cross_port,1588,False,0.00024508498741344074,0.10041687289811153,0.7358441534914656,0.3126565219435241,True,4.365391855498668e-07
T30,edge,entry:raster_u_phase_0.00/forward,-1,True,6.164154654643818e-09,1.7075472925031877e-06,0.7211266481557286,0.23144967826954135,True,2.7800013124856804e-09
T30,edge,entry:raster_u_phase_0.00/reverse,-1,False,0.0001863896491969419,0.07628915542595967,0.7102756877205251,0.23144967826954135,True,2.866059538308985e-07
T30,edge,entry:raster_u_phase_0.25/reverse,-1,False,0.00018196343699320979,0.07447418567397723,0.6248272694631369,0.23144967826954135,True,4.797595200833893e-07
T30,edge,entry:spiral_phase_0.00/reverse,-1,False,0.0001818966481089335,0.07446083182737666,0.7102756120023714,0.23144967826954135,True,3.319952996960751e-07
T30,edge,off_reconfiguration,-1,True,7.879407846036909e-09,2.2588727439225506e-06,0.7187884942307398,0.22693713552439576,True,0.019999677862843346
T30,edge,off_reconfiguration,-1,True,8.874700828854906e-09,2.2588727439225506e-06,0.7158670579901354,0.23144967826954135,True,0.019999677862843346
T30,edge,off_reconfiguration,-1,True,2.4944612068656484e-07,0.00011423031947844379,0.7211266481557286,0.23144967826954135,True,0.019999687840118824
T30,edge,off_reconfiguration,-1,True,2.1957471688549823e-07,0.00013330357033767916,0.7207110704186568,0.23144967826954135,True,0.019999687664225746
T30,edge,off_reconfiguration,-1,True,5.592743562248066e-07,0.00024352312492155115,0.7143793445527302,0.19578026070892715,True,0.01999964786286801
T30,edge,off_reconfiguration,-1,True,3.391232170353748e-07,9.797587347218542e-05,0.7187884942307398,0.2118893034721628,True,0.019999671873568575
T30,edge,off_reconfiguration,-1,True,6.79365751566583e-07,9.797587347218542e-05,0.7122988466125627,0.2118893034721628,True,0.019999658596068892
T30,edge,off_reconfiguration,-1,True,3.391232170353748e-07,9.797587347218542e-05,0.7206979345187174,0.2118893034721628,True,0.019999677862843346
T30,edge,off_reconfiguration,-1,True,2.4944612068656484e-07,0.00013330357033767916,0.7207110704186568,0.2415264386155524,True,0.019999687840118824
T30,edge,off_reconfiguration,-1,True,5.100343445617944e-07,0.00015961914259437322,0.7207110704186568,0.24446582871271152,True,0.01999969045124861
T30,edge,off_reconfiguration,-1,True,2.1957471688549823e-07,0.00013330357033767916,0.7207110704186568,0.23144967826954135,True,0.019999687664225746
T30,edge,off_reconfiguration,-1,True,4.88213698478194e-07,0.00013330357033767916,0.7207110704186568,0.2425648158388988,True,0.019999691829499705
T30,edge,off_reconfiguration,-1,True,7.308130483724838e-07,3.786560717299305e-05,0.6680901464285955,0.24514867150793912,True,0.01999967973882477
T30,edge,off_reconfiguration,-1,True,5.071185285296893e-07,3.7342228332969065e-05,0.6880548252977933,0.234099362653379,True,0.01999967973882477
T30,edge,off_reconfiguration,-1,True,8.67625458388045e-07,8.882939365740282e-05,0.6569255494679032,0.2365510554813707,True,0.01999967973882477
T30,edge,off_reconfiguration,-1,True,7.519500698300088e-07,6.901322304201598e-05,0.6432206036224319,0.24514867150793912,True,0.01999967973882477
T30,edge,off_reconfiguration,-1,True,5.592743562248066e-07,0.00024352312492155115,0.7143793445527302,0.19578026070892715,True,0.01999964786286801
T30,edge,off_reconfiguration,-1,True,7.923145869823615e-07,0.000364206268121751,0.7053102646148619,0.1783076700415828,True,0.019999618462952923
T30,edge,off_reconfiguration,-1,True,7.318445397242506e-07,0.00024352312492155115,0.6930446811519786,0.19578026070892715,True,0.0199996222255856
T30,edge,off_reconfiguration,-1,True,5.801875670366746e-07,0.0002919905870183611,0.7001078863490922,0.19578026070892715,True,0.01999962759883897
T30,edge,off_reconfiguration,-1,True,5.227828068299033e-07,0.00010728371657593778,0.7173408389870316,0.2425648158388988,True,0.019999696805641815
T30,edge,off_reconfiguration,-1,True,5.855021283022666e-07,0.00010272284341593778,0.7105817676944474,0.23074778988439704,True,0.019999696805641815
T30,edge,off_reconfiguration,-1,True,5.227828068299033e-07,0.00015961914259437322,0.7173408389870316,0.24446582871271152,True,0.019999696805641815
T30,edge,off_reconfiguration,-1,True,6.109196988450129e-07,0.00010272284341593778,0.6985198984074383,0.24521886771867313,True,0.01999970860583336
T30,edge,off_reconfiguration,-1,True,7.923145869823615e-07,0.0003724900038964875,0.7005343064870798,0.1783076700415828,True,0.019999603195501398
T30,edge,off_reconfiguration,-1,True,9.14709213145784e-07,0.0004407308238094895,0.6929705362647491,0.1645183467237906,True,0.019999612406987943
T30,edge,off_reconfiguration,-1,True,9.118981934676491e-07,0.0004371671235390738,0.692822945904082,0.16456512929475905,True,0.019999611004270834
T30,edge,off_reconfiguration,-1,True,7.923145869823615e-07,0.000364206268121751,0.7053102646148619,0.1783076700415828,True,0.019999618462952923
T30,edge,off_reconfiguration,-1,True,8.67625458388045e-07,8.882939365740282e-05,0.6569255494679032,0.2365510554813707,True,0.01999967973882477
T30,edge,off_reconfiguration,-1,True,8.67625458388045e-07,8.882939365740282e-05,0.6569255494679032,0.2365510554813707,True,0.01999967399039404
T30,edge,off_reconfiguration,-1,True,8.67625458388045e-07,8.882939365740282e-05,0.6432206036224319,0.2365510554813707,True,0.01999967215509099
T30,edge,off_reconfiguration,-1,True,1.0127523361172846e-06,0.00019763707374908387,0.6188004830807935,0.2227823592846621,True,0.01999967215509099
T30,edge,off_reconfiguration,-1,True,3.233807138453376e-07,0.0001929263979241205,0.7190748860354177,0.26835236228635045,True,0.01999966350959753
T30,edge,off_reconfiguration,-1,True,4.2257201460946975e-07,0.0001929263979241205,0.7180356331403531,0.26835236228635045,True,0.01999966350959753
T30,edge,off_reconfiguration,-1,True,4.5693706375994817e-07,0.0001929263979241205,0.7138053531904508,0.26835236228635045,True,0.019999675330281852
T30,edge,off_reconfiguration,-1,True,3.233807138453376e-07,0.00019662205028447472,0.7108942619049603,0.26835236228635045,True,0.01999966350959753
T30,edge,off_reconfiguration,-1,True,3.237457989002019e-07,0.00019662205028447472,0.702509414639897,0.2881619501767479,True,0.01999952992805265
T30,edge,off_reconfiguration,-1,True,3.237457989002019e-07,0.00018002683332865935,0.6995569417892034,0.2883824621048817,True,0.019999521007187077
T30,edge,off_reconfiguration,-1,True,3.237457989002019e-07,0.00018002683332865935,0.6858401448822518,0.2883824621048817,True,0.019999521007187077
T30,edge,off_reconfiguration,-1,True,3.237457989002019e-07,0.00018002683332865935,0.6732874144507569,0.2883824621048817,True,0.019999521007187077
T30,edge,off_reconfiguration,-1,True,1.0127523361172846e-06,0.00022475013534319836,0.6180007728298045,0.21808117512817676,True,0.01999965348897681
T30,edge,off_reconfiguration,-1,True,1.317024506119595e-06,0.00027234308731844103,0.5776578699735437,0.2190279652179573,True,0.01999965348897681
T30,edge,off_reconfiguration,-1,True,1.0127523361172846e-06,0.00019763707374908387,0.6188004830807935,0.2227823592846621,True,0.01999967215509099
T30,edge,off_reconfiguration,-1,True,1.1911276269669834e-06,0.00031886359760004726,0.5798805575443712,0.2058290179675428,True,0.01999965348897681
T30,edge,off_reconfiguration,-1,True,9.14709213145784e-07,0.0004407308238094895,0.692822945904082,0.1645183467237906,True,0.019999612406987943
T30,edge,off_reconfiguration,-1,True,9.118981934676491e-07,0.0004371671235390738,0.692822945904082,0.16456512929475905,True,0.019999611004270834
T30,edge,off_reconfiguration,-1,True,9.118981934676491e-07,0.0004371671235390738,0.6743370642831673,0.14987708246194348,True,0.01999969381561681
T30,edge,off_reconfiguration,-1,True,9.118981934676491e-07,0.0004371671235390738,0.692822945904082,0.16456512929475905,True,0.019999611004270834
T30,edge,off_reconfiguration,-1,True,7.858837075079132e-07,6.087591697911327e-05,0.6891658241719217,0.21918157777951655,True,0.019999672520426393
T30,edge,off_reconfiguration,-1,True,7.858837075079132e-07,6.087591697911327e-05,0.6891658241719217,0.21918157777951655,True,0.019999682967631632
T30,edge,off_reconfiguration,-1,True,7.858837075079132e-07,7.738317221245908e-05,0.6891658241719217,0.21715385863044626,True,0.019999662851380606
T30,edge,off_reconfiguration,-1,True,7.858837075079132e-07,9.504537094434022e-05,0.646841290837082,0.21918157777951655,True,0.019999685497364056
T30,edge,off_reconfiguration,-1,True,8.134396970612229e-07,6.635859206766919e-05,0.667461966595278,0.23451298365252235,True,0.01999970860583336
T30,edge,off_reconfiguration,-1,True,6.109196988450129e-07,0.00010272284341593778,0.6985198984074383,0.24521886771867313,True,0.01999970860583336
T30,edge,off_reconfiguration,-1,True,6.109196988450129e-07,0.00012104932706736427,0.6985198984074383,0.2488004018283259,True,0.01999970860583336
T30,edge,off_reconfiguration,-1,True,6.109196988450129e-07,6.0545736009243695e-05,0.6888157514545571,0.2488004018283259,True,0.019999714421125664
T30,edge,off_reconfiguration,-1,True,1.0976729556978428e-06,0.0005755732623952228,0.6084440067874476,0.15021581676558604,True,0.019999825843752317
T30,edge,off_reconfiguration,-1,True,1.029572199642058e-06,0.0005245700896495299,0.6041046092968064,0.14468177283963166,True,0.019999943478587245
T30,edge,off_reconfiguration,-1,True,1.029572199642058e-06,0.0004432672399470563,0.6423348623587158,0.16543812283243722,True,0.0199996520293535
T30,edge,off_reconfiguration,-1,True,1.029572199642058e-06,0.0004432672399470563,0.6457053571655164,0.16543812283243722,True,0.0199996520293535
T30,edge,off_reconfiguration,-1,True,1.0643174235438757e-06,0.0005376984814770349,0.6428496079869858,0.1636645471655319,True,0.019999692410427067
T30,edge,off_reconfiguration,-1,True,1.3429492776709132e-06,0.0005724792635788732,0.6222179015671216,0.15123357441368787,True,0.01999981308436341
T30,edge,off_reconfiguration,-1,True,1.0832520646912924e-06,0.0005376984814770349,0.6167284805488796,0.15196844480922747,True,0.01999981845540766
T30,edge,off_reconfiguration,-1,True,1.0717439525787594e-06,0.0005376984814770349,0.6428496079869858,0.15393221328280202,True,0.019999692410427067
T30,edge,off_reconfiguration,-1,True,1.168280837275836e-06,0.00016728081849120115,0.5982987108974738,0.2446891496374727,True,0.01999967009258266
T30,edge,off_reconfiguration,-1,True,1.327183119985181e-06,0.0002390779643389887,0.5526520444328081,0.23484908794337095,True,0.019999663561573372
T30,edge,off_reconfiguration,-1,True,1.4338979771762734e-06,0.00026727479109499877,0.5439235340557285,0.23212785222552434,True,0.019999663561573372
T30,edge,off_reconfiguration,-1,True,1.5374628063910798e-06,0.00030368189733319113,0.5076018713194919,0.23451940666650242,True,0.019999663561573372
T30,edge,off_reconfiguration,-1,True,2.8403391468987217e-07,0.00016626899261381567,0.6858401448822518,0.2982956597588283,True,0.019999379589318522
T30,edge,off_reconfiguration,-1,True,2.8403391468987217e-07,0.00016626899261381567,0.6797971934779178,0.30157458954356603,True,0.01999932429920606
T30,edge,off_reconfiguration,-1,True,2.8403391468987217e-07,0.00016626899261381567,0.6931365258467341,0.30157458954356603,True,0.01999932429920606
T30,edge,off_reconfiguration,-1,True,3.237457989002019e-07,0.00018002683332865935,0.6995569417892034,0.2883824621048817,True,0.019999521007187077
T30,edge,off_reconfiguration,-1,True,4.4499807027262387e-07,0.0001233340972065795,0.7150432491966179,0.28041980924013266,True,0.019999629359478577
T30,edge,off_reconfiguration,-1,True,4.234825991661185e-07,0.0001233340972065795,0.7137444360303189,0.2891665727097157,True,0.019999560338521072
T30,edge,off_reconfiguration,-1,True,5.062981161470617e-07,0.0001233340972065795,0.7049235135457542,0.2836728629701568,True,0.01999963402536495
T30,edge,off_reconfiguration,-1,True,4.234825991661185e-07,0.0001233340972065795,0.7156897381735887,0.2891665727097157,True,0.019999560338521072
T30,edge,off_reconfiguration,-1,True,2.666268370998404e-07,0.00011884639557076133,0.6752415277556993,0.3061945472631304,True,0.019999215368698503
T30,edge,off_reconfiguration,-1,True,2.666268370998404e-07,0.00011128571862187514,0.6609879833328697,0.30885322493929196,True,0.019999146432564008
T30,edge,off_reconfiguration,-1,True,2.666268370998404e-07,0.00011128571862187514,0.6664391962669926,0.30885322493929196,True,0.019999146432564008
T30,edge,off_reconfiguration,-1,True,2.813008931325848e-07,0.0001322081654762589,0.6752415277556993,0.2982956597588283,True,0.019999379589318522
T30,edge,off_reconfiguration,-1,True,1.4338979771762734e-06,0.00026727479109499877,0.5439235340557285,0.23212785222552434,True,0.0199996500860678
T30,edge,off_reconfiguration,-1,True,1.5374628063910798e-06,0.00030368189733319113,0.5076018713194919,0.23212785222552434,True,0.019999646311462893
T30,edge,off_reconfiguration,-1,True,1.4338979771762734e-06,0.00026727479109499877,0.5439235340557285,0.23212785222552434,True,0.019999663561573372
T30,edge,off_reconfiguration,-1,True,1.4338979771762734e-06,0.00027234308731844103,0.5439235340557285,0.2190279652179573,True,0.019999645162270097
T30,edge,off_reconfiguration,-1,True,1.3429492776709132e-06,0.0005724792635788732,0.6167284805488796,0.15123357441368787,True,0.01999981845540766
T30,edge,off_reconfiguration,-1,True,1.3429492776709132e-06,0.0005724792635788732,0.6222179015671216,0.15123357441368787,True,0.01999981308436341
T30,edge,off_reconfiguration,-1,True,1.4079144398161534e-06,0.0006586165076595101,0.5649707956158794,0.14819522517643957,True,0.019999976597568497
T30,edge,off_reconfiguration,-1,True,1.375667638024442e-06,0.0005724792635788732,0.6189517154445742,0.13441762381549505,True,0.020000045522702126
T30,edge,off_reconfiguration,-1,True,1.0976729556978428e-06,0.0005755732623952228,0.6041046092968064,0.14468177283963166,True,0.019999943478587245
T30,edge,off_reconfiguration,-1,True,1.3563739736947152e-06,0.0006177599559396977,0.5544155668664138,0.1405279729296223,True,0.020000068579562907
T30,edge,off_reconfiguration,-1,True,1.0976729556978428e-06,0.0005755732623952228,0.6084440067874476,0.15021581676558604,True,0.019999825843752317
T30,edge,off_reconfiguration,-1,True,1.1415917162866519e-06,0.0005842469816546393,0.583961315514483,0.12631422707651827,True,0.020000641367969363
T30,edge,off_reconfiguration,-1,True,8.134396970612229e-07,9.504537094434022e-05,0.646841290837082,0.22516863811496926,True,0.019999701788902924
T30,edge,off_reconfiguration,-1,True,8.134396970612229e-07,0.00011093473630567887,0.6352828638447642,0.2264471847864865,True,0.019999701788902924
T30,edge,off_reconfiguration,-1,True,8.134396970612229e-07,6.635859206766919e-05,0.667461966595278,0.23451298365252235,True,0.01999970860583336
T30,edge,off_reconfiguration,-1,True,8.134396970612229e-07,6.635859206766919e-05,0.667461966595278,0.22378398591621207,True,0.019999701788902924
T30,edge,off_reconfiguration,-1,True,5.993003115673784e-07,7.958434453939543e-05,0.6888157514545571,0.2634054089552457,True,0.019999714421125664
T30,edge,off_reconfiguration,-1,True,6.787910942690506e-07,4.869504559169141e-05,0.6628114802581384,0.25370381790416346,True,0.01999973482831585
T30,edge,off_reconfiguration,-1,True,5.908910116056876e-07,4.0462025654554815e-05,0.6888157514545571,0.2634054089552457,True,0.019999714421125664
T30,edge,off_reconfiguration,-1,True,5.37944730138055e-07,4.83721355668576e-05,0.6888157514545571,0.2634054089552457,True,0.019999714421125664
T30,edge,off_reconfiguration,-1,True,1.202492641631829e-06,0.00033242178794258835,0.5517195927198105,0.16975635593077332,True,0.01999956814290149
T30,edge,off_reconfiguration,-1,True,1.534418695179597e-06,0.0004205249072625018,0.49000701696783633,0.15770292655868612,True,0.01999953434012608
T30,edge,off_reconfiguration,-1,True,1.202492641631829e-06,0.00033242178794258835,0.5517195927198105,0.16975635593077332,True,0.019999593906671997
T30,edge,off_reconfiguration,-1,True,1.202492641631829e-06,0.00033242178794258835,0.5517195927198105,0.16975635593077332,True,0.01999959317041647
T30,edge,off_reconfiguration,-1,True,1.3832968911365358e-06,0.0005630998048876183,0.590427229571396,0.11268057043774682,True,0.02000116211119224
T30,edge,off_reconfiguration,-1,True,1.3832968911365358e-06,0.0005475678461707108,0.6260694808297277,0.12579428812164403,True,0.020000313502233802
T30,edge,off_reconfiguration,-1,True,1.3832968911365358e-06,0.0005842469816546393,0.583961315514483,0.12579428812164403,True,0.020000641367969363
T30,edge,off_reconfiguration,-1,True,1.3832968911365358e-06,0.0005475678461707108,0.6260694808297277,0.12579428812164403,True,0.020000313502233802
T30,edge,off_reconfiguration,-1,True,1.3717579819166657e-06,0.0007492762465118173,0.48351546316843286,0.15091397823033503,True,0.020000064622376357
T30,edge,off_reconfiguration,-1,True,1.4079144398161534e-06,0.0006903608635471122,0.5049820316016502,0.14819522517643957,True,0.019999976597568497
T30,edge,off_reconfiguration,-1,True,1.389642024392869e-06,0.0006903608635471122,0.5049820316016502,0.16685452068200282,True,0.019999765844243234
T30,edge,off_reconfiguration,-1,True,1.1414539397043129e-06,0.0006903608635471122,0.5049820316016502,0.15196844480922747,True,0.01999981845540766
T30,edge,off_reconfiguration,-1,True,1.4326351777838094e-06,0.00033504606032746473,0.47584232170482677,0.2460827539735205,True,0.019999675922190013
T30,edge,off_reconfiguration,-1,True,1.2972656698296685e-06,0.00033494379106603183,0.4518774922399248,0.2553074517801745,True,0.019999701470350156
T30,edge,off_reconfiguration,-1,True,1.0456204201683056e-06,0.0001949522530037957,0.553783033381347,0.26400110359923085,True,0.019999650957795295
T30,edge,off_reconfiguration,-1,True,1.168280837275836e-06,0.0001949522530037957,0.553783033381347,0.2446891496374727,True,0.019999663561573372
T30,edge,off_reconfiguration,-1,True,2.0223856300333383e-07,0.00011017981157032208,0.6664391962669926,0.3190705562005489,True,0.019998794389523872
T30,edge,off_reconfiguration,-1,True,2.6484291640159714e-07,0.0001463244491284684,0.6824480813321806,0.3139230429901571,True,0.019998984815930432
T30,edge,off_reconfiguration,-1,True,2.0223856300333383e-07,0.00011017981157032208,0.6824480813321806,0.32467848402280974,True,0.01999848736026258
T30,edge,off_reconfiguration,-1,True,2.1784985385357345e-07,0.00011017981157032208,0.6609879833328697,0.31276232329485604,True,0.019999038260880397
T30,edge,off_reconfiguration,-1,True,4.234825991661185e-07,0.0001233340972065795,0.7137444360303189,0.2891665727097157,True,0.019999560338521072
T30,edge,off_reconfiguration,-1,True,5.062981161470617e-07,9.833604597615256e-05,0.7049235135457542,0.2836728629701568,True,0.01999963402536495
T30,edge,off_reconfiguration,-1,True,3.5361766073688197e-07,0.00011929023643543444,0.7137444360303189,0.29421675675605813,True,0.019999519134241667
T30,edge,off_reconfiguration,-1,True,3.5361766073688197e-07,0.00011687035478948026,0.7137444360303189,0.29421675675605813,True,0.019999519134241667
T30,edge,off_reconfiguration,-1,True,1.7629929763844452e-07,0.00010684116723094944,0.694475317791258,0.3330293015733829,True,0.019997887107090134
T30,edge,off_reconfiguration,-1,True,1.5133405219168115e-07,0.00010619104680647616,0.6975098868597033,0.3340908706311175,True,0.019997838390826528
T30,edge,off_reconfiguration,-1,True,1.5133405219168115e-07,0.00010619104680647616,0.7034427312069133,0.3340908706311175,True,0.019997838390826528
T30,edge,off_reconfiguration,-1,True,1.9380188331687556e-07,0.00010619104680647616,0.7034427312069133,0.3254794931547763,True,0.019998553806486158
T30,edge,off_reconfiguration,-1,True,2.3159789986465037e-07,1.619921597029155e-05,0.6106960174622698,0.31194937250416854,True,0.019999114338492968
T30,edge,off_reconfiguration,-1,True,3.5923845970323857e-07,4.755143657012685e-05,0.5976332769922365,0.29681981919807837,True,0.01999943037035018
T30,edge,off_reconfiguration,-1,True,2.3159789986465037e-07,5.507998116610668e-05,0.6243769903236334,0.31194937250416854,True,0.019999114338492968
T30,edge,off_reconfiguration,-1,True,2.3159789986465037e-07,7.854253524392704e-05,0.6243769903236334,0.31194937250416854,True,0.019999114338492968
T30,edge,off_reconfiguration,-1,True,2.8794429565670224e-06,0.0005376727235633452,0.37251017650942225,0.21608442521069246,True,0.019999601970852265
T30,edge,off_reconfiguration,-1,True,2.371976506111487e-06,0.000453239633726047,0.42726711622804225,0.21830565852432804,True,0.019999646311462893
T30,edge,off_reconfiguration,-1,True,4.0009082504705905e-06,0.0007077649641314147,0.2988208514854253,0.21268253713142754,True,0.01999966156542929
T30,edge,off_reconfiguration,-1,True,2.371976506111487e-06,0.000453239633726047,0.42726711622804225,0.21830565852432804,True,0.019999645162270097
T30,edge,off_reconfiguration,-1,True,1.661791021576346e-06,0.000629939167839605,0.5468737045508913,0.12674719098099363,True,0.020000365712114915
T30,edge,off_reconfiguration,-1,True,1.596311149422156e-06,0.000629939167839605,0.5114297741128675,0.13054864402842362,True,0.02000052672299993
T30,edge,off_reconfiguration,-1,True,1.5316620493101491e-06,0.0006586165076595101,0.5468737045508913,0.13685106097212377,True,0.020000256773197944
T30,edge,off_reconfiguration,-1,True,1.5316620493101491e-06,0.00073873131684108,0.4602067681659125,0.13685106097212377,True,0.020000389116589273
T30,edge,off_reconfiguration,-1,True,1.427436228517667e-06,0.0007127271512490453,0.5516622790791194,0.11507987982150901,True,0.02000150042107282
T30,edge,off_reconfiguration,-1,True,1.427436228517667e-06,0.0008213595346324724,0.5053001774208049,0.11507987982150901,True,0.02000150042107282
T30,edge,off_reconfiguration,-1,True,1.427436228517667e-06,0.0007127271512490453,0.5516622790791194,0.11268057043774682,True,0.02000150042107282
T30,edge,off_reconfiguration,-1,True,1.5001915924419202e-06,0.0007127271512490453,0.5248656261263327,0.09874484050473037,True,0.020003151682582515
T30,edge,off_reconfiguration,-1,True,1.2318079689971673e-06,0.000300369411654599,0.5232489990116904,0.18128560110072672,True,0.019999575109644202
T30,edge,off_reconfiguration,-1,True,1.8197482514847645e-06,0.0004704680149524284,0.39213502472114947,0.16831219823544163,True,0.019999594097898143
T30,edge,off_reconfiguration,-1,True,1.2318079689971673e-06,0.000300369411654599,0.5232489990116904,0.18128560110072672,True,0.01999963249087669
T30,edge,off_reconfiguration,-1,True,1.2318079689971673e-06,0.00033242178794258835,0.5232489990116904,0.16975635593077332,True,0.01999953434012608
T30,edge,off_reconfiguration,-1,True,5.908910116056876e-07,4.83721355668576e-05,0.6932804541720597,0.2755090611190067,True,0.019999687511532027
T30,edge,off_reconfiguration,-1,True,5.908910116056876e-07,4.0462025654554815e-05,0.6888157514545571,0.2634054089552457,True,0.019999714421125664
T30,edge,off_reconfiguration,-1,True,5.908910116056876e-07,3.3742966434069446e-05,0.6932804541720597,0.2755090611190067,True,0.019999687511532027
T30,edge,off_reconfiguration,-1,True,5.993003115673784e-07,7.958434453939543e-05,0.6932804541720597,0.27132087217827433,True,0.019999687511532027
T30,edge,off_reconfiguration,-1,True,6.650690689800983e-07,8.109052021984124e-05,0.6388980293488715,0.248337240176107,True,0.019999748677962587
T30,edge,off_reconfiguration,-1,True,5.862191087037718e-07,9.274748681252266e-05,0.6159927655111083,0.2444649056127677,True,0.01999975539720522
T30,edge,off_reconfiguration,-1,True,6.787910942690506e-07,7.174239171520505e-05,0.6388980293488715,0.248337240176107,True,0.019999746060216095
T30,edge,off_reconfiguration,-1,True,5.784023923745864e-07,7.553846469684804e-05,0.6307654398628859,0.248337240176107,True,0.0199997533262897
T30,edge,off_reconfiguration,-1,True,2.9071069511669332e-06,0.0005609026451399458,0.35110628992871507,0.13933928312563046,True,0.01999945715644713
T30,edge,off_reconfiguration,-1,True,2.208562165289813e-06,0.0004944904834112225,0.4126012645073755,0.14726767687591746,True,0.01999945715644713
T30,edge,off_reconfiguration,-1,True,2.116767688496367e-06,0.00047848738378025973,0.4220868504789256,0.14726767687591746,True,0.0199995041571904
T30,edge,off_reconfiguration,-1,True,2.677702437588814e-06,0.0005210132253186228,0.361529848006205,0.1463470815240118,True,0.01999945715644713
T30,edge,off_reconfiguration,-1,True,1.5642443420432308e-06,0.0006613935971194394,0.5248656261263327,0.09874484050473037,True,0.020003151682582515
T30,edge,off_reconfiguration,-1,True,1.5642443420432308e-06,0.0005630998048876183,0.5543716097954056,0.10048470008162597,True,0.020002436068207174
T30,edge,off_reconfiguration,-1,True,1.5642443420432308e-06,0.0005562759555047456,0.5543716097954056,0.10048470008162597,True,0.020002436068207174
T30,edge,off_reconfiguration,-1,True,1.5642443420432308e-06,0.0005562759555047456,0.5152099549790581,0.08941053328902555,True,0.020004037448842965
T30,edge,off_reconfiguration,-1,True,1.596311149422156e-06,0.00073873131684108,0.4602067681659125,0.13054864402842362,True,0.02000052672299993
T30,edge,off_reconfiguration,-1,True,1.2994679827038095e-06,0.0008451444907049007,0.4085008144355824,0.14072223965198197,True,0.020000389116589273
T30,edge,off_reconfiguration,-1,True,1.5316620493101491e-06,0.00073873131684108,0.4602067681659125,0.13685106097212377,True,0.020000389116589273
T30,edge,off_reconfiguration,-1,True,1.3717579819166657e-06,0.0007492762465118173,0.4602067681659125,0.14072223965198197,True,0.020000389116589273
T30,edge,off_reconfiguration,-1,True,2.016183453286932e-06,0.0004535619762338736,0.40661785179696824,0.23664863569408118,True,0.01999969622264841
T30,edge,off_reconfiguration,-1,True,3.162293078451932e-06,0.0006476310672168844,0.3170239611894267,0.22171263274672748,True,0.019999727994075844
T30,edge,off_reconfiguration,-1,True,2.016183453286932e-06,0.0004535619762338736,0.40661785179696824,0.23664863569408118,True,0.019999701470350156
T30,edge,off_reconfiguration,-1,True,2.016183453286932e-06,0.0004535619762338736,0.40661785179696824,0.23451940666650242,True,0.01999969622264841
T30,edge,off_reconfiguration,-1,True,2.0447546307477927e-07,5.507998116610668e-05,0.6332157110304819,0.32575764694797416,True,0.019998545996057576
T30,edge,off_reconfiguration,-1,True,2.0447546307477927e-07,2.171675268208478e-05,0.6046030049661989,0.32212386169458457,True,0.019998892003081026
T30,edge,off_reconfiguration,-1,True,2.0447546307477927e-07,1.4564287375591707e-05,0.6106960174622698,0.3141335104549219,True,0.019999086509800618
T30,edge,off_reconfiguration,-1,True,2.0447546307477927e-07,3.45330068522745e-05,0.5925619315143047,0.31734126923732275,True,0.0199990694469718
T30,edge,off_reconfiguration,-1,True,1.497531037079059e-07,8.388298918728377e-05,0.6975098868597033,0.3423106616316509,True,0.01999699804066349
T30,edge,off_reconfiguration,-1,True,1.5133405219168115e-07,0.00010619104680647616,0.7034427312069133,0.3340908706311175,True,0.019997838390826528
T30,edge,off_reconfiguration,-1,True,1.7629929763844452e-07,0.00010684116723094944,0.694475317791258,0.3330293015733829,True,0.019997887107090134
T30,edge,off_reconfiguration,-1,True,2.4244946219567426e-07,7.877883753860711e-05,0.7062772201506883,0.34007251518383164,True,0.019997664743002214
T30,edge,off_reconfiguration,-1,True,3.903156445673669e-07,6.257642484586067e-05,0.7194594315789481,0.31303476800881636,True,0.019999246031920576
T30,edge,off_reconfiguration,-1,True,3.903156445673669e-07,4.1843619735380505e-05,0.7216908942185963,0.31303476800881636,True,0.019999246031920576
T30,edge,off_reconfiguration,-1,True,3.903156445673669e-07,0.00016827789768000774,0.7216908942185963,0.31261270939072955,True,0.019999348798511507
T30,edge,off_reconfiguration,-1,True,3.903156445673669e-07,6.001366809541013e-05,0.7215789843949036,0.31303476800881636,True,0.019999246031920576
T30,edge,off_reconfiguration,-1,True,1.3766602181400216e-07,5.257471286479977e-05,0.6797282516799922,0.3541873918697174,True,0.019994643094447317
T30,edge,off_reconfiguration,-1,True,1.2995015727116623e-07,5.257471286479977e-05,0.691508812605947,0.3562822105348382,True,0.019994262074736868
T30,edge,off_reconfiguration,-1,True,1.5251824057850655e-07,5.9513596297529106e-05,0.6725468825230139,0.3502314623197645,True,0.019995714008667897
T30,edge,off_reconfiguration,-1,True,1.3458767584572142e-07,6.655054674132672e-05,0.6782292566238802,0.3461673559011025,True,0.019996360362560445
T30,edge,off_reconfiguration,-1,True,1.715931156550331e-07,3.45330068522745e-05,0.5925619315143047,0.31734126923732275,True,0.0199990694469718
T30,edge,off_reconfiguration,-1,True,1.9164003887806383e-07,3.45330068522745e-05,0.5925619315143047,0.3141335104549219,True,0.019999086509800618
T30,edge,off_reconfiguration,-1,True,2.0447546307477927e-07,3.45330068522745e-05,0.5925619315143047,0.31734126923732275,True,0.0199990694469718
T30,edge,off_reconfiguration,-1,True,2.6827540499418255e-07,9.120604562338408e-05,0.5281940276380374,0.3009620505922087,True,0.019999464255970545
T30,edge,off_reconfiguration,-1,True,4.0009082504705905e-06,0.0007077649641314147,0.2988208514854253,0.21268253713142754,True,0.01999966156542929
T30,edge,off_reconfiguration,-1,True,4.0009082504705905e-06,0.0007077649641314147,0.2988208514854253,0.21268253713142754,True,0.019999727994075844
T30,edge,off_reconfiguration,-1,True,4.0009082504705905e-06,0.0007077649641314147,0.2988208514854253,0.21268253713142754,True,0.01999966156542929
T30,edge,off_reconfiguration,-1,True,4.0009082504705905e-06,0.0007077649641314147,0.2988208514854253,0.21268253713142754,True,0.01999969622264841
T30,edge,off_reconfiguration,-1,True,1.5614152147407618e-06,0.0006157276791096303,0.4644936690715101,0.1260268591704137,True,0.020000698637081232
T30,edge,off_reconfiguration,-1,True,1.596311149422156e-06,0.0006289965485212802,0.48716643360825396,0.1260268591704137,True,0.020000698637081232
T30,edge,off_reconfiguration,-1,True,2.000904054866787e-06,0.0005584084325773065,0.48716643360825396,0.11209139665930226,True,0.02000090034758531
T30,edge,off_reconfiguration,-1,True,1.5614152147407618e-06,0.00073873131684108,0.4602067681659125,0.1260268591704137,True,0.020000698637081232
T30,edge,off_reconfiguration,-1,True,1.447377156838959e-06,0.0005928331487399612,0.4997481366797341,0.0893672644848489,True,0.020004407657517403
T30,edge,off_reconfiguration,-1,True,1.5001915924419202e-06,0.0006613935971194394,0.4997481366797341,0.0893672644848489,True,0.020004407657517403
T30,edge,off_reconfiguration,-1,True,1.5642443420432308e-06,0.0005928331487399612,0.4997481366797341,0.0893672644848489,True,0.020004407657517403
T30,edge,off_reconfiguration,-1,True,1.7401972847615436e-06,0.0007371913974611926,0.4342731258322054,0.07946290353877482,True,0.020005688164348195
T30,edge,off_reconfiguration,-1,True,2.677702437588814e-06,0.0005210132253186228,0.361529848006205,0.1463470815240118,True,0.01999938241737001
T30,edge,off_reconfiguration,-1,True,2.9071069511669332e-06,0.0005609026451399458,0.35110628992871507,0.13933928312563046,True,0.019999323790132972
T30,edge,off_reconfiguration,-1,True,2.677702437588814e-06,0.0005210132253186228,0.361529848006205,0.1463470815240118,True,0.01999945715644713
T30,edge,off_reconfiguration,-1,True,2.677702437588814e-06,0.0005210132253186228,0.361529848006205,0.1463470815240118,True,0.0199995041571904
T30,edge,off_reconfiguration,-1,True,6.650690689800983e-07,8.109052021984124e-05,0.6307654398628859,0.2506763677540071,True,0.0199997533262897
T30,edge,off_reconfiguration,-1,True,5.862191087037718e-07,9.274748681252266e-05,0.6159927655111083,0.2444649056127677,True,0.01999975539720522
T30,edge,off_reconfiguration,-1,True,5.784023923745864e-07,7.553846469684804e-05,0.6307654398628859,0.248337240176107,True,0.0199997533262897
T30,edge,off_reconfiguration,-1,True,6.165058874270295e-07,8.661911287917773e-05,0.6297150082145418,0.2506763677540071,True,0.0199997533262897
T30,edge,off_reconfiguration,-1,True,4.285302598539921e-07,1.1390761175093017e-05,0.7045013147745789,0.29168984779796076,True,0.019999617261427405
T30,edge,off_reconfiguration,-1,True,6.040861172814051e-07,4.532243549498627e-05,0.6752647153347674,0.2742304086598409,True,0.01999971344729623
T30,edge,off_reconfiguration,-1,True,5.534209161097216e-07,2.4223711491474025e-05,0.7045013147745789,0.29168984779796076,True,0.019999617261427405
T30,edge,off_reconfiguration,-1,True,4.786856483080568e-07,3.025781511322985e-05,0.7045013147745789,0.29168984779796076,True,0.019999617261427405
T30,edge,off_reconfiguration,-1,True,6.148773009340728e-07,0.0003187241197068121,0.45846174177849547,0.19921063067958544,True,0.019999770666633415
T30,edge,off_reconfiguration,-1,True,1.0887349623566483e-06,0.0005280477843886809,0.35851223960728434,0.1818073706558647,True,0.019999933733902575
T30,edge,off_reconfiguration,-1,True,6.148773009340728e-07,0.0003187241197068121,0.45846174177849547,0.19921063067958544,True,0.01999977864276889
T30,edge,off_reconfiguration,-1,True,8.543382187407073e-07,0.0003187241197068121,0.45846174177849547,0.19921063067958544,True,0.019999770666633415
T30,edge,off_reconfiguration,-1,True,2.9554673115289657e-06,0.0011447379092362894,0.2873468224853232,0.09525991382631259,True,0.020007911140032558
T30,edge,off_reconfiguration,-1,True,1.0027114070924868e-05,0.0017255046319082528,0.17111213033023315,0.09525991382631259,True,0.020007911140032558
T30,edge,off_reconfiguration,-1,True,2.5749952117193114e-06,0.0011447379092362894,0.2973527992529161,0.09125097826884232,True,0.020007911140032558
T30,edge,off_reconfiguration,-1,True,3.1138916145767206e-05,0.0023047614442710854,0.10939999080497936,0.09525991382631259,True,0.020007911140032558
T30,edge,off_reconfiguration,-1,True,1.853247208522134e-06,0.00032444297254258085,0.5576548186225679,0.08780518677314468,True,0.02000187601374176
T30,edge,off_reconfiguration,-1,True,2.307956480597368e-06,0.00031250564707484204,0.5619501161621339,0.08809610577897097,True,0.020001650583416186
T30,edge,off_reconfiguration,-1,True,2.381827582384492e-06,0.00031250564707484204,0.5619501161621339,0.08940566058241915,True,0.020001650583416186
T30,edge,off_reconfiguration,-1,True,1.853247208522134e-06,0.0003871032685220992,0.5579081535366369,0.08940566058241915,True,0.020001650583416186
T30,edge,off_reconfiguration,-1,True,1.34345888953702e-06,0.0010847344534331879,0.3076058304679726,0.14303647956995058,True,0.02000069781839009
T30,edge,off_reconfiguration,-1,True,2.9888554851277013e-06,0.0018531469214363087,0.18648823797676636,0.14527764419289868,True,0.020000876812057117
T30,edge,off_reconfiguration,-1,True,1.5396010743294002e-06,0.0010847344534331879,0.2813475403949778,0.14527764419289868,True,0.02000069781839009
T30,edge,off_reconfiguration,-1,True,1.511691318500501e-06,0.0010847344534331879,0.3076058304679726,0.12995083973696905,True,0.02000069781839009
T30,edge,off_reconfiguration,-1,True,1.246353833456054e-06,0.00045027717761392445,0.3558761969767569,0.25495260782036394,True,0.01999978153652157
T30,edge,off_reconfiguration,-1,True,1.0568451578866055e-06,0.0003971424270605665,0.33951454623369476,0.25964298274759995,True,0.019999761043290376
T30,edge,off_reconfiguration,-1,True,1.2972656698296685e-06,0.0003971424270605665,0.37273681658297575,0.2553074517801745,True,0.019999761043290376
T30,edge,off_reconfiguration,-1,True,1.0568451578866055e-06,0.0003971424270605665,0.37273681658297575,0.25964298274759995,True,0.019999761043290376
T30,edge,off_reconfiguration,-1,True,1.6602984222275423e-07,1.2253957093157758e-05,0.6400427986908743,0.3307746064136448,True,0.019997657299226534
T30,edge,off_reconfiguration,-1,True,4.6145117824419084e-07,0.00024890686760580005,0.6391266897010461,0.32609062280239803,True,0.019997948919410924
T30,edge,off_reconfiguration,-1,True,1.6602984222275423e-07,2.831646840510158e-06,0.6400427986908743,0.3307746064136448,True,0.019997657299226534
T30,edge,off_reconfiguration,-1,True,2.3841455885086404e-07,6.097163388881823e-06,0.6400427986908743,0.325979627841108,True,0.01999779939005597
T30,edge,off_reconfiguration,-1,True,1.2961782954430878e-07,3.718573847387002e-05,0.7103018589848761,0.35695245593617436,True,0.019994565872635178
T30,edge,off_reconfiguration,-1,True,1.2961782954430878e-07,3.718573847387002e-05,0.7103018589848761,0.3605667998893379,True,0.019993349543258987
T30,edge,off_reconfiguration,-1,True,1.2995015727116623e-07,5.257471286479977e-05,0.691508812605947,0.3562822105348382,True,0.019994262074736868
T30,edge,off_reconfiguration,-1,True,1.2961782954430878e-07,3.718573847387002e-05,0.7103018589848761,0.3605667998893379,True,0.019993349543258987
T30,edge,off_reconfiguration,-1,True,4.374055237286765e-07,0.00016827789768000774,0.7356353597833377,0.30938466868940234,True,0.0199994463419004
T30,edge,off_reconfiguration,-1,True,5.534209161097216e-07,0.00016827789768000774,0.7306190375802817,0.30330089268333116,True,0.019999520383358144
T30,edge,off_reconfiguration,-1,True,4.155484676175238e-07,0.00016827789768000774,0.7356353597833377,0.31261270939072955,True,0.019999348798511507
T30,edge,off_reconfiguration,-1,True,5.235446217106858e-07,0.00016827789768000774,0.7356353597833377,0.31261270939072955,True,0.019999348798511507
T30,edge,off_reconfiguration,-1,True,1.2430893860262338e-07,1.7683628851157155e-05,0.7221691883456922,0.3642178354001444,True,0.01999309871923255
T30,edge,off_reconfiguration,-1,True,1.2777121432218086e-07,1.7683628851157155e-05,0.7221691883456922,0.3659968688411629,True,0.019992051773795178
T30,edge,off_reconfiguration,-1,True,1.2961782954430878e-07,3.718573847387002e-05,0.7103018589848761,0.3605667998893379,True,0.019993349543258987
T30,edge,off_reconfiguration,-1,True,1.2232174343816193e-07,3.67717841477353e-05,0.7174262559662766,0.35695245593617436,True,0.019994565872635178
T30,edge,off_reconfiguration,-1,True,4.6145117824419084e-07,0.00024890686760580005,0.6391266897010461,0.32609062280239803,True,0.019997948919410924
T30,edge,off_reconfiguration,-1,True,1.076853214310869e-07,1.2253957093157758e-05,0.6537986339536237,0.3326457817815329,True,0.019996782259040752
T30,edge,off_reconfiguration,-1,True,2.3841455885086404e-07,6.097163388881823e-06,0.659127997165103,0.325979627841108,True,0.01999779939005597
T30,edge,off_reconfiguration,-1,True,8.389713889484162e-08,4.353408482428141e-06,0.659127997165103,0.3326457817815329,True,0.019996782259040752
T30,edge,off_reconfiguration,-1,True,5.832089105690869e-07,0.000336641335572952,0.33951454623369476,0.2635062393003878,True,0.019999755092533628
T30,edge,off_reconfiguration,-1,True,3.633455102577697e-07,0.00019317748997066858,0.4095872123245709,0.27895458203291995,True,0.019999676286790974
T30,edge,off_reconfiguration,-1,True,3.633455102577697e-07,0.00019317748997066858,0.4095872123245709,0.27895458203291995,True,0.019999676286790974
T30,edge,off_reconfiguration,-1,True,4.3955682980905933e-07,0.00019317748997066858,0.4095872123245709,0.27895458203291995,True,0.019999676286790974
T30,edge,off_reconfiguration,-1,True,2.9888554851277013e-06,0.0018531469214363087,0.18648823797676636,0.14527764419289868,True,0.020000876812057117
T30,edge,off_reconfiguration,-1,True,2.9888554851277013e-06,0.0018531469214363087,0.18648823797676636,0.14303647956995058,True,0.020000876812057117
T30,edge,off_reconfiguration,-1,True,2.9888554851277013e-06,0.0018531469214363087,0.18648823797676636,0.14799681364087924,True,0.020000876812057117
T30,edge,off_reconfiguration,-1,True,1.2797603864528812e-05,0.0018531469214363087,0.08297374548732739,0.15336544398517038,True,0.02000118016098179
T30,edge,off_reconfiguration,-1,True,2.381827582384492e-06,0.00022772721607248404,0.5814724692916106,0.08809610577897097,True,0.020000852899066834
T30,edge,off_reconfiguration,-1,True,2.528635113633748e-06,0.00022133330494926104,0.5851310367071124,0.09672673946843485,True,0.020000847336756306
T30,edge,off_reconfiguration,-1,True,2.381827582384492e-06,0.00039554053179004353,0.5356932479033305,0.09672673946843485,True,0.02000090034758531
T30,edge,off_reconfiguration,-1,True,2.381827582384492e-06,0.00031250564707484204,0.5619501161621339,0.08940566058241915,True,0.020001650583416186
T30,edge,off_reconfiguration,-1,True,1.8102301804003949e-06,0.0012173087762221361,0.2956769926939967,0.07698115737556131,True,0.020007636437487875
T30,edge,off_reconfiguration,-1,True,1.8102301804003949e-06,0.0009327034558357533,0.3631594987970899,0.07698115737556131,True,0.020005688164348195
T30,edge,off_reconfiguration,-1,True,1.954796312446914e-06,0.0009327034558357533,0.3631594987970899,0.07340479086854833,True,0.020005432071511425
T30,edge,off_reconfiguration,-1,True,6.510497534472295e-06,0.002184064629145828,0.15444261310329283,0.07698115737556131,True,0.020005432071511425
T30,edge,off_reconfiguration,-1,True,4.89323314963278e-06,0.001358330527740575,0.1855005608122346,0.15558080691480872,True,0.020001677109664273
T30,edge,off_reconfiguration,-1,True,2.664999299028493e-06,0.0007784009362901207,0.2927376105129291,0.1632544443548058,True,0.020000144529108033
T30,edge,off_reconfiguration,-1,True,2.664999299028493e-06,0.0007784009362901207,0.2927376105129291,0.1632544443548058,True,0.020000144529108033
T30,edge,off_reconfiguration,-1,True,3.988343322415678e-06,0.0007784009362901207,0.2927376105129291,0.14971395905553456,True,0.020000144529108033
T30,edge,off_reconfiguration,-1,True,6.190662016089784e-07,8.661911287917773e-05,0.6297150082145418,0.25538194140696335,True,0.01999975159840295
T30,edge,off_reconfiguration,-1,True,6.190662016089784e-07,6.910294317256409e-05,0.6414196384735761,0.26052799435883345,True,0.019999742834706513
T30,edge,off_reconfiguration,-1,True,6.530936252084646e-07,7.869551775057869e-05,0.6215297031116435,0.2534414363542272,True,0.019999742834706513
T30,edge,off_reconfiguration,-1,True,6.190662016089784e-07,6.910294317256409e-05,0.6414196384735761,0.26052799435883345,True,0.019999742834706513
T30,edge,off_reconfiguration,-1,True,5.534209161097216e-07,3.025781511322985e-05,0.7271188135366757,0.29677590117393243,True,0.019999597561097704
T30,edge,off_reconfiguration,-1,True,4.786856483080568e-07,3.025781511322985e-05,0.7271188135366757,0.29677590117393243,True,0.019999597561097704
T30,edge,off_reconfiguration,-1,True,4.786856483080568e-07,0.00016827789768000774,0.7271188135366757,0.29677590117393243,True,0.019999597561097704
T30,edge,off_reconfiguration,-1,True,4.786856483080568e-07,3.025781511322985e-05,0.7271188135366757,0.29677590117393243,True,0.019999597561097704
T30,edge,off_reconfiguration,-1,True,5.864241140688309e-07,0.00022601470341133078,0.4493494473761103,0.210728040816214,True,0.01999978473225872
T30,edge,off_reconfiguration,-1,True,5.201863707653064e-07,0.00022307195494983287,0.4493494473761103,0.210728040816214,True,0.01999978473225872
T30,edge,off_reconfiguration,-1,True,5.549773319496655e-07,0.0002902315576319713,0.4493494473761103,0.2035268153365825,True,0.01999978473225872
T30,edge,off_reconfiguration,-1,True,6.148773009340728e-07,0.0003187241197068121,0.4493494473761103,0.19921063067958544,True,0.01999978473225872
T30,edge,off_reconfiguration,-1,True,6.510497534472295e-06,0.002184064629145828,0.15444261310329283,0.08108794647211454,True,0.020007636437487875
T30,edge,off_reconfiguration,-1,True,6.510497534472295e-06,0.002184064629145828,0.15444261310329283,0.07698115737556131,True,0.020005432071511425
T30,edge,off_reconfiguration,-1,True,6.510497534472295e-06,0.002184064629145828,0.15444261310329283,0.0858362044605737,True,0.020007911140032558
T30,edge,off_reconfiguration,-1,True,6.510497534472295e-06,0.002184064629145828,0.15444261310329283,0.0858362044605737,True,0.02000748997947452
T30,edge,off_reconfiguration,-1,True,2.1322335749223466e-06,0.0003013905621860748,0.5337769018274925,0.07242789875245775,True,0.020001781978970318
T30,edge,off_reconfiguration,-1,True,2.1322335749223466e-06,0.00035032924311272177,0.527843538127417,0.07555596633832509,True,0.020002368756470157
T30,edge,off_reconfiguration,-1,True,2.307956480597368e-06,0.00022772721607248404,0.5747137514090068,0.07601166195787036,True,0.020000852899066834
T30,edge,off_reconfiguration,-1,True,2.1322335749223466e-06,0.00032444297254258085,0.5576548186225679,0.07601166195787036,True,0.02000187601374176
T30,edge,off_reconfiguration,-1,True,1.9466301362747993e-06,0.00012666675129085068,0.45241446349964565,0.12725526115093375,True,0.02000067725257504
T30,edge,off_reconfiguration,-1,True,1.8338697779747753e-06,0.0004316448544065616,0.45241446349964565,0.12889382053505036,True,0.020000608483223214
T30,edge,off_reconfiguration,-1,True,1.657830639753183e-06,0.0010260828429876515,0.2813475403949778,0.13999553223671474,True,0.020000462154968063
T30,edge,off_reconfiguration,-1,True,2.528635113633748e-06,0.00012666675129085068,0.45241446349964565,0.10498102097891293,True,0.020000786157509914
T30,edge,off_reconfiguration,-1,True,1.0717732088167553e-05,0.0026016110922682267,0.1154383030459386,0.23385622707291326,True,0.0199999222656351
T30,edge,off_reconfiguration,-1,True,1.9381401428793606e-06,0.0009664310389919717,0.11543505178821056,0.233851292298748,True,0.019999923714611872
T30,edge,off_reconfiguration,-1,True,5.832089105690869e-07,0.000336641335572952,0.20996554950832472,0.2511546623657127,True,0.01999978074158995
T30,edge,off_reconfiguration,-1,True,5.650414426110956e-07,0.0002692001243870252,0.20996554950832472,0.2511546623657127,True,0.01999978074158995
T30,edge,off_reconfiguration,-1,True,1.848183657833072e-05,0.006300786983115226,0.1154383030459386,0.23385622707291326,True,0.0199999222656351
T30,edge,off_reconfiguration,-1,True,1.848183657833072e-05,0.006300786983115226,0.11543505178821056,0.233851292298748,True,0.019999923714611872
T30,edge,off_reconfiguration,-1,True,1.848183657833072e-05,0.006300786983115226,0.20990294494457568,0.251137043279651,True,0.01999978153310422
T30,edge,off_reconfiguration,-1,True,1.848183657833072e-05,0.006300786983115226,0.20990294494457568,0.251137043279651,True,0.01999978153310422
T30,edge,off_reconfiguration,-1,True,3.827427831262666e-07,1.4158234202550827e-05,0.5730062835324695,0.3085106485662705,True,0.019999266367170948
T30,edge,off_reconfiguration,-1,True,4.6145117824419084e-07,0.00024890686760580005,0.6137062319941702,0.3154808441504432,True,0.019998909519903213
T30,edge,off_reconfiguration,-1,True,3.3269349102257545e-07,9.583585410390605e-06,0.6137062319941702,0.3154808441504432,True,0.019998909519903213
T30,edge,off_reconfiguration,-1,True,3.3269349102257545e-07,3.235340282647995e-05,0.5732130758575884,0.31248690444972366,True,0.01999917155734207
T30,edge,off_reconfiguration,-1,True,1.3241949020471105e-07,1.5248884911748957e-05,0.6939523956373989,0.3518168446608894,True,0.01999119900291338
T30,edge,off_reconfiguration,-1,True,1.3781421872334701e-07,2.4715235582738938e-05,0.6936801791073746,0.35498029040416734,True,0.019991088641015564
T30,edge,off_reconfiguration,-1,True,1.2786501844057468e-07,1.7683628851157155e-05,0.7183514789822815,0.3560566696216049,True,0.019991820083534978
T30,edge,off_reconfiguration,-1,True,1.2786501844057468e-07,5.7905745997743736e-06,0.7183514789822815,0.3560566696216049,True,0.019992051773795178
T30,edge,off_reconfiguration,-1,True,2.761731045095691e-07,1.2372355563799738e-05,0.7446069635560321,0.34306657952982184,True,0.01999788262093244
T30,edge,off_reconfiguration,-1,True,3.4362381517727137e-07,1.5509568494356516e-05,0.7402542384229021,0.33615626768003787,True,0.01999823975161716
T30,edge,off_reconfiguration,-1,True,2.626666166152496e-07,3.8248678201223815e-05,0.727154931987713,0.34007251518383164,True,0.01999788262093244
T30,edge,off_reconfiguration,-1,True,2.626666166152496e-07,3.67717841477353e-05,0.7174262559662766,0.34306657952982184,True,0.01999788262093244
T30,edge,off_reconfiguration,-1,True,5.235446217106858e-07,3.1808081699135193e-05,0.7510820258680133,0.3149297469703261,True,0.019999347112636012
T30,edge,off_reconfiguration,-1,True,4.374055237286765e-07,2.3334744287397123e-05,0.7450350675373562,0.30938466868940234,True,0.0199994463419004
T30,edge,off_reconfiguration,-1,True,4.155484676175238e-07,0.00016827789768000774,0.7356353597833377,0.31261270939072955,True,0.019999348798511507
T30,edge,off_reconfiguration,-1,True,5.534209161097216e-07,2.4223711491474025e-05,0.7306190375802817,0.30330089268333116,True,0.019999520383358144
T30,edge,off_reconfiguration,-1,True,8.874700828854906e-09,2.2588727439225506e-06,0.7158670579901354,0.22693713552439576,True,0.01999967772139838
T30,edge,off_reconfiguration,-1,True,8.874700828854906e-09,2.2588727439225506e-06,0.7158670579901354,0.23144967826954135,True,0.019999677862843346
T30,edge,off_reconfiguration,-1,True,3.9885328505690114e-07,7.393896667355496e-06,0.7017228200623388,0.23227688711626537,True,0.01999967772139838
T30,edge,off_reconfiguration,-1,True,6.799110534171187e-07,7.754784247178826e-05,0.7021844489285759,0.22557560000625052,True,0.01999967772139838
T30,edge,off_reconfiguration,-1,True,5.100343445617944e-07,0.00015961914259437322,0.7232064657796657,0.2415264386155524,True,0.01999969045124861
T30,edge,off_reconfiguration,-1,True,2.4944612068656484e-07,0.00013330357033767916,0.7207110704186568,0.2415264386155524,True,0.019999687840118824
T30,edge,off_reconfiguration,-1,True,4.88213698478194e-07,0.00011423031947844379,0.7223736193555367,0.2415264386155524,True,0.019999691829499705
T30,edge,off_reconfiguration,-1,True,2.4944612068656484e-07,0.00011423031947844379,0.7211266481557286,0.23144967826954135,True,0.019999687840118824
T30,edge,off_reconfiguration,-1,True,6.799110534171187e-07,7.754784247178826e-05,0.7017228200623388,0.22557560000625052,True,0.019999677567246688
T30,edge,off_reconfiguration,-1,True,3.9885328505690114e-07,7.393896667355496e-06,0.7017228200623388,0.23227688711626537,True,0.01999967772139838
T30,edge,off_reconfiguration,-1,True,5.071185285296893e-07,3.7342228332969065e-05,0.6880548252977933,0.234099362653379,True,0.01999967973882477
T30,edge,off_reconfiguration,-1,True,3.9885328505690114e-07,7.393896667355496e-06,0.7017228200623388,0.22693713552439576,True,0.019999677567246688
T30,edge,off_reconfiguration,-1,True,7.439156038432293e-07,0.0003723040510246805,0.6736976167539961,0.19206891242925836,True,0.01999963191486062
T30,edge,off_reconfiguration,-1,True,5.801875670366746e-07,0.0002919905870183611,0.6854246733929917,0.1971313208020548,True,0.019999650473097735
T30,edge,off_reconfiguration,-1,True,7.258825694525694e-07,0.0003724900038964875,0.7001078863490922,0.17927396513248825,True,0.01999962759883897
T30,edge,off_reconfiguration,-1,True,5.801875670366746e-07,0.0002919905870183611,0.7001078863490922,0.19578026070892715,True,0.01999962759883897
T30,edge,off_reconfiguration,-1,True,5.100343445617944e-07,0.00015961914259437322,0.7223736193555367,0.2425648158388988,True,0.019999691829499705
T30,edge,off_reconfiguration,-1,True,5.227828068299033e-07,0.00010728371657593778,0.7173408389870316,0.2425648158388988,True,0.019999696805641815
T30,edge,off_reconfiguration,-1,True,4.88213698478194e-07,0.00011423031947844379,0.7223736193555367,0.2415264386155524,True,0.019999691829499705
T30,edge,off_reconfiguration,-1,True,5.855021283022666e-07,0.00010728371657593778,0.7105817676944474,0.23074778988439704,True,0.019999691829499705
T30,edge,off_reconfiguration,-1,True,3.4892750178047445e-07,0.00013551622886955145,0.6967059733803207,0.2682111798920282,True,0.019999649244531292
T30,edge,off_reconfiguration,-1,True,3.4892750178047445e-07,0.00018002683332865935,0.6967059733803207,0.2715535261039998,True,0.019999635577299973
T30,edge,off_reconfiguration,-1,True,3.4892750178047445e-07,0.0001350312592994617,0.6732874144507569,0.2715535261039998,True,0.019999635577299973
T30,edge,off_reconfiguration,-1,True,3.4892750178047445e-07,0.00019662205028447472,0.6967059733803207,0.2715535261039998,True,0.019999635577299973
T30,edge,off_reconfiguration,-1,True,7.85857461924551e-07,4.512902450375345e-05,0.6924773751837277,0.22378398591621207,True,0.019999682967631632
T30,edge,off_reconfiguration,-1,True,7.858837075079132e-07,6.087591697911327e-05,0.6891658241719217,0.21918157777951655,True,0.019999682967631632
T30,edge,off_reconfiguration,-1,True,5.855021283022666e-07,0.00010272284341593778,0.7105817676944474,0.23074778988439704,True,0.019999696805641815
T30,edge,off_reconfiguration,-1,True,5.855021283022666e-07,0.00010728371657593778,0.7105817676944474,0.23074778988439704,True,0.019999691829499705
T30,edge,off_reconfiguration,-1,True,7.923145869823615e-07,0.0003724900038964875,0.7005343064870798,0.1783076700415828,True,0.019999603195501398
T30,edge,off_reconfiguration,-1,True,9.118981934676491e-07,0.0004371671235390738,0.692822945904082,0.16456512929475905,True,0.019999611004270834
T30,edge,off_reconfiguration,-1,True,1.0441377367681274e-06,0.00047964681266738133,0.6734610114398161,0.17062541509183685,True,0.0199996330226698
T30,edge,off_reconfiguration,-1,True,9.14709213145784e-07,0.0004407308238094895,0.6929705362647491,0.1645183467237906,True,0.019999612406987943
T30,edge,off_reconfiguration,-1,True,7.519500698300088e-07,6.901322304201598e-05,0.6432206036224319,0.24972284905671238,True,0.01999967399039404
T30,edge,off_reconfiguration,-1,True,7.308130483724838e-07,3.786560717299305e-05,0.6680901464285955,0.24514867150793912,True,0.01999967973882477
T30,edge,off_reconfiguration,-1,True,8.67625458388045e-07,8.882939365740282e-05,0.6569255494679032,0.2365510554813707,True,0.01999967399039404
T30,edge,off_reconfiguration,-1,True,1.168280837275836e-06,0.00016728081849120115,0.5982987108974738,0.2446891496374727,True,0.01999967399039404
T30,edge,off_reconfiguration,-1,True,1.0127523361172846e-06,0.00022475013534319836,0.6180007728298045,0.21808117512817676,True,0.01999965348897681
T30,edge,off_reconfiguration,-1,True,1.317024506119595e-06,0.00027234308731844103,0.5776578699735437,0.21808117512817676,True,0.019999648975572853
T30,edge,off_reconfiguration,-1,True,1.1911276269669834e-06,0.00031886359760004726,0.5798805575443712,0.2058290179675428,True,0.019999648975572853
T30,edge,off_reconfiguration,-1,True,9.941056708826375e-07,0.00022475013534319836,0.6180007728298045,0.21808117512817676,True,0.01999967215509099
T30,edge,off_reconfiguration,-1,True,9.14709213145784e-07,0.0004407308238094895,0.692822945904082,0.1645183467237906,True,0.019999612406987943
T30,edge,off_reconfiguration,-1,True,9.14709213145784e-07,0.0004407308238094895,0.6929705362647491,0.1645183467237906,True,0.019999612406987943
T30,edge,off_reconfiguration,-1,True,9.14709213145784e-07,0.0004407308238094895,0.6743370642831673,0.14987708246194348,True,0.01999969381561681
T30,edge,off_reconfiguration,-1,True,9.14709213145784e-07,0.0004407308238094895,0.6929705362647491,0.1645183467237906,True,0.019999612406987943
T30,edge,off_reconfiguration,-1,True,7.858837075079132e-07,6.087591697911327e-05,0.6891658241719217,0.21918157777951655,True,0.019999672520426393
T30,edge,off_reconfiguration,-1,True,7.85857461924551e-07,4.512902450375345e-05,0.6924773751837277,0.22378398591621207,True,0.019999682967631632
T30,edge,off_reconfiguration,-1,True,7.85857461924551e-07,7.738317221245908e-05,0.6924773751837277,0.21715385863044626,True,0.019999672520426393
T30,edge,off_reconfiguration,-1,True,7.85857461924551e-07,0.00010272284341593778,0.6924773751837277,0.22378398591621207,True,0.019999696805641815
T30,edge,off_reconfiguration,-1,True,3.237457989002019e-07,0.00019662205028447472,0.702509414639897,0.2881619501767479,True,0.01999952992805265
T30,edge,off_reconfiguration,-1,True,2.930419144803831e-07,0.00019662205028447472,0.7108942619049603,0.27760504505596856,True,0.019999622193697025
T30,edge,off_reconfiguration,-1,True,2.930419144803831e-07,0.00019662205028447472,0.6995569417892034,0.2881619501767479,True,0.01999952992805265
T30,edge,off_reconfiguration,-1,True,2.930419144803831e-07,0.00019662205028447472,0.6858401448822518,0.2881619501767479,True,0.01999952992805265
T30,edge,off_reconfiguration,-1,True,2.813008931325848e-07,0.0001322081654762589,0.6797971934779178,0.2982956597588283,True,0.019999379589318522
T30,edge,off_reconfiguration,-1,True,2.8403391468987217e-07,0.00016626899261381567,0.6858401448822518,0.2982956597588283,True,0.019999379589318522
T30,edge,off_reconfiguration,-1,True,3.197951917231196e-07,0.0001322081654762589,0.6732874144507569,0.2884263586811843,True,0.019999511657966124
T30,edge,off_reconfiguration,-1,True,2.813008931325848e-07,0.0001322081654762589,0.6752415277556993,0.2982956597588283,True,0.019999379589318522
T30,edge,off_reconfiguration,-1,True,4.5693706375994817e-07,0.00012229245806942045,0.7138053531904508,0.2704691812416343,True,0.019999675330281852
T30,edge,off_reconfiguration,-1,True,5.993003115673784e-07,0.00012104932706736427,0.7063488927701749,0.2704691812416343,True,0.019999682528855672
T30,edge,off_reconfiguration,-1,True,4.5693706375994817e-07,0.00012104932706736427,0.7138053531904508,0.2704691812416343,True,0.019999675330281852
T30,edge,off_reconfiguration,-1,True,4.5693706375994817e-07,0.0001233340972065795,0.7138053531904508,0.2704691812416343,True,0.019999675330281852
T30,edge,off_reconfiguration,-1,True,8.401335435207123e-07,0.0002623406219324983,0.6423348623587158,0.18363392838225687,True,0.01999960569382017
T30,edge,off_reconfiguration,-1,True,9.934175657668943e-07,0.0002930123291729161,0.6026168193200085,0.17934033223218465,True,0.019999593906671997
T30,edge,off_reconfiguration,-1,True,8.401335435207123e-07,0.0002623406219324983,0.6356453186117299,0.18363392838225687,True,0.019999593906671997
T30,edge,off_reconfiguration,-1,True,8.401335435207123e-07,0.0002623406219324983,0.6423348623587158,0.18363392838225687,True,0.0199996222255856
T30,edge,off_reconfiguration,-1,True,1.0717439525787594e-06,0.00047934353240218025,0.6715908833217954,0.14987708246194348,True,0.01999969381561681
T30,edge,off_reconfiguration,-1,True,1.0717439525787594e-06,0.00047934353240218025,0.6715908833217954,0.15393221328280202,True,0.019999675014288038
T30,edge,off_reconfiguration,-1,True,1.2081907176956758e-06,0.0005067979077312037,0.6562018874437711,0.13885151655109387,True,0.019999851418126047
T30,edge,off_reconfiguration,-1,True,1.0717439525787594e-06,0.00047964681266738133,0.6715908833217954,0.15393221328280202,True,0.019999675014288038
T30,edge,off_reconfiguration,-1,True,1.317024506119595e-06,0.00027234308731844103,0.5776578699735437,0.2190279652179573,True,0.01999965348897681
T30,edge,off_reconfiguration,-1,True,1.317024506119595e-06,0.00027234308731844103,0.5776578699735437,0.21808117512817676,True,0.019999648975572853
T30,edge,off_reconfiguration,-1,True,1.317024506119595e-06,0.00031886359760004726,0.5776578699735437,0.2058290179675428,True,0.019999637638153628
T30,edge,off_reconfiguration,-1,True,1.4338979771762734e-06,0.00027234308731844103,0.5439235340557285,0.2190279652179573,True,0.019999645162270097
T30,edge,off_reconfiguration,-1,True,4.722419228965358e-07,3.6453235348300105e-05,0.6221625458373213,0.2860585638613571,True,0.019999534579084127
T30,edge,off_reconfiguration,-1,True,4.722419228965358e-07,9.764423722147483e-05,0.6295863966433757,0.2860585638613571,True,0.019999534579084127
T30,edge,off_reconfiguration,-1,True,4.722419228965358e-07,4.755143657012685e-05,0.5976332769922365,0.2860585638613571,True,0.019999534579084127
T30,edge,off_reconfiguration,-1,True,1.0456204201683056e-06,0.0001949522530037957,0.553783033381347,0.26400110359923085,True,0.019999650957795295
T30,edge,off_reconfiguration,-1,True,1.389642024392869e-06,0.00047592960797320167,0.5313078351655679,0.1912109472786997,True,0.01999962849143977
T30,edge,off_reconfiguration,-1,True,2.0630013615763586e-06,0.00047592960797320167,0.4706464437422986,0.1912109472786997,True,0.019999615947373983
T30,edge,off_reconfiguration,-1,True,2.7255837244637375e-06,0.0005070588927009352,0.4130607711052615,0.1912109472786997,True,0.019999615947373983
T30,edge,off_reconfiguration,-1,True,1.389642024392869e-06,0.00047592960797320167,0.5313078351655679,0.1912109472786997,True,0.019999637638153628
T30,edge,off_reconfiguration,-1,True,1.2081907176956758e-06,0.0005067979077312037,0.6562018874437711,0.13885151655109387,True,0.019999851418126047
T30,edge,off_reconfiguration,-1,True,1.3832968911365358e-06,0.0005475678461707108,0.6260694808297277,0.12579428812164403,True,0.020000313502233802
T30,edge,off_reconfiguration,-1,True,1.2081907176956758e-06,0.0005067979077312037,0.6562018874437711,0.13885151655109387,True,0.019999851418126047
T30,edge,off_reconfiguration,-1,True,1.2081907176956758e-06,0.0005067979077312037,0.6562018874437711,0.13885151655109387,True,0.019999851418126047
T30,edge,off_reconfiguration,-1,True,9.934175657668943e-07,0.0002930123291729161,0.6026168193200085,0.17934033223218465,True,0.019999593906671997
T30,edge,off_reconfiguration,-1,True,1.202492641631829e-06,0.00033242178794258835,0.5517195927198105,0.16975635593077332,True,0.01999956814290149
T30,edge,off_reconfiguration,-1,True,9.934175657668943e-07,0.0002930123291729161,0.6026168193200085,0.17934033223218465,True,0.01999959317041647
T30,edge,off_reconfiguration,-1,True,9.934175657668943e-07,0.0002930123291729161,0.6026168193200085,0.17934033223218465,True,0.01999960569382017
T30,edge,off_reconfiguration,-1,True,5.993003115673784e-07,0.00012104932706736427,0.7063488927701749,0.2704691812416343,True,0.019999682528855672
T30,edge,off_reconfiguration,-1,True,5.993003115673784e-07,0.00010426530417042971,0.7063488927701749,0.27132087217827433,True,0.019999682528855672
T30,edge,off_reconfiguration,-1,True,5.993003115673784e-07,7.958434453939543e-05,0.6888157514545571,0.2634054089552457,True,0.019999714421125664
T30,edge,off_reconfiguration,-1,True,5.993003115673784e-07,0.00012229245806942045,0.7063488927701749,0.27132087217827433,True,0.019999682528855672
T30,edge,off_reconfiguration,-1,True,2.6484291640159714e-07,0.0001463244491284684,0.6797971934779178,0.3061945472631304,True,0.019999215368698503
T30,edge,off_reconfiguration,-1,True,2.666268370998404e-07,0.0001463244491284684,0.6752415277556993,0.30885322493929196,True,0.019999146432564008
T30,edge,off_reconfiguration,-1,True,2.6484291640159714e-07,0.0001463244491284684,0.6824480813321806,0.3139230429901571,True,0.019998984815930432
T30,edge,off_reconfiguration,-1,True,2.8403391468987217e-07,0.00016626899261381567,0.6931365258467341,0.30157458954356603,True,0.01999932429920606
T30,edge,off_reconfiguration,-1,True,2.1784985385357345e-07,8.150296913558185e-05,0.6609879833328697,0.31276232329485604,True,0.019999038260880397
T30,edge,off_reconfiguration,-1,True,2.0223856300333383e-07,0.00011017981157032208,0.6664391962669926,0.3190705562005489,True,0.019998794389523872
T30,edge,off_reconfiguration,-1,True,1.964540842548187e-07,8.150296913558185e-05,0.6533391914696124,0.3190705562005489,True,0.019998794389523872
T30,edge,off_reconfiguration,-1,True,2.666268370998404e-07,0.00011128571862187514,0.6664391962669926,0.30885322493929196,True,0.019999146432564008
T30,edge,off_reconfiguration,-1,True,2.781313846325464e-07,0.00011929023643543444,0.7159469370407759,0.3049322655017182,True,0.019999310328563558
T30,edge,off_reconfiguration,-1,True,3.5361766073688197e-07,0.00011929023643543444,0.7137444360303189,0.29421675675605813,True,0.019999519134241667
T30,edge,off_reconfiguration,-1,True,4.234825991661185e-07,0.0001233340972065795,0.7156897381735887,0.2891665727097157,True,0.019999560338521072
T30,edge,off_reconfiguration,-1,True,2.577856723965938e-07,0.00011929023643543444,0.7133130834285214,0.30725210447989054,True,0.01999926846668909
T30,edge,off_reconfiguration,-1,True,7.437131750505644e-07,0.00011093473630567887,0.6352828638447642,0.22516863811496926,True,0.01999969486556974
T30,edge,off_reconfiguration,-1,True,8.134396970612229e-07,0.00011093473630567887,0.6352828638447642,0.2264471847864865,True,0.019999701788902924
T30,edge,off_reconfiguration,-1,True,6.861921321185771e-07,0.00012137706905472904,0.6051172443840248,0.2264471847864865,True,0.01999973714715597
T30,edge,off_reconfiguration,-1,True,8.543382187407073e-07,0.00021691060025127198,0.5480756654022069,0.20031578364751285,True,0.01999969486556974
T30,edge,off_reconfiguration,-1,True,1.3563739736947152e-06,0.0006177599559396977,0.5544155668664138,0.1405279729296223,True,0.020000068579562907
T30,edge,off_reconfiguration,-1,True,1.3563739736947152e-06,0.0006177599559396977,0.5544155668664138,0.1405279729296223,True,0.020000068579562907
T30,edge,off_reconfiguration,-1,True,2.155759272956988e-06,0.0006177599559396977,0.41348733747072286,0.1328687451786056,True,0.020000068579562907
T30,edge,off_reconfiguration,-1,True,1.3563739736947152e-06,0.0006177599559396977,0.5544155668664138,0.1405279729296223,True,0.020000068579562907
T30,edge,off_reconfiguration,-1,True,1.661791021576346e-06,0.0005414150226548318,0.5833056682164535,0.12674719098099363,True,0.020000365712114915
T30,edge,off_reconfiguration,-1,True,1.375667638024442e-06,0.0005724792635788732,0.6189517154445742,0.13441762381549505,True,0.020000045522702126
T30,edge,off_reconfiguration,-1,True,1.375667638024442e-06,0.0005175896667759691,0.6167284805488796,0.13441762381549505,True,0.020000045522702126
T30,edge,off_reconfiguration,-1,True,1.4079144398161534e-06,0.0006586165076595101,0.5649707956158794,0.13441762381549505,True,0.020000045522702126
T30,edge,off_reconfiguration,-1,True,2.7255837244637375e-06,0.0005070588927009352,0.4130607711052615,0.19753555005633905,True,0.01999956671561895
T30,edge,off_reconfiguration,-1,True,2.0630013615763586e-06,0.0004530707344310849,0.4706464437422986,0.20208311791407582,True,0.01999962849143977
T30,edge,off_reconfiguration,-1,True,2.0630013615763586e-06,0.00047592960797320167,0.4706464437422986,0.1912109472786997,True,0.019999615947373983
T30,edge,off_reconfiguration,-1,True,2.0630013615763586e-06,0.0004530707344310849,0.4706464437422986,0.20208311791407582,True,0.019999637638153628
T30,edge,off_reconfiguration,-1,True,4.634972633669322e-07,4.755143657012685e-05,0.5976332769922365,0.29681981919807837,True,0.01999943037035018
T30,edge,off_reconfiguration,-1,True,4.722419228965358e-07,3.6453235348300105e-05,0.6221625458373213,0.2860585638613571,True,0.019999534579084127
T30,edge,off_reconfiguration,-1,True,4.634972633669322e-07,3.040201520779184e-05,0.6221625458373213,0.2977304803561808,True,0.019999402352511603
T30,edge,off_reconfiguration,-1,True,4.634972633669322e-07,7.854253524392704e-05,0.6221625458373213,0.2977304803561808,True,0.019999402352511603
T30,edge,off_reconfiguration,-1,True,2.016183453286932e-06,0.0004535619762338736,0.40661785179696824,0.23664863569408118,True,0.01999969622264841
T30,edge,off_reconfiguration,-1,True,1.4326351777838094e-06,0.00033504606032746473,0.4518774922399248,0.2460827539735205,True,0.019999701470350156
T30,edge,off_reconfiguration,-1,True,1.4326351777838094e-06,0.00033504606032746473,0.47584232170482677,0.2460827539735205,True,0.019999675922190013
T30,edge,off_reconfiguration,-1,True,1.5374628063910798e-06,0.00033504606032746473,0.47584232170482677,0.23451940666650242,True,0.019999675922190013
T30,edge,off_reconfiguration,-1,True,1.3717579819166657e-06,0.0008451444907049007,0.4085008144355824,0.15054773801680912,True,0.020000211178548805
T30,edge,off_reconfiguration,-1,True,1.4079144398161534e-06,0.0007492762465118173,0.48351546316843286,0.14819522517643957,True,0.020000064622376357
T30,edge,off_reconfiguration,-1,True,1.3717579819166657e-06,0.0007492762465118173,0.4602067681659125,0.14072223965198197,True,0.020000389116589273
T30,edge,off_reconfiguration,-1,True,1.5316620493101491e-06,0.0007492762465118173,0.48351546316843286,0.13685106097212377,True,0.020000256773197944
T30,edge,off_reconfiguration,-1,True,1.3832968911365358e-06,0.0005630998048876183,0.590427229571396,0.11268057043774682,True,0.02000116211119224
T30,edge,off_reconfiguration,-1,True,1.5642443420432308e-06,0.0005630998048876183,0.5543716097954056,0.10048470008162597,True,0.020002436068207174
T30,edge,off_reconfiguration,-1,True,1.5001915924419202e-06,0.0006613935971194394,0.5248656261263327,0.09874484050473037,True,0.020003151682582515
T30,edge,off_reconfiguration,-1,True,1.481060890477578e-06,0.0005630998048876183,0.5759310519762134,0.10249034421976518,True,0.020001690670048533
T30,edge,off_reconfiguration,-1,True,2.116767688496367e-06,0.00047848738378025973,0.4220868504789256,0.14726767687591746,True,0.0199995041571904
T30,edge,off_reconfiguration,-1,True,1.534418695179597e-06,0.0004205249072625018,0.49000701696783633,0.15770292655868612,True,0.01999953434012608
T30,edge,off_reconfiguration,-1,True,2.208562165289813e-06,0.0004944904834112225,0.4126012645073755,0.15288764118196094,True,0.0199995041571904
T30,edge,off_reconfiguration,-1,True,2.677702437588814e-06,0.0005210132253186228,0.361529848006205,0.1463470815240118,True,0.0199995041571904
T30,edge,off_reconfiguration,-1,True,6.787910942690506e-07,7.174239171520505e-05,0.6388980293488715,0.248337240176107,True,0.019999746060216095
T30,edge,off_reconfiguration,-1,True,6.787910942690506e-07,4.869504559169141e-05,0.6628114802581384,0.25370381790416346,True,0.01999973482831585
T30,edge,off_reconfiguration,-1,True,6.787910942690506e-07,8.109052021984124e-05,0.6405867437292059,0.2519250231387413,True,0.019999748677962587
T30,edge,off_reconfiguration,-1,True,6.787910942690506e-07,7.553846469684804e-05,0.6307654398628859,0.2506763677540071,True,0.0199997533262897
T30,edge,off_reconfiguration,-1,True,1.9380188331687556e-07,0.00010619104680647616,0.7034427312069133,0.3254794931547763,True,0.019998553806486158
T30,edge,off_reconfiguration,-1,True,2.940807150216551e-07,0.0001015093421818094,0.7133130834285214,0.3254794931547763,True,0.019998553806486158
T30,edge,off_reconfiguration,-1,True,2.5948641525700914e-07,0.0001015093421818094,0.7133130834285214,0.3170518609668851,True,0.019999058094184036
T30,edge,off_reconfiguration,-1,True,1.9380188331687556e-07,0.0001015093421818094,0.7062772201506883,0.3254794931547763,True,0.019998553806486158
T30,edge,off_reconfiguration,-1,True,2.0447546307477927e-07,5.507998116610668e-05,0.6332157110304819,0.32575764694797416,True,0.019998545996057576
T30,edge,off_reconfiguration,-1,True,1.964540842548187e-07,8.150296913558185e-05,0.6533391914696124,0.3190705562005489,True,0.019998794389523872
T30,edge,off_reconfiguration,-1,True,2.3159789986465037e-07,5.507998116610668e-05,0.6243769903236334,0.31194937250416854,True,0.019999114338492968
T30,edge,off_reconfiguration,-1,True,2.1784985385357345e-07,7.854253524392704e-05,0.6533391914696124,0.31276232329485604,True,0.019999038260880397
T30,edge,off_reconfiguration,-1,True,1.5251824057850655e-07,6.655054674132672e-05,0.6725468825230139,0.3461673559011025,True,0.019996360362560445
T30,edge,off_reconfiguration,-1,True,1.3766602181400216e-07,6.655054674132672e-05,0.6782292566238802,0.3461673559011025,True,0.019996360362560445
T30,edge,off_reconfiguration,-1,True,1.3458767584572142e-07,6.655054674132672e-05,0.6782292566238802,0.3461673559011025,True,0.019996360362560445
T30,edge,off_reconfiguration,-1,True,1.3458767584572142e-07,8.388298918728377e-05,0.6782292566238802,0.34246165432082387,True,0.019996881162929803
T30,edge,off_reconfiguration,-1,True,3.903156445673669e-07,6.257642484586067e-05,0.7194594315789481,0.31303476800881636,True,0.019999246031920576
T30,edge,off_reconfiguration,-1,True,3.017091512228258e-07,6.257642484586067e-05,0.7194594315789481,0.3170518609668851,True,0.019999058094184036
T30,edge,off_reconfiguration,-1,True,2.940807150216551e-07,6.257642484586067e-05,0.7194594315789481,0.3170518609668851,True,0.019999058094184036
T30,edge,off_reconfiguration,-1,True,2.5948641525700914e-07,0.0001015093421818094,0.7133130834285214,0.3170518609668851,True,0.019999058094184036
T30,edge,off_reconfiguration,-1,True,5.424570643892151e-07,0.00012137706905472904,0.6051172443840248,0.2327454945210288,True,0.019999746060216095
T30,edge,off_reconfiguration,-1,True,5.862191087037718e-07,0.00012137706905472904,0.6051172443840248,0.2327454945210288,True,0.01999975539720522
T30,edge,off_reconfiguration,-1,True,6.787910942690506e-07,0.00012137706905472904,0.6051172443840248,0.2327454945210288,True,0.01999973714715597
T30,edge,off_reconfiguration,-1,True,6.650690689800983e-07,0.00012137706905472904,0.6051172443840248,0.2327454945210288,True,0.019999748677962587
T30,edge,off_reconfiguration,-1,True,2.155759272956988e-06,0.000607025257193237,0.41348733747072286,0.1328687451786056,True,0.020000026089029954
T30,edge,off_reconfiguration,-1,True,2.9071069511669332e-06,0.000607025257193237,0.35110628992871507,0.1328687451786056,True,0.020000026089029954
T30,edge,off_reconfiguration,-1,True,2.155759272956988e-06,0.0006177599559396977,0.41348733747072286,0.1328687451786056,True,0.020000068579562907
T30,edge,off_reconfiguration,-1,True,2.155759272956988e-06,0.000607025257193237,0.41348733747072286,0.1328687451786056,True,0.020000026089029954
T30,edge,off_reconfiguration,-1,True,1.5642443420432308e-06,0.0005562759555047456,0.5543716097954056,0.10048470008162597,True,0.020002436068207174
T30,edge,off_reconfiguration,-1,True,1.481060890477578e-06,0.0005630998048876183,0.5759310519762134,0.10249034421976518,True,0.020001690670048533
T30,edge,off_reconfiguration,-1,True,1.481060890477578e-06,0.0005360848736031456,0.5152099549790581,0.08941053328902555,True,0.020004037448842965
T30,edge,off_reconfiguration,-1,True,1.5001915924419202e-06,0.0006613935971194394,0.5248656261263327,0.09874484050473037,True,0.020003151682582515
T30,edge,off_reconfiguration,-1,True,1.3717579819166657e-06,0.0008451444907049007,0.4085008144355824,0.15054773801680912,True,0.020000211178548805
T30,edge,off_reconfiguration,-1,True,1.2994679827038095e-06,0.0008451444907049007,0.4085008144355824,0.14072223965198197,True,0.020000389116589273
T30,edge,off_reconfiguration,-1,True,1.5316620493101491e-06,0.0008451444907049007,0.4085008144355824,0.13685106097212377,True,0.020000256773197944
T30,edge,off_reconfiguration,-1,True,1.4079144398161534e-06,0.0008451444907049007,0.4085008144355824,0.14819522517643957,True,0.020000211178548805
T30,edge,off_reconfiguration,-1,True,1.4326351777838094e-06,0.00033504606032746473,0.4518774922399248,0.2460827539735205,True,0.019999701470350156
T30,edge,off_reconfiguration,-1,True,1.2972656698296685e-06,0.00033494379106603183,0.4518774922399248,0.2553074517801745,True,0.019999701470350156
T30,edge,off_reconfiguration,-1,True,2.016183453286932e-06,0.0004535619762338736,0.40661785179696824,0.23664863569408118,True,0.019999701470350156
T30,edge,off_reconfiguration,-1,True,1.2972656698296685e-06,0.00045027717761392445,0.3558761969767569,0.25495260782036394,True,0.01999978153652157
T30,edge,off_reconfiguration,-1,True,1.715931156550331e-07,3.45330068522745e-05,0.5925619315143047,0.31734126923732275,True,0.0199990694469718
T30,edge,off_reconfiguration,-1,True,2.0447546307477927e-07,2.171675268208478e-05,0.6046030049661989,0.32212386169458457,True,0.019998892003081026
T30,edge,off_reconfiguration,-1,True,1.9164003887806383e-07,2.171675268208478e-05,0.6046030049661989,0.3141335104549219,True,0.019999086509800618
T30,edge,off_reconfiguration,-1,True,1.982618219203802e-07,3.235340282647995e-05,0.5732130758575884,0.31248690444972366,True,0.01999917155734207
T30,edge,off_reconfiguration,-1,True,4.0009082504705905e-06,0.0007077649641314147,0.2988208514854253,0.21268253713142754,True,0.019999727994075844
T30,edge,off_reconfiguration,-1,True,3.162293078451932e-06,0.0006476310672168844,0.3170239611894267,0.22171263274672748,True,0.019999727994075844
T30,edge,off_reconfiguration,-1,True,3.162293078451932e-06,0.0006476310672168844,0.3170239611894267,0.21608442521069246,True,0.019999727994075844
T30,edge,off_reconfiguration,-1,True,3.162293078451932e-06,0.0006476310672168844,0.3170239611894267,0.21830565852432804,True,0.019999727994075844
T30,edge,off_reconfiguration,-1,True,1.5614152147407618e-06,0.0006157276791096303,0.4644936690715101,0.1260268591704137,True,0.020000698637081232
T30,edge,off_reconfiguration,-1,True,1.596311149422156e-06,0.0006289965485212802,0.4644936690715101,0.12995083973696905,True,0.020000652153972898
T30,edge,off_reconfiguration,-1,True,1.511691318500501e-06,0.00073873131684108,0.4602067681659125,0.12995083973696905,True,0.020000652153972898
T30,edge,off_reconfiguration,-1,True,1.511691318500501e-06,0.0009924419987677076,0.32800328785085303,0.12995083973696905,True,0.020000653899184512
T30,edge,off_reconfiguration,-1,True,1.447377156838959e-06,0.0005928331487399612,0.4997481366797341,0.0893672644848489,True,0.020004407657517403
T30,edge,off_reconfiguration,-1,True,1.5642443420432308e-06,0.0005562759555047456,0.5152099549790581,0.08941053328902555,True,0.020004037448842965
T30,edge,off_reconfiguration,-1,True,1.5001915924419202e-06,0.0006613935971194394,0.5152099549790581,0.08941053328902555,True,0.020004037448842965
T30,edge,off_reconfiguration,-1,True,1.481060890477578e-06,0.0005360848736031456,0.5152099549790581,0.08941053328902555,True,0.020004037448842965
T30,edge,off_reconfiguration,-1,True,2.9071069511669332e-06,0.0005609026451399458,0.35110628992871507,0.13933928312563046,True,0.01999945715644713
T30,edge,off_reconfiguration,-1,True,2.9071069511669332e-06,0.0005609026451399458,0.35110628992871507,0.13933928312563046,True,0.019999323790132972
T30,edge,off_reconfiguration,-1,True,2.9071069511669332e-06,0.0005609026451399458,0.35110628992871507,0.13933928312563046,True,0.01999938241737001
T30,edge,off_reconfiguration,-1,True,2.9071069511669332e-06,0.0005609026451399458,0.35110628992871507,0.13933928312563046,True,0.0199995041571904
T30,edge,off_reconfiguration,-1,True,5.862191087037718e-07,9.274748681252266e-05,0.6159927655111083,0.2444649056127677,True,0.01999975539720522
T30,edge,off_reconfiguration,-1,True,6.650690689800983e-07,9.274748681252266e-05,0.6159927655111083,0.2444649056127677,True,0.01999975539720522
T30,edge,off_reconfiguration,-1,True,5.862191087037718e-07,9.274748681252266e-05,0.6159927655111083,0.2444649056127677,True,0.01999975539720522
T30,edge,off_reconfiguration,-1,True,5.862191087037718e-07,0.00012137706905472904,0.6051172443840248,0.2327454945210288,True,0.01999975539720522
T30,edge,off_reconfiguration,-1,True,3.017091512228258e-07,6.001366809541013e-05,0.7215789843949036,0.32661414393540006,True,0.019998692937364226
T30,edge,off_reconfiguration,-1,True,3.017091512228258e-07,6.257642484586067e-05,0.7194594315789481,0.3170518609668851,True,0.019999058094184036
T30,edge,off_reconfiguration,-1,True,3.903156445673669e-07,4.1843619735380505e-05,0.7216908942185963,0.31303476800881636,True,0.019999246031920576
T30,edge,off_reconfiguration,-1,True,3.017091512228258e-07,4.1843619735380505e-05,0.7251297665209449,0.32661414393540006,True,0.019998692937364226
T30,edge,off_reconfiguration,-1,True,1.5251824057850655e-07,5.9513596297529106e-05,0.6725468825230139,0.3502314623197645,True,0.019995714008667897
T30,edge,off_reconfiguration,-1,True,1.3766602181400216e-07,4.753610481523206e-05,0.6757048676449448,0.34909196142910426,True,0.019994643094447317
T30,edge,off_reconfiguration,-1,True,1.3766602181400216e-07,5.257471286479977e-05,0.6797282516799922,0.3541873918697174,True,0.019994643094447317
T30,edge,off_reconfiguration,-1,True,1.3766602181400216e-07,6.655054674132672e-05,0.6782292566238802,0.3461673559011025,True,0.019996360362560445
T30,edge,off_reconfiguration,-1,True,1.6602984222275423e-07,1.2253957093157758e-05,0.6400427986908743,0.3307746064136448,True,0.019997657299226534
T30,edge,off_reconfiguration,-1,True,1.076853214310869e-07,1.2253957093157758e-05,0.6537986339536237,0.3326457817815329,True,0.019996782259040752
T30,edge,off_reconfiguration,-1,True,4.6145117824419084e-07,0.00024890686760580005,0.6391266897010461,0.32609062280239803,True,0.019997948919410924
T30,edge,off_reconfiguration,-1,True,1.2292673094247598e-07,3.726406555059884e-05,0.6537986339536237,0.3359590590191633,True,0.019996727979747442
T30,edge,off_reconfiguration,-1,True,1.2961782954430878e-07,3.718573847387002e-05,0.7103018589848761,0.35695245593617436,True,0.019994565872635178
T30,edge,off_reconfiguration,-1,True,1.2232174343816193e-07,3.67717841477353e-05,0.7174262559662766,0.35695245593617436,True,0.019994565872635178
T30,edge,off_reconfiguration,-1,True,1.2430893860262338e-07,3.67717841477353e-05,0.7174262559662766,0.35695245593617436,True,0.019994565872635178
T30,edge,off_reconfiguration,-1,True,2.761731045095691e-07,3.67717841477353e-05,0.7174262559662766,0.346237889632604,True,0.019997240769247
T30,edge,off_reconfiguration,-1,True,4.285302598539921e-07,1.1390761175093017e-05,0.7045013147745789,0.29168984779796076,True,0.019999617261427405
T30,edge,off_reconfiguration,-1,True,5.534209161097216e-07,2.4223711491474025e-05,0.7091287025033673,0.29509468164670927,True,0.01999958627339052
T30,edge,off_reconfiguration,-1,True,4.786856483080568e-07,3.025781511322985e-05,0.7091287025033673,0.29509468164670927,True,0.019999597561097704
T30,edge,off_reconfiguration,-1,True,4.1853581649936155e-07,3.090141687907247e-05,0.7091287025033673,0.29509468164670927,True,0.01999958627339052
T30,edge,off_reconfiguration,-1,True,6.148773009340728e-07,0.0003187241197068121,0.45846174177849547,0.19921063067958544,True,0.019999770666633415
T30,edge,off_reconfiguration,-1,True,1.0887349623566483e-06,0.0005280477843886809,0.35851223960728434,0.1818073706558647,True,0.019999933733902575
T30,edge,off_reconfiguration,-1,True,5.864241140688309e-07,0.0002902315576319713,0.4730866224135947,0.2035268153365825,True,0.01999977864276889
T30,edge,off_reconfiguration,-1,True,5.549773319496655e-07,0.0002902315576319713,0.4730866224135947,0.2035268153365825,True,0.019999768852998673
T30,edge,off_reconfiguration,-1,True,2.9554673115289657e-06,0.0011447379092362894,0.2873468224853232,0.09525991382631259,True,0.020007911140032558
T30,edge,off_reconfiguration,-1,True,1.0027114070924868e-05,0.0017255046319082528,0.17111213033023315,0.0979891186593344,True,0.02000748997947452
T30,edge,off_reconfiguration,-1,True,3.1138916145767206e-05,0.0023047614442710854,0.10939999080497936,0.0979891186593344,True,0.02000748997947452
T30,edge,off_reconfiguration,-1,True,2.9554673115289657e-06,0.0011431965361285833,0.2873468224853232,0.09125097826884232,True,0.02000748997947452
T30,edge,off_reconfiguration,-1,True,1.853247208522134e-06,0.00032444297254258085,0.5576548186225679,0.08780518677314468,True,0.02000187601374176
T30,edge,off_reconfiguration,-1,True,2.307956480597368e-06,0.00032444297254258085,0.5576548186225679,0.08780518677314468,True,0.02000187601374176
T30,edge,off_reconfiguration,-1,True,1.9178323951811397e-06,0.00035032924311272177,0.527843538127417,0.07555596633832509,True,0.020002368756470157
T30,edge,off_reconfiguration,-1,True,2.381827582384492e-06,0.00032444297254258085,0.5576548186225679,0.08780518677314468,True,0.02000187601374176
T30,edge,off_reconfiguration,-1,True,1.34345888953702e-06,0.0010847344534331879,0.3076058304679726,0.14303647956995058,True,0.02000069781839009
T30,edge,off_reconfiguration,-1,True,2.9888554851277013e-06,0.0018531469214363087,0.18648823797676636,0.14303647956995058,True,0.020000876812057117
T30,edge,off_reconfiguration,-1,True,1.5396010743294002e-06,0.0010260828429876515,0.2813475403949778,0.14303647956995058,True,0.020000653899184512
T30,edge,off_reconfiguration,-1,True,1.511691318500501e-06,0.0009924419987677076,0.32800328785085303,0.12995083973696905,True,0.020000653899184512
T30,edge,off_reconfiguration,-1,True,1.246353833456054e-06,0.00045027717761392445,0.3558761969767569,0.25495260782036394,True,0.01999978153652157
T30,edge,off_reconfiguration,-1,True,1.246353833456054e-06,0.00045027717761392445,0.33951454623369476,0.25495260782036394,True,0.01999978153652157
T30,edge,off_reconfiguration,-1,True,1.2972656698296685e-06,0.00045027717761392445,0.3558761969767569,0.25495260782036394,True,0.01999978153652157
T30,edge,off_reconfiguration,-1,True,5.865813703143764e-06,0.001321271197867816,0.18595505560854,0.22094789309905144,True,0.02000020232267452
T30,edge,off_reconfiguration,-1,True,4.6145117824419084e-07,0.00024890686760580005,0.6391266897010461,0.32609062280239803,True,0.019997948919410924
T30,edge,off_reconfiguration,-1,True,4.6145117824419084e-07,0.00024890686760580005,0.6391266897010461,0.32609062280239803,True,0.019997948919410924
T30,edge,off_reconfiguration,-1,True,4.6145117824419084e-07,0.00024890686760580005,0.6391266897010461,0.325979627841108,True,0.019997948919410924
T30,edge,off_reconfiguration,-1,True,4.6145117824419084e-07,0.00024890686760580005,0.6391266897010461,0.32609062280239803,True,0.019997948919410924
T30,edge,off_reconfiguration,-1,True,5.832089105690869e-07,0.000336641335572952,0.33951454623369476,0.2635062393003878,True,0.019999755092533628
T30,edge,off_reconfiguration,-1,True,1.0568451578866055e-06,0.0003971424270605665,0.33951454623369476,0.25964298274759995,True,0.019999761043290376
T30,edge,off_reconfiguration,-1,True,1.246353833456054e-06,0.00045027717761392445,0.33951454623369476,0.25495260782036394,True,0.01999978153652157
T30,edge,off_reconfiguration,-1,True,1.848183657833072e-05,0.006300786983115226,0.20990294494457568,0.251137043279651,True,0.01999978153310422
T30,edge,off_reconfiguration,-1,True,2.9888554851277013e-06,0.0018531469214363087,0.18648823797676636,0.14799681364087924,True,0.020000876812057117
T30,edge,off_reconfiguration,-1,True,1.5396010743294002e-06,0.0010260828429876515,0.2813475403949778,0.14303647956995058,True,0.020000653899184512
T30,edge,off_reconfiguration,-1,True,1.2797603864528812e-05,0.0015816960430227356,0.08297374548732739,0.14799681364087924,True,0.02000118016098179
T30,edge,off_reconfiguration,-1,True,9.741447587815602e-06,0.003299628154603204,0.0829768234156153,0.14799681364087924,True,0.020001183907660175
T30,edge,off_reconfiguration,-1,True,2.381827582384492e-06,0.00022772721607248404,0.5814724692916106,0.08809610577897097,True,0.020000852899066834
T30,edge,off_reconfiguration,-1,True,2.307956480597368e-06,0.00031250564707484204,0.5619501161621339,0.08809610577897097,True,0.020001650583416186
T30,edge,off_reconfiguration,-1,True,2.307956480597368e-06,0.00032444297254258085,0.5576548186225679,0.08780518677314468,True,0.02000187601374176
T30,edge,off_reconfiguration,-1,True,2.307956480597368e-06,0.00022772721607248404,0.5747137514090068,0.07601166195787036,True,0.020000852899066834
T30,edge,off_reconfiguration,-1,True,1.8102301804003949e-06,0.0012173087762221361,0.2956769926939967,0.07698115737556131,True,0.020007636437487875
T30,edge,off_reconfiguration,-1,True,6.510497534472295e-06,0.002184064629145828,0.15444261310329283,0.08108794647211454,True,0.020007636437487875
T30,edge,off_reconfiguration,-1,True,1.7401972847615436e-06,0.0012173087762221361,0.2956769926939967,0.07946290353877482,True,0.020007636437487875
T30,edge,off_reconfiguration,-1,True,1.6400412906510442e-06,0.0012173087762221361,0.2956769926939967,0.08108794647211454,True,0.020007636437487875
T30,edge,off_reconfiguration,-1,True,1.0887349623566483e-06,0.0005280477843886809,0.35851223960728434,0.1818073706558647,True,0.019999933733902575
T30,edge,off_reconfiguration,-1,True,1.0887349623566483e-06,0.0005280477843886809,0.35851223960728434,0.1818073706558647,True,0.019999933733902575
T30,edge,off_reconfiguration,-1,True,2.664999299028493e-06,0.0007784009362901207,0.2927376105129291,0.1632544443548058,True,0.020000144529108033
T30,edge,off_reconfiguration,-1,True,4.89323314963278e-06,0.001358330527740575,0.1855005608122346,0.15558080691480872,True,0.020001677109664273
T30,edge,off_reconfiguration,-1,True,6.190662016089784e-07,6.910294317256409e-05,0.6414196384735761,0.26052799435883345,True,0.019999742834706513
T30,edge,off_reconfiguration,-1,True,6.040861172814051e-07,4.532243549498627e-05,0.6752647153347674,0.2742304086598409,True,0.01999971344729623
T30,edge,off_reconfiguration,-1,True,6.040861172814051e-07,5.156679739517735e-05,0.6604862717171828,0.26601163867230154,True,0.019999734805639435
T30,edge,off_reconfiguration,-1,True,6.040861172814051e-07,4.532243549498627e-05,0.6752647153347674,0.2742304086598409,True,0.01999971344729623
T30,edge,off_reconfiguration,-1,True,2.761731045095691e-07,1.2372355563799738e-05,0.7446069635560321,0.34306657952982184,True,0.01999788262093244
T30,edge,off_reconfiguration,-1,True,3.4362381517727137e-07,1.5509568494356516e-05,0.7402542384229021,0.33615626768003787,True,0.01999823975161716
T30,edge,off_reconfiguration,-1,True,2.761731045095691e-07,3.8248678201223815e-05,0.727154931987713,0.34007251518383164,True,0.019997664743002214
T30,edge,off_reconfiguration,-1,True,2.761731045095691e-07,3.67717841477353e-05,0.7174262559662766,0.346237889632604,True,0.019997240769247
T30,edge,off_reconfiguration,-1,True,1.3781421872334701e-07,2.4715235582738938e-05,0.6936801791073746,0.3518168446608894,True,0.01999119900291338
T30,edge,off_reconfiguration,-1,True,1.3241949020471105e-07,1.5248884911748957e-05,0.6939523956373989,0.3518168446608894,True,0.01999119900291338
T30,edge,off_reconfiguration,-1,True,1.3241949020471105e-07,3.726406555059884e-05,0.6757048676449448,0.34909196142910426,True,0.019994170307809644
T30,edge,off_reconfiguration,-1,True,1.3241949020471105e-07,1.5248884911748957e-05,0.6851563321736911,0.3380094817785371,True,0.019995065405152335
T30,edge,off_reconfiguration,-1,True,1.394706995876348e-07,4.353408482428141e-06,0.6851563321736911,0.3356111051992737,True,0.01999571474990472
T30,edge,off_reconfiguration,-1,True,1.394706995876348e-07,4.353408482428141e-06,0.659127997165103,0.3326457817815329,True,0.019996782259040752
T30,edge,off_reconfiguration,-1,True,2.3841455885086404e-07,6.097163388881823e-06,0.6593053874114841,0.325979627841108,True,0.01999779939005597
T30,edge,off_reconfiguration,-1,True,1.394706995876348e-07,1.5248884911748957e-05,0.6865622254000309,0.3356111051992737,True,0.01999571474990472
T30,edge,off_reconfiguration,-1,True,1.2777121432218086e-07,5.7905745997743736e-06,0.740227412980785,0.3642178354001444,True,0.01999309871923255
T30,edge,off_reconfiguration,-1,True,1.2777121432218086e-07,1.7683628851157155e-05,0.7221691883456922,0.3659968688411629,True,0.019992051773795178
T30,edge,off_reconfiguration,-1,True,1.2961782954430878e-07,3.718573847387002e-05,0.7103018589848761,0.3605667998893379,True,0.019993349543258987
T30,edge,off_reconfiguration,-1,True,1.2777121432218086e-07,3.67717841477353e-05,0.7174262559662766,0.35695245593617436,True,0.019994565872635178
T30,edge,off_reconfiguration,-1,True,4.374055237286765e-07,2.3334744287397123e-05,0.7450350675373562,0.30938466868940234,True,0.0199994463419004
T30,edge,off_reconfiguration,-1,True,5.534209161097216e-07,2.4223711491474025e-05,0.7306190375802817,0.30330089268333116,True,0.019999520383358144
T30,edge,off_reconfiguration,-1,True,4.374055237286765e-07,0.00016827789768000774,0.7356353597833377,0.30938466868940234,True,0.0199994463419004
T30,edge,off_reconfiguration,-1,True,5.235446217106858e-07,3.1808081699135193e-05,0.7450350675373562,0.30938466868940234,True,0.0199994463419004
T30,edge,off_reconfiguration,-1,True,5.864241140688309e-07,0.00022601470341133078,0.49026995654740363,0.21728575397206693,True,0.01999977864276889
T30,edge,off_reconfiguration,-1,True,5.201863707653064e-07,0.00022307195494983287,0.4493494473761103,0.210728040816214,True,0.01999978473225872
T30,edge,off_reconfiguration,-1,True,6.165058874270295e-07,0.00014949574107909298,0.5146343991286296,0.225476965712957,True,0.01999976056292968
T30,edge,off_reconfiguration,-1,True,6.530936252084646e-07,0.00014949574107909298,0.5146343991286296,0.225476965712957,True,0.01999976056292968
T30,edge,off_reconfiguration,-1,True,3.1138916145767206e-05,0.0023047614442710854,0.10939999080497936,0.09981174924079003,True,0.020000193932142557
T30,edge,off_reconfiguration,-1,True,3.1138916145767206e-05,0.0023047614442710854,0.10939999080497936,0.0979891186593344,True,0.02000748997947452
T30,edge,off_reconfiguration,-1,True,3.1138916145767206e-05,0.0023047614442710854,0.10939999080497936,0.09525991382631259,True,0.020007911140032558
T30,edge,off_reconfiguration,-1,True,3.1138916145767206e-05,0.0023047614442710854,0.10939999080497936,0.10067966303538652,True,0.020000193932142557
T30,edge,off_reconfiguration,-1,True,2.1322335749223466e-06,0.0003013905621860748,0.5337769018274925,0.07242789875245775,True,0.020001781978970318
T30,edge,off_reconfiguration,-1,True,2.1240596511613017e-06,0.00035032924311272177,0.527843538127417,0.07242789875245775,True,0.020002368756470157
T30,edge,off_reconfiguration,-1,True,2.1240596511613017e-06,0.00049752958740576,0.4359997769142716,0.07242789875245775,True,0.02000307711879748
T30,edge,off_reconfiguration,-1,True,2.307956480597368e-06,0.0003013905621860748,0.5337769018274925,0.07242789875245775,True,0.020001781978970318
T30,edge,off_reconfiguration,-1,True,1.9466301362747993e-06,0.00012666675129085068,0.45241446349964565,0.12725526115093375,True,0.02000067725257504
T30,edge,off_reconfiguration,-1,True,1.9466301362747993e-06,0.0004316448544065616,0.4626288487720691,0.12725526115093375,True,0.02000067725257504
T30,edge,off_reconfiguration,-1,True,2.528635113633748e-06,9.960285972426556e-05,0.5308570092190772,0.10498102097891293,True,0.020000786157509914
T30,edge,off_reconfiguration,-1,True,2.000904054866787e-06,0.00039554053179004353,0.5308570092190772,0.11209139665930226,True,0.02000090034758531
T30,edge,off_reconfiguration,-1,True,1.848183657833072e-05,0.006300786983115226,0.11543505178821056,0.233851292298748,True,0.019999923714611872
T30,edge,off_reconfiguration,-1,True,1.9381401428793606e-06,0.0009664310389919717,0.11543505178821056,0.233851292298748,True,0.019999923714611872
T30,edge,off_reconfiguration,-1,True,1.9381401428793606e-06,0.0009664310389919717,0.11543505178821056,0.233851292298748,True,0.019999923714611872
T30,edge,off_reconfiguration,-1,True,1.9381401428793606e-06,0.0009664310389919717,0.11543505178821056,0.233851292298748,True,0.019999923714611872
T30,edge,off_reconfiguration,-1,True,1.848183657833072e-05,0.006300786983115226,0.1154383030459386,0.23385622707291326,True,0.0199999222656351
T30,edge,off_reconfiguration,-1,True,1.0717732088167553e-05,0.0026016110922682267,0.1154383030459386,0.23385622707291326,True,0.0199999222656351
T30,edge,off_reconfiguration,-1,True,1.0717732088167553e-05,0.0026016110922682267,0.1154383030459386,0.23385622707291326,True,0.0199999222656351
T30,edge,off_reconfiguration,-1,True,1.0717732088167553e-05,0.0026016110922682267,0.1154383030459386,0.23385622707291326,True,0.0199999222656351
T30,edge,off_reconfiguration,-1,True,3.827427831262666e-07,1.4158234202550827e-05,0.5730062835324695,0.3085106485662705,True,0.019999266367170948
T30,edge,off_reconfiguration,-1,True,3.827427831262666e-07,3.235340282647995e-05,0.5730062835324695,0.3085106485662705,True,0.019999266367170948
T30,edge,off_reconfiguration,-1,True,3.827427831262666e-07,3.212731058884022e-05,0.4705936987148089,0.2954055114234612,True,0.019999579271205464
T30,edge,off_reconfiguration,-1,True,4.6145117824419084e-07,0.00024890686760580005,0.5730062835324695,0.3085106485662705,True,0.019999266367170948
T30,edge,off_reconfiguration,-1,True,4.6145117824419084e-07,0.00024890686760580005,0.6391266897010461,0.325979627841108,True,0.019997948919410924
T30,edge,off_reconfiguration,-1,True,2.3841455885086404e-07,6.097163388881823e-06,0.659127997165103,0.325979627841108,True,0.01999779939005597
T30,edge,off_reconfiguration,-1,True,2.3841455885086404e-07,6.097163388881823e-06,0.6593053874114841,0.325979627841108,True,0.01999779939005597
T30,edge,off_reconfiguration,-1,True,3.3269349102257545e-07,9.583585410390605e-06,0.6137062319941702,0.3154808441504432,True,0.019998909519903213
T30,edge,off_reconfiguration,-1,True,7.879407846036909e-09,2.2588727439225506e-06,0.7187884942307398,0.22693713552439576,True,0.019999677862843346
T30,edge,off_reconfiguration,-1,True,8.874700828854906e-09,2.2588727439225506e-06,0.7158670579901354,0.22693713552439576,True,0.01999967772139838
T30,edge,off_reconfiguration,-1,True,6.799110534171187e-07,7.754784247178826e-05,0.7021844489285759,0.22557560000625052,True,0.019999671873568575
T30,edge,off_reconfiguration,-1,True,3.9885328505690114e-07,7.393896667355496e-06,0.7017228200623388,0.22693713552439576,True,0.019999677567246688
T30,edge,off_reconfiguration,-1,True,6.799110534171187e-07,7.754784247178826e-05,0.7017228200623388,0.22557560000625052,True,0.019999677567246688
T30,edge,off_reconfiguration,-1,True,6.799110534171187e-07,7.754784247178826e-05,0.7021844489285759,0.22557560000625052,True,0.01999967772139838
T30,edge,off_reconfiguration,-1,True,6.799110534171187e-07,7.754784247178826e-05,0.7021844489285759,0.22557560000625052,True,0.019999671873568575
T30,edge,off_reconfiguration,-1,True,6.799110534171187e-07,0.00019298306376246374,0.6854246733929917,0.211145233814943,True,0.01999966911497239
T30,edge,off_reconfiguration,-1,True,5.100343445617944e-07,0.00015961914259437322,0.7232064657796657,0.2415264386155524,True,0.01999969045124861
T30,edge,off_reconfiguration,-1,True,5.100343445617944e-07,0.00015961914259437322,0.7223736193555367,0.2425648158388988,True,0.019999691829499705
T30,edge,off_reconfiguration,-1,True,5.100343445617944e-07,0.00015961914259437322,0.7207110704186568,0.24446582871271152,True,0.01999969045124861
T30,edge,off_reconfiguration,-1,True,5.227828068299033e-07,0.00015961914259437322,0.7173408389870316,0.24446582871271152,True,0.019999696805641815
T30,edge,off_reconfiguration,-1,True,6.799110534171187e-07,0.00019298306376246374,0.6854246733929917,0.211145233814943,True,0.01999966911497239
T30,edge,off_reconfiguration,-1,True,5.801875670366746e-07,0.0002919905870183611,0.6854246733929917,0.1971313208020548,True,0.019999650473097735
T30,edge,off_reconfiguration,-1,True,7.439156038432293e-07,0.0003723040510246805,0.6736976167539961,0.19206891242925836,True,0.019999650473097735
T30,edge,off_reconfiguration,-1,True,9.941056708826375e-07,0.00022475013534319836,0.6180007728298045,0.211145233814943,True,0.019999650473097735
T30,edge,off_reconfiguration,-1,True,6.79365751566583e-07,7.738317221245908e-05,0.7105817676944474,0.21715385863044626,True,0.019999682967631632
T30,edge,off_reconfiguration,-1,True,7.858837075079132e-07,7.738317221245908e-05,0.6891658241719217,0.21715385863044626,True,0.019999662851380606
T30,edge,off_reconfiguration,-1,True,6.79365751566583e-07,9.797587347218542e-05,0.7122988466125627,0.2118893034721628,True,0.019999658596068892
T30,edge,off_reconfiguration,-1,True,7.85857461924551e-07,7.738317221245908e-05,0.6924773751837277,0.21715385863044626,True,0.019999672520426393
T30,edge,off_reconfiguration,-1,True,3.4892750178047445e-07,0.00013551622886955145,0.6967059733803207,0.2682111798920282,True,0.019999649244531292
T30,edge,off_reconfiguration,-1,True,3.237457989002019e-07,0.00018002683332865935,0.7001150349206572,0.2682111798920282,True,0.019999649244531292
T30,edge,off_reconfiguration,-1,True,7.308130483724838e-07,0.00013551622886955145,0.6680901464285955,0.25086066931155454,True,0.01999967399039404
T30,edge,off_reconfiguration,-1,True,3.1464924341642065e-07,0.00019662205028447472,0.7001150349206572,0.2682111798920282,True,0.019999649244531292
T30,edge,off_reconfiguration,-1,True,7.439156038432293e-07,0.0003723040510246805,0.6736976167539961,0.19206891242925836,True,0.01999963191486062
T30,edge,off_reconfiguration,-1,True,7.439156038432293e-07,0.0003723040510246805,0.6736976167539961,0.19206891242925836,True,0.019999650473097735
T30,edge,off_reconfiguration,-1,True,7.439156038432293e-07,0.0003724900038964875,0.6736976167539961,0.17927396513248825,True,0.01999963191486062
T30,edge,off_reconfiguration,-1,True,1.0441377367681274e-06,0.00047964681266738133,0.6734610114398161,0.17062541509183685,True,0.0199996330226698
T30,edge,off_reconfiguration,-1,True,7.318445397242506e-07,0.00023796097497812442,0.6664900082561621,0.18901172495054386,True,0.0199996222255856
T30,edge,off_reconfiguration,-1,True,7.318445397242506e-07,0.00023796097497812442,0.6930446811519786,0.1980632871923566,True,0.019999658596068892
T30,edge,off_reconfiguration,-1,True,8.401335435207123e-07,0.0002623406219324983,0.6423348623587158,0.18363392838225687,True,0.0199996222255856
T30,edge,off_reconfiguration,-1,True,7.370864573734663e-07,0.00023796097497812442,0.6356453186117299,0.1911803397519945,True,0.0199996222255856
T30,edge,off_reconfiguration,-1,True,3.233807138453376e-07,0.0001929263979241205,0.7190748860354177,0.26835236228635045,True,0.01999966350959753
T30,edge,off_reconfiguration,-1,True,2.930419144803831e-07,0.00019662205028447472,0.7108942619049603,0.27760504505596856,True,0.019999622193697025
T30,edge,off_reconfiguration,-1,True,4.2257201460946975e-07,0.00016880985602033346,0.7180356331403531,0.27373047737491335,True,0.019999656230156287
T30,edge,off_reconfiguration,-1,True,3.237457989002019e-07,0.00018002683332865935,0.702509414639897,0.27760504505596856,True,0.019999622193697025
T30,edge,off_reconfiguration,-1,True,7.519500698300088e-07,6.901322304201598e-05,0.6432206036224319,0.24972284905671238,True,0.01999967399039404
T30,edge,off_reconfiguration,-1,True,1.168280837275836e-06,0.00016728081849120115,0.5982987108974738,0.2446891496374727,True,0.01999967009258266
T30,edge,off_reconfiguration,-1,True,8.67625458388045e-07,8.882939365740282e-05,0.6432206036224319,0.2365510554813707,True,0.01999967215509099
T30,edge,off_reconfiguration,-1,True,7.519500698300088e-07,6.901322304201598e-05,0.6432206036224319,0.24514867150793912,True,0.01999967973882477
T30,edge,off_reconfiguration,-1,True,1.0643174235438757e-06,0.0005376984814770349,0.6428496079869858,0.1636645471655319,True,0.019999692410427067
T30,edge,off_reconfiguration,-1,True,1.0441377367681274e-06,0.00047964681266738133,0.6734610114398161,0.17062541509183685,True,0.0199996330226698
T30,edge,off_reconfiguration,-1,True,1.0717439525787594e-06,0.00047964681266738133,0.6715908833217954,0.15393221328280202,True,0.019999675014288038
T30,edge,off_reconfiguration,-1,True,1.0441377367681274e-06,0.00047964681266738133,0.6734610114398161,0.17062541509183685,True,0.0199996330226698
T30,edge,off_reconfiguration,-1,True,8.401335435207123e-07,0.0002623406219324983,0.6423348623587158,0.18363392838225687,True,0.01999960569382017
T30,edge,off_reconfiguration,-1,True,7.318445397242506e-07,0.00023796097497812442,0.6664900082561621,0.18901172495054386,True,0.0199996222255856
T30,edge,off_reconfiguration,-1,True,7.370864573734663e-07,0.0002173889449615418,0.6356453186117299,0.18901172495054386,True,0.01999960569382017
T30,edge,off_reconfiguration,-1,True,9.934175657668943e-07,0.0002930123291729161,0.6026168193200085,0.17934033223218465,True,0.01999960569382017
T30,edge,off_reconfiguration,-1,True,4.5693706375994817e-07,0.00012229245806942045,0.7138053531904508,0.2704691812416343,True,0.019999675330281852
T30,edge,off_reconfiguration,-1,True,4.4499807027262387e-07,0.00012229245806942045,0.7150432491966179,0.27373047737491335,True,0.019999656230156287
T30,edge,off_reconfiguration,-1,True,5.993003115673784e-07,0.00012229245806942045,0.7063488927701749,0.27132087217827433,True,0.019999682528855672
T30,edge,off_reconfiguration,-1,True,4.2257201460946975e-07,0.00016880985602033346,0.7180356331403531,0.27373047737491335,True,0.019999656230156287
T30,edge,off_reconfiguration,-1,True,3.197951917231196e-07,0.0001322081654762589,0.6732874144507569,0.2884263586811843,True,0.019999511657966124
T30,edge,off_reconfiguration,-1,True,4.722419228965358e-07,9.764423722147483e-05,0.6295863966433757,0.2860585638613571,True,0.019999534579084127
T30,edge,off_reconfiguration,-1,True,3.237457989002019e-07,0.00018002683332865935,0.6732874144507569,0.2883824621048817,True,0.019999521007187077
T30,edge,off_reconfiguration,-1,True,3.197951917231196e-07,0.00011884639557076133,0.6732874144507569,0.2884263586811843,True,0.019999511657966124
T30,edge,off_reconfiguration,-1,True,1.1911276269669834e-06,0.00031886359760004726,0.5798805575443712,0.2058290179675428,True,0.019999648975572853
T30,edge,off_reconfiguration,-1,True,1.317024506119595e-06,0.00031886359760004726,0.5776578699735437,0.2058290179675428,True,0.019999637638153628
T30,edge,off_reconfiguration,-1,True,1.389642024392869e-06,0.00047592960797320167,0.5313078351655679,0.1912109472786997,True,0.01999962849143977
T30,edge,off_reconfiguration,-1,True,1.1911276269669834e-06,0.00031886359760004726,0.5798805575443712,0.2058290179675428,True,0.01999965348897681
T30,edge,off_reconfiguration,-1,True,1.0717439525787594e-06,0.00047934353240218025,0.6715908833217954,0.14987708246194348,True,0.01999969381561681
T30,edge,off_reconfiguration,-1,True,1.2081907176956758e-06,0.0005067979077312037,0.6562018874437711,0.13885151655109387,True,0.019999851418126047
T30,edge,off_reconfiguration,-1,True,9.118981934676491e-07,0.0004371671235390738,0.6743370642831673,0.14987708246194348,True,0.01999969381561681
T30,edge,off_reconfiguration,-1,True,9.14709213145784e-07,0.0004407308238094895,0.6743370642831673,0.14987708246194348,True,0.01999969381561681
T30,edge,off_reconfiguration,-1,True,8.401335435207123e-07,0.0002623406219324983,0.6356453186117299,0.18363392838225687,True,0.019999593906671997
T30,edge,off_reconfiguration,-1,True,9.934175657668943e-07,0.0002930123291729161,0.6026168193200085,0.17934033223218465,True,0.01999959317041647
T30,edge,off_reconfiguration,-1,True,7.370864573734663e-07,0.0002173889449615418,0.6356453186117299,0.18901172495054386,True,0.01999960569382017
T30,edge,off_reconfiguration,-1,True,7.370864573734663e-07,0.00023796097497812442,0.6356453186117299,0.1911803397519945,True,0.0199996222255856
T30,edge,off_reconfiguration,-1,True,4.4499807027262387e-07,0.0001233340972065795,0.7150432491966179,0.28041980924013266,True,0.019999629359478577
T30,edge,off_reconfiguration,-1,True,4.5693706375994817e-07,0.00012104932706736427,0.7138053531904508,0.2704691812416343,True,0.019999675330281852
T30,edge,off_reconfiguration,-1,True,4.4499807027262387e-07,0.00012229245806942045,0.7150432491966179,0.27373047737491335,True,0.019999656230156287
T30,edge,off_reconfiguration,-1,True,5.993003115673784e-07,0.00010426530417042971,0.7063488927701749,0.27132087217827433,True,0.019999682528855672
T30,edge,off_reconfiguration,-1,True,2.666268370998404e-07,0.00011884639557076133,0.6752415277556993,0.3061945472631304,True,0.019999215368698503
T30,edge,off_reconfiguration,-1,True,2.813008931325848e-07,0.0001322081654762589,0.6797971934779178,0.2982956597588283,True,0.019999379589318522
T30,edge,off_reconfiguration,-1,True,2.6484291640159714e-07,0.0001463244491284684,0.6797971934779178,0.3061945472631304,True,0.019999215368698503
T30,edge,off_reconfiguration,-1,True,2.594433912562215e-07,0.00011884639557076133,0.6609879833328697,0.3061945472631304,True,0.019999215368698503
T30,edge,off_reconfiguration,-1,True,1.4338979771762734e-06,0.00026727479109499877,0.5439235340557285,0.23212785222552434,True,0.0199996500860678
T30,edge,off_reconfiguration,-1,True,1.5374628063910798e-06,0.00030368189733319113,0.5076018713194919,0.23451940666650242,True,0.0199996500860678
T30,edge,off_reconfiguration,-1,True,1.327183119985181e-06,0.0002390779643389887,0.5526520444328081,0.23484908794337095,True,0.019999663561573372
T30,edge,off_reconfiguration,-1,True,1.327183119985181e-06,0.00027234308731844103,0.5526520444328081,0.2190279652179573,True,0.0199996500860678
T30,edge,off_reconfiguration,-1,True,1.3429492776709132e-06,0.0005724792635788732,0.6167284805488796,0.15123357441368787,True,0.01999981845540766
T30,edge,off_reconfiguration,-1,True,1.0832520646912924e-06,0.0005376984814770349,0.6167284805488796,0.15196844480922747,True,0.01999981845540766
T30,edge,off_reconfiguration,-1,True,1.4079144398161534e-06,0.0006586165076595101,0.5649707956158794,0.14819522517643957,True,0.019999976597568497
T30,edge,off_reconfiguration,-1,True,1.375667638024442e-06,0.0005175896667759691,0.6167284805488796,0.13441762381549505,True,0.020000045522702126
T30,edge,off_reconfiguration,-1,True,1.0976729556978428e-06,0.0005755732623952228,0.6041046092968064,0.14468177283963166,True,0.019999943478587245
T30,edge,off_reconfiguration,-1,True,1.3563739736947152e-06,0.0006177599559396977,0.5544155668664138,0.1405279729296223,True,0.020000068579562907
T30,edge,off_reconfiguration,-1,True,1.029572199642058e-06,0.0005245700896495299,0.6041046092968064,0.14468177283963166,True,0.019999943478587245
T30,edge,off_reconfiguration,-1,True,1.1415917162866519e-06,0.0005842469816546393,0.583961315514483,0.12631422707651827,True,0.020000641367969363
T30,edge,off_reconfiguration,-1,True,7.437131750505644e-07,0.00011093473630567887,0.6352828638447642,0.22516863811496926,True,0.01999969486556974
T30,edge,off_reconfiguration,-1,True,8.134396970612229e-07,9.504537094434022e-05,0.646841290837082,0.22516863811496926,True,0.019999701788902924
T30,edge,off_reconfiguration,-1,True,7.85857461924551e-07,9.504537094434022e-05,0.646841290837082,0.22378398591621207,True,0.019999685497364056
T30,edge,off_reconfiguration,-1,True,7.437131750505644e-07,9.504537094434022e-05,0.646841290837082,0.22516863811496926,True,0.01999970860583336
T30,edge,off_reconfiguration,-1,True,2.781313846325464e-07,0.00011929023643543444,0.7159469370407759,0.3049322655017182,True,0.019999310328563558
T30,edge,off_reconfiguration,-1,True,3.5361766073688197e-07,0.00011687035478948026,0.7137444360303189,0.29421675675605813,True,0.019999519134241667
T30,edge,off_reconfiguration,-1,True,4.234825991661185e-07,0.0001233340972065795,0.7156897381735887,0.2891665727097157,True,0.019999560338521072
T30,edge,off_reconfiguration,-1,True,2.781313846325464e-07,0.00011687035478948026,0.7133130834285214,0.3049322655017182,True,0.019999310328563558
T30,edge,off_reconfiguration,-1,True,2.1784985385357345e-07,8.150296913558185e-05,0.6609879833328697,0.31276232329485604,True,0.019999038260880397
T30,edge,off_reconfiguration,-1,True,2.666268370998404e-07,0.00011128571862187514,0.6609879833328697,0.30885322493929196,True,0.019999146432564008
T30,edge,off_reconfiguration,-1,True,2.594433912562215e-07,0.00011884639557076133,0.6609879833328697,0.3061945472631304,True,0.019999215368698503
T30,edge,off_reconfiguration,-1,True,2.3159789986465037e-07,7.854253524392704e-05,0.6243769903236334,0.31194937250416854,True,0.019999114338492968
T30,edge,off_reconfiguration,-1,True,1.5374628063910798e-06,0.00030368189733319113,0.5076018713194919,0.23212785222552434,True,0.019999646311462893
T30,edge,off_reconfiguration,-1,True,1.5374628063910798e-06,0.00030368189733319113,0.5076018713194919,0.23451940666650242,True,0.0199996500860678
T30,edge,off_reconfiguration,-1,True,2.371976506111487e-06,0.000453239633726047,0.42726711622804225,0.21830565852432804,True,0.019999646311462893
T30,edge,off_reconfiguration,-1,True,1.5374628063910798e-06,0.00030368189733319113,0.5076018713194919,0.23451940666650242,True,0.019999663561573372
T30,edge,off_reconfiguration,-1,True,1.4079144398161534e-06,0.0006586165076595101,0.5649707956158794,0.14819522517643957,True,0.019999976597568497
T30,edge,off_reconfiguration,-1,True,1.4079144398161534e-06,0.0006586165076595101,0.5649707956158794,0.14819522517643957,True,0.019999976597568497
T30,edge,off_reconfiguration,-1,True,1.5316620493101491e-06,0.0006586165076595101,0.5468737045508913,0.13685106097212377,True,0.020000256773197944
T30,edge,off_reconfiguration,-1,True,1.4079144398161534e-06,0.0007492762465118173,0.48351546316843286,0.14819522517643957,True,0.020000064622376357
T30,edge,off_reconfiguration,-1,True,1.427436228517667e-06,0.0007127271512490453,0.5516622790791194,0.11507987982150901,True,0.02000150042107282
T30,edge,off_reconfiguration,-1,True,1.4233404143218938e-06,0.0008213595346324724,0.5053001774208049,0.11897940621662631,True,0.02000146972856015
T30,edge,off_reconfiguration,-1,True,1.1415917162866519e-06,0.0005842469816546393,0.583961315514483,0.12631422707651827,True,0.020000641367969363
T30,edge,off_reconfiguration,-1,True,1.3832968911365358e-06,0.0005842469816546393,0.583961315514483,0.12579428812164403,True,0.020000641367969363
T30,edge,off_reconfiguration,-1,True,1.2318079689971673e-06,0.000300369411654599,0.5232489990116904,0.18128560110072672,True,0.019999575109644202
T30,edge,off_reconfiguration,-1,True,9.29739550611524e-07,0.00021756826248667114,0.5480756654022069,0.19184518167946357,True,0.01999963249087669
T30,edge,off_reconfiguration,-1,True,9.29739550611524e-07,0.00021756826248667114,0.5667994672665776,0.1911803397519945,True,0.01999959317041647
T30,edge,off_reconfiguration,-1,True,9.934175657668943e-07,0.0002930123291729161,0.5667994672665776,0.17934033223218465,True,0.019999575109644202
T30,edge,off_reconfiguration,-1,True,5.908910116056876e-07,4.83721355668576e-05,0.6932804541720597,0.2755090611190067,True,0.019999687511532027
T30,edge,off_reconfiguration,-1,True,5.062981161470617e-07,4.83721355668576e-05,0.7049235135457542,0.2836728629701568,True,0.01999963402536495
T30,edge,off_reconfiguration,-1,True,5.062981161470617e-07,9.833604597615256e-05,0.7049235135457542,0.2836728629701568,True,0.01999963402536495
T30,edge,off_reconfiguration,-1,True,5.062981161470617e-07,0.0001233340972065795,0.7049235135457542,0.2836728629701568,True,0.01999963402536495
T30,edge,off_reconfiguration,-1,True,1.7629929763844452e-07,0.00010684116723094944,0.694475317791258,0.3330293015733829,True,0.019997887107090134
T30,edge,off_reconfiguration,-1,True,1.7629929763844452e-07,0.00010684116723094944,0.694475317791258,0.3330293015733829,True,0.019997887107090134
T30,edge,off_reconfiguration,-1,True,2.0223856300333383e-07,0.00011017981157032208,0.6824480813321806,0.32467848402280974,True,0.01999848736026258
T30,edge,off_reconfiguration,-1,True,1.7629929763844452e-07,0.00010684116723094944,0.694475317791258,0.3330293015733829,True,0.019997887107090134
T30,edge,off_reconfiguration,-1,True,4.634972633669322e-07,4.755143657012685e-05,0.5976332769922365,0.29681981919807837,True,0.01999943037035018
T30,edge,off_reconfiguration,-1,True,3.5923845970323857e-07,4.755143657012685e-05,0.5976332769922365,0.29681981919807837,True,0.01999943037035018
T30,edge,off_reconfiguration,-1,True,3.5923845970323857e-07,4.755143657012685e-05,0.5976332769922365,0.29681981919807837,True,0.01999943037035018
T30,edge,off_reconfiguration,-1,True,4.722419228965358e-07,4.755143657012685e-05,0.5976332769922365,0.2860585638613571,True,0.019999534579084127
T30,edge,off_reconfiguration,-1,True,2.7255837244637375e-06,0.0005070588927009352,0.4130607711052615,0.19753555005633905,True,0.01999956671561895
T30,edge,off_reconfiguration,-1,True,2.7255837244637375e-06,0.0005070588927009352,0.4130607711052615,0.1912109472786997,True,0.019999615947373983
T30,edge,off_reconfiguration,-1,True,2.7255837244637375e-06,0.0005070588927009352,0.4130607711052615,0.19753555005633905,True,0.019999598079131792
T30,edge,off_reconfiguration,-1,True,2.7255837244637375e-06,0.0005070588927009352,0.4130607711052615,0.19753555005633905,True,0.01999962849143977
T30,edge,off_reconfiguration,-1,True,1.661791021576346e-06,0.000629939167839605,0.5468737045508913,0.12674719098099363,True,0.020000365712114915
T30,edge,off_reconfiguration,-1,True,1.661791021576346e-06,0.0005414150226548318,0.5833056682164535,0.12674719098099363,True,0.020000365712114915
T30,edge,off_reconfiguration,-1,True,1.661791021576346e-06,0.0006289965485212802,0.5114297741128675,0.12674719098099363,True,0.02000052672299993
T30,edge,off_reconfiguration,-1,True,1.661791021576346e-06,0.0006586165076595101,0.5649707956158794,0.12674719098099363,True,0.020000365712114915
T30,edge,off_reconfiguration,-1,True,1.4233404143218938e-06,0.0008213595346324724,0.5053001774208049,0.11897940621662631,True,0.02000146972856015
T30,edge,off_reconfiguration,-1,True,1.427436228517667e-06,0.0008213595346324724,0.5053001774208049,0.11507987982150901,True,0.02000150042107282
T30,edge,off_reconfiguration,-1,True,1.4233404143218938e-06,0.0008213595346324724,0.5053001774208049,0.11897940621662631,True,0.02000146972856015
T30,edge,off_reconfiguration,-1,True,1.4233404143218938e-06,0.0008213595346324724,0.5053001774208049,0.11897940621662631,True,0.02000146972856015
T30,edge,off_reconfiguration,-1,True,9.29739550611524e-07,0.00021756826248667114,0.5480756654022069,0.19184518167946357,True,0.01999963249087669
T30,edge,off_reconfiguration,-1,True,1.2318079689971673e-06,0.000300369411654599,0.5232489990116904,0.18128560110072672,True,0.01999963249087669
T30,edge,off_reconfiguration,-1,True,8.543382187407073e-07,0.00021691060025127198,0.5480756654022069,0.20031578364751285,True,0.01999969486556974
T30,edge,off_reconfiguration,-1,True,8.543382187407073e-07,0.00021691060025127198,0.5480756654022069,0.20031578364751285,True,0.019999685497364056
T30,edge,off_reconfiguration,-1,True,5.062981161470617e-07,4.83721355668576e-05,0.7049235135457542,0.2836728629701568,True,0.01999963402536495
T30,edge,off_reconfiguration,-1,True,4.781390308163879e-07,9.833604597615256e-05,0.7057355170365677,0.2904935686867578,True,0.019999591458615434
T30,edge,off_reconfiguration,-1,True,5.908910116056876e-07,3.3742966434069446e-05,0.6932804541720597,0.2755090611190067,True,0.019999687511532027
T30,edge,off_reconfiguration,-1,True,4.781390308163879e-07,3.3742966434069446e-05,0.7045013147745789,0.2904935686867578,True,0.019999617261427405
T30,edge,off_reconfiguration,-1,True,1.497531037079059e-07,8.388298918728377e-05,0.6975098868597033,0.3423106616316509,True,0.01999699804066349
T30,edge,off_reconfiguration,-1,True,1.5133405219168115e-07,0.00010619104680647616,0.6975098868597033,0.3340908706311175,True,0.019997838390826528
T30,edge,off_reconfiguration,-1,True,1.7629929763844452e-07,0.00010684116723094944,0.694475317791258,0.3330293015733829,True,0.019997887107090134
T30,edge,off_reconfiguration,-1,True,1.3458767584572142e-07,8.388298918728377e-05,0.6782292566238802,0.34246165432082387,True,0.019996881162929803
T30,edge,off_reconfiguration,-1,True,2.3159789986465037e-07,1.619921597029155e-05,0.6106960174622698,0.31194937250416854,True,0.019999114338492968
T30,edge,off_reconfiguration,-1,True,1.9164003887806383e-07,3.45330068522745e-05,0.5925619315143047,0.3141335104549219,True,0.019999086509800618
T30,edge,off_reconfiguration,-1,True,2.0447546307477927e-07,1.4564287375591707e-05,0.6106960174622698,0.3141335104549219,True,0.019999086509800618
T30,edge,off_reconfiguration,-1,True,1.9164003887806383e-07,2.171675268208478e-05,0.6046030049661989,0.3141335104549219,True,0.019999086509800618
T30,edge,off_reconfiguration,-1,True,2.8794429565670224e-06,0.0005376727235633452,0.37251017650942225,0.21608442521069246,True,0.019999601970852265
T30,edge,off_reconfiguration,-1,True,4.0009082504705905e-06,0.0007077649641314147,0.2988208514854253,0.21268253713142754,True,0.01999966156542929
T30,edge,off_reconfiguration,-1,True,3.162293078451932e-06,0.0006476310672168844,0.3170239611894267,0.21608442521069246,True,0.019999727994075844
T30,edge,off_reconfiguration,-1,True,2.8794429565670224e-06,0.0005376727235633452,0.37251017650942225,0.21608442521069246,True,0.019999646311462893
T30,edge,off_reconfiguration,-1,True,1.596311149422156e-06,0.00073873131684108,0.4602067681659125,0.13054864402842362,True,0.02000052672299993
T30,edge,off_reconfiguration,-1,True,1.596311149422156e-06,0.000629939167839605,0.5114297741128675,0.13054864402842362,True,0.02000052672299993
T30,edge,off_reconfiguration,-1,True,1.596311149422156e-06,0.0006289965485212802,0.4644936690715101,0.12995083973696905,True,0.020000652153972898
T30,edge,off_reconfiguration,-1,True,1.596311149422156e-06,0.0006289965485212802,0.48716643360825396,0.1260268591704137,True,0.020000698637081232
T30,edge,off_reconfiguration,-1,True,1.5642443420432308e-06,0.0006613935971194394,0.5248656261263327,0.09874484050473037,True,0.020003151682582515
T30,edge,off_reconfiguration,-1,True,1.5001915924419202e-06,0.0006613935971194394,0.4997481366797341,0.0893672644848489,True,0.020004407657517403
T30,edge,off_reconfiguration,-1,True,1.5001915924419202e-06,0.0006613935971194394,0.5152099549790581,0.08941053328902555,True,0.020004037448842965
T30,edge,off_reconfiguration,-1,True,1.5001915924419202e-06,0.0006613935971194394,0.5248656261263327,0.09874484050473037,True,0.020003151682582515
T30,edge,off_reconfiguration,-1,True,2.677702437588814e-06,0.0005210132253186228,0.361529848006205,0.1463470815240118,True,0.01999938241737001
T30,edge,off_reconfiguration,-1,True,2.208562165289813e-06,0.0004944904834112225,0.4126012645073755,0.14726767687591746,True,0.01999945715644713
T30,edge,off_reconfiguration,-1,True,2.208562165289813e-06,0.0004944904834112225,0.4126012645073755,0.15288764118196094,True,0.0199995041571904
T30,edge,off_reconfiguration,-1,True,2.9071069511669332e-06,0.0005609026451399458,0.35110628992871507,0.13933928312563046,True,0.01999938241737001
T30,edge,off_reconfiguration,-1,True,6.650690689800983e-07,8.109052021984124e-05,0.6307654398628859,0.2506763677540071,True,0.0199997533262897
T30,edge,off_reconfiguration,-1,True,6.650690689800983e-07,8.109052021984124e-05,0.6388980293488715,0.248337240176107,True,0.019999748677962587
T30,edge,off_reconfiguration,-1,True,6.650690689800983e-07,9.274748681252266e-05,0.6159927655111083,0.2444649056127677,True,0.01999975539720522
T30,edge,off_reconfiguration,-1,True,6.787910942690506e-07,8.109052021984124e-05,0.6405867437292059,0.2519250231387413,True,0.019999748677962587
T30,edge,off_reconfiguration,-1,True,3.017091512228258e-07,6.001366809541013e-05,0.7215789843949036,0.32661414393540006,True,0.019998692937364226
T30,edge,off_reconfiguration,-1,True,2.940807150216551e-07,6.001366809541013e-05,0.7215789843949036,0.3296788253951485,True,0.01999844455385244
T30,edge,off_reconfiguration,-1,True,2.940807150216551e-07,6.257642484586067e-05,0.7194594315789481,0.3170518609668851,True,0.019999058094184036
T30,edge,off_reconfiguration,-1,True,2.940807150216551e-07,0.0001015093421818094,0.7133130834285214,0.3254794931547763,True,0.019998553806486158
T30,edge,off_reconfiguration,-1,True,1.5251824057850655e-07,5.9513596297529106e-05,0.6725468825230139,0.3502314623197645,True,0.019995714008667897
T30,edge,off_reconfiguration,-1,True,1.5251824057850655e-07,6.655054674132672e-05,0.6725468825230139,0.3461673559011025,True,0.019996360362560445
T30,edge,off_reconfiguration,-1,True,1.5251824057850655e-07,5.9513596297529106e-05,0.6725468825230139,0.34909196142910426,True,0.019995714008667897
T30,edge,off_reconfiguration,-1,True,1.5251824057850655e-07,5.9513596297529106e-05,0.6725468825230139,0.3502314623197645,True,0.019995714008667897
T30,edge,off_reconfiguration,-1,True,4.3955682980905933e-07,0.00013997462052742877,0.5240237104067601,0.29133293259933873,True,0.01999954534579121
T30,edge,off_reconfiguration,-1,True,4.3955682980905933e-07,0.00013997462052742877,0.5240237104067601,0.29133293259933873,True,0.01999954534579121
T30,edge,off_reconfiguration,-1,True,4.3955682980905933e-07,0.00013997462052742877,0.5240237104067601,0.29133293259933873,True,0.01999954534579121
T30,edge,off_reconfiguration,-1,True,4.3955682980905933e-07,0.00013997462052742877,0.5240237104067601,0.29133293259933873,True,0.01999954534579121
T30,edge,off_reconfiguration,-1,True,1.2415210954905017e-05,0.0012527294765924824,0.19193974587199789,0.17371135171447386,True,0.01999928558500816
T30,edge,off_reconfiguration,-1,True,5.505891334915629e-06,0.0008575504978620105,0.2691521050365812,0.17371135171447386,True,0.019999514083001102
T30,edge,off_reconfiguration,-1,True,5.505891334915629e-06,0.0008575504978620105,0.2691521050365812,0.16685452068200282,True,0.019999765844243234
T30,edge,off_reconfiguration,-1,True,5.505891334915629e-06,0.0008575504978620105,0.2691521050365812,0.17371135171447386,True,0.019999615947373983
T30,edge,off_reconfiguration,-1,True,2.000904054866787e-06,0.00039554053179004353,0.5356932479033305,0.10845524104203588,True,0.020000979578271877
T30,edge,off_reconfiguration,-1,True,1.8014964466304363e-06,0.0005584084325773065,0.48716643360825396,0.10845524104203588,True,0.020000979578271877
T30,edge,off_reconfiguration,-1,True,1.8014964466304363e-06,0.0006289965485212802,0.5114297741128675,0.10845524104203588,True,0.020000979578271877
T30,edge,off_reconfiguration,-1,True,1.853247208522134e-06,0.0003871032685220992,0.5579081535366369,0.08940566058241915,True,0.020001650583416186
T30,edge,off_reconfiguration,-1,True,1.4885381423370656e-06,0.0008368061948631435,0.4217727959773094,0.0893672644848489,True,0.020005501669158682
T30,edge,off_reconfiguration,-1,True,1.5001915924419202e-06,0.0008368061948631435,0.4217727959773094,0.09125097826884232,True,0.020005501669158682
T30,edge,off_reconfiguration,-1,True,2.5749952117193114e-06,0.0011447379092362894,0.2973527992529161,0.09125097826884232,True,0.020007911140032558
T30,edge,off_reconfiguration,-1,True,1.7401972847615436e-06,0.0008368061948631435,0.4217727959773094,0.07946290353877482,True,0.020005688164348195
T30,edge,off_reconfiguration,-1,True,3.988343322415678e-06,0.0007609441726214542,0.2935831324357566,0.14971395905553456,True,0.019999647885835636
T30,edge,off_reconfiguration,-1,True,2.664999299028493e-06,0.0007784009362901207,0.2927376105129291,0.1632544443548058,True,0.020000144529108033
T30,edge,off_reconfiguration,-1,True,1.8197482514847645e-06,0.0004704680149524284,0.39213502472114947,0.16831219823544163,True,0.019999594097898143
T30,edge,off_reconfiguration,-1,True,1.8197482514847645e-06,0.0004704680149524284,0.39213502472114947,0.16831219823544163,True,0.01999963249087669
T30,edge,off_reconfiguration,-1,True,6.165058874270295e-07,8.661911287917773e-05,0.6297150082145418,0.25538194140696335,True,0.01999975159840295
T30,edge,off_reconfiguration,-1,True,6.190662016089784e-07,6.910294317256409e-05,0.6414196384735761,0.26052799435883345,True,0.019999742834706513
T30,edge,off_reconfiguration,-1,True,5.790828738726804e-07,7.553846469684804e-05,0.6307654398628859,0.2506763677540071,True,0.0199997533262897
T30,edge,off_reconfiguration,-1,True,6.040861172814051e-07,5.156679739517735e-05,0.6604862717171828,0.26601163867230154,True,0.019999734805639435
T30,edge,off_reconfiguration,-1,True,3.4362381517727137e-07,3.8248678201223815e-05,0.727154931987713,0.33615626768003787,True,0.01999823975161716
T30,edge,off_reconfiguration,-1,True,2.940807150216551e-07,6.001366809541013e-05,0.7215789843949036,0.3296788253951485,True,0.01999844455385244
T30,edge,off_reconfiguration,-1,True,2.761731045095691e-07,3.8248678201223815e-05,0.727154931987713,0.34007251518383164,True,0.019997664743002214
T30,edge,off_reconfiguration,-1,True,3.017091512228258e-07,4.1843619735380505e-05,0.7251297665209449,0.32661414393540006,True,0.019998692937364226
T30,edge,off_reconfiguration,-1,True,1.3766602181400216e-07,4.753610481523206e-05,0.6757048676449448,0.34909196142910426,True,0.019994643094447317
T30,edge,off_reconfiguration,-1,True,1.5251824057850655e-07,5.9513596297529106e-05,0.6725468825230139,0.34909196142910426,True,0.019995714008667897
T30,edge,off_reconfiguration,-1,True,1.3781421872334701e-07,3.726406555059884e-05,0.6757048676449448,0.34909196142910426,True,0.019994170307809644
T30,edge,off_reconfiguration,-1,True,1.3241949020471105e-07,3.726406555059884e-05,0.6757048676449448,0.34909196142910426,True,0.019994170307809644
T30,edge,off_reconfiguration,-1,True,4.3955682980905933e-07,0.00013997462052742877,0.5240237104067601,0.29133293259933873,True,0.01999954534579121
T30,edge,off_reconfiguration,-1,True,2.6827540499418255e-07,9.120604562338408e-05,0.5281940276380374,0.3009620505922087,True,0.019999464255970545
T30,edge,off_reconfiguration,-1,True,2.6827540499418255e-07,9.120604562338408e-05,0.5281940276380374,0.3009620505922087,True,0.019999464255970545
T30,edge,off_reconfiguration,-1,True,2.6827540499418255e-07,9.120604562338408e-05,0.5281940276380374,0.3009620505922087,True,0.019999464255970545
T30,edge,off_reconfiguration,-1,True,1.2415210954905017e-05,0.0012527294765924824,0.19193974587199789,0.17371135171447386,True,0.01999928558500816
T30,edge,off_reconfiguration,-1,True,1.2415210954905017e-05,0.0012527294765924824,0.19193974587199789,0.18016755184902067,True,0.019999514083001102
T30,edge,off_reconfiguration,-1,True,1.2415210954905017e-05,0.0012527294765924824,0.19193974587199789,0.18016755184902067,True,0.01999956671561895
T30,edge,off_reconfiguration,-1,True,1.2415210954905017e-05,0.0012527294765924824,0.19193974587199789,0.18016755184902067,True,0.019999601970852265
T30,edge,off_reconfiguration,-1,True,2.000904054866787e-06,0.00039554053179004353,0.5356932479033305,0.10845524104203588,True,0.020000979578271877
T30,edge,off_reconfiguration,-1,True,2.000904054866787e-06,0.0005584084325773065,0.48716643360825396,0.11209139665930226,True,0.02000090034758531
T30,edge,off_reconfiguration,-1,True,2.381827582384492e-06,0.00039554053179004353,0.5356932479033305,0.09672673946843485,True,0.02000090034758531
T30,edge,off_reconfiguration,-1,True,2.000904054866787e-06,0.0004316448544065616,0.4626288487720691,0.11209139665930226,True,0.02000090034758531
T30,edge,off_reconfiguration,-1,True,1.8102301804003949e-06,0.0009327034558357533,0.3631594987970899,0.07698115737556131,True,0.020005688164348195
T30,edge,off_reconfiguration,-1,True,1.7401972847615436e-06,0.0007371913974611926,0.4342731258322054,0.07946290353877482,True,0.020005688164348195
T30,edge,off_reconfiguration,-1,True,1.7401972847615436e-06,0.0007371913974611926,0.4342731258322054,0.07946290353877482,True,0.020005688164348195
T30,edge,off_reconfiguration,-1,True,1.7401972847615436e-06,0.0008368061948631435,0.4217727959773094,0.07946290353877482,True,0.020005688164348195
T30,edge,off_reconfiguration,-1,True,3.988343322415678e-06,0.0007609441726214542,0.2935831324357566,0.14971395905553456,True,0.019999647885835636
T30,edge,off_reconfiguration,-1,True,3.988343322415678e-06,0.0007609441726214542,0.2935831324357566,0.1463470815240118,True,0.019999647885835636
T30,edge,off_reconfiguration,-1,True,3.988343322415678e-06,0.0007609441726214542,0.2935831324357566,0.14971395905553456,True,0.019999647885835636
T30,edge,off_reconfiguration,-1,True,3.988343322415678e-06,0.0007784009362901207,0.2927376105129291,0.14971395905553456,True,0.020000144529108033
T30,edge,off_reconfiguration,-1,True,6.190662016089784e-07,8.661911287917773e-05,0.6297150082145418,0.25538194140696335,True,0.01999975159840295
T30,edge,off_reconfiguration,-1,True,6.165058874270295e-07,8.661911287917773e-05,0.6297150082145418,0.25538194140696335,True,0.01999975159840295
T30,edge,off_reconfiguration,-1,True,6.165058874270295e-07,8.661911287917773e-05,0.6297150082145418,0.2506763677540071,True,0.0199997533262897
T30,edge,off_reconfiguration,-1,True,6.165058874270295e-07,8.661911287917773e-05,0.6297150082145418,0.25538194140696335,True,0.01999975159840295
T30,edge,off_reconfiguration,-1,True,3.4362381517727137e-07,3.8248678201223815e-05,0.727154931987713,0.33615626768003787,True,0.01999823975161716
T30,edge,off_reconfiguration,-1,True,3.4362381517727137e-07,1.5509568494356516e-05,0.7402542384229021,0.33615626768003787,True,0.01999823975161716
T30,edge,off_reconfiguration,-1,True,3.4362381517727137e-07,1.5509568494356516e-05,0.7402542384229021,0.33615626768003787,True,0.01999823975161716
T30,edge,off_reconfiguration,-1,True,3.4362381517727137e-07,4.1843619735380505e-05,0.7251297665209449,0.32661414393540006,True,0.019998692937364226
T30,edge,off_reconfiguration,-1,True,1.3781421872334701e-07,2.4715235582738938e-05,0.6936801791073746,0.3518168446608894,True,0.01999119900291338
T30,edge,off_reconfiguration,-1,True,1.3781421872334701e-07,2.4715235582738938e-05,0.6936801791073746,0.35498029040416734,True,0.019991088641015564
T30,edge,off_reconfiguration,-1,True,1.3781421872334701e-07,3.726406555059884e-05,0.6757048676449448,0.34909196142910426,True,0.019994170307809644
T30,edge,off_reconfiguration,-1,True,1.3781421872334701e-07,4.753610481523206e-05,0.6797282516799922,0.3541873918697174,True,0.019994643094447317
T30,edge,off_reconfiguration,-1,True,3.827427831262666e-07,3.235340282647995e-05,0.5730062835324695,0.3085106485662705,True,0.019999266367170948
T30,edge,off_reconfiguration,-1,True,3.3269349102257545e-07,3.235340282647995e-05,0.5732130758575884,0.31248690444972366,True,0.01999917155734207
T30,edge,off_reconfiguration,-1,True,1.982618219203802e-07,3.235340282647995e-05,0.5732130758575884,0.31248690444972366,True,0.01999917155734207
T30,edge,off_reconfiguration,-1,True,1.982618219203802e-07,3.45330068522745e-05,0.5732130758575884,0.31248690444972366,True,0.01999917155734207
T30,edge,off_reconfiguration,-1,True,5.865813703143764e-06,0.001321271197867816,0.18595505560854,0.22094789309905144,True,0.02000020232267452
T30,edge,off_reconfiguration,-1,True,5.865813703143764e-06,0.001321271197867816,0.18595505560854,0.22094789309905144,True,0.02000020232267452
T30,edge,off_reconfiguration,-1,True,5.865813703143764e-06,0.001321271197867816,0.18595505560854,0.22094789309905144,True,0.02000020232267452
T30,edge,off_reconfiguration,-1,True,5.865813703143764e-06,0.001321271197867816,0.18595505560854,0.22094789309905144,True,0.02000020232267452
T30,edge,off_reconfiguration,-1,True,1.8338697779747753e-06,0.0004316448544065616,0.45241446349964565,0.12889382053505036,True,0.020000608483223214
T30,edge,off_reconfiguration,-1,True,1.9466301362747993e-06,0.0004316448544065616,0.4626288487720691,0.12725526115093375,True,0.02000067725257504
T30,edge,off_reconfiguration,-1,True,2.000904054866787e-06,0.0004316448544065616,0.4626288487720691,0.11209139665930226,True,0.02000090034758531
T30,edge,off_reconfiguration,-1,True,1.8338697779747753e-06,0.0010260828429876515,0.2813475403949778,0.12889382053505036,True,0.020000608483223214
T30,edge,off_reconfiguration,-1,True,2.1240596511613017e-06,0.00035032924311272177,0.527843538127417,0.07242789875245775,True,0.020002368756470157
T30,edge,off_reconfiguration,-1,True,2.1322335749223466e-06,0.00035032924311272177,0.527843538127417,0.07555596633832509,True,0.020002368756470157
T30,edge,off_reconfiguration,-1,True,1.9178323951811397e-06,0.00035032924311272177,0.527843538127417,0.07555596633832509,True,0.020002368756470157
T30,edge,off_reconfiguration,-1,True,1.9178323951811397e-06,0.00035032924311272177,0.527843538127417,0.07555596633832509,True,0.020002368756470157
T30,edge,off_reconfiguration,-1,True,3.1138916145767206e-05,0.0023047614442710854,0.10939999080497936,0.09981174924079003,True,0.020000193932142557
T30,edge,off_reconfiguration,-1,True,1.0027114070924868e-05,0.0017255046319082528,0.17111213033023315,0.0979891186593344,True,0.02000748997947452
T30,edge,off_reconfiguration,-1,True,1.0027114070924868e-05,0.0017255046319082528,0.17111213033023315,0.09525991382631259,True,0.020007911140032558
T30,edge,off_reconfiguration,-1,True,1.0027114070924868e-05,0.002184064629145828,0.15444261310329283,0.0858362044605737,True,0.019999948672171586
T30,edge,off_reconfiguration,-1,True,5.864241140688309e-07,0.00022601470341133078,0.4493494473761103,0.210728040816214,True,0.01999978473225872
T30,edge,off_reconfiguration,-1,True,5.864241140688309e-07,0.00022601470341133078,0.49026995654740363,0.21728575397206693,True,0.01999977864276889
T30,edge,off_reconfiguration,-1,True,5.864241140688309e-07,0.0002902315576319713,0.4730866224135947,0.2035268153365825,True,0.01999977864276889
T30,edge,off_reconfiguration,-1,True,5.864241140688309e-07,0.00022601470341133078,0.49026995654740363,0.21728575397206693,True,0.01999977864276889
T30,edge,off_reconfiguration,-1,True,5.534209161097216e-07,3.025781511322985e-05,0.7271188135366757,0.29677590117393243,True,0.019999597561097704
T30,edge,off_reconfiguration,-1,True,5.534209161097216e-07,2.4223711491474025e-05,0.7306190375802817,0.30330089268333116,True,0.019999520383358144
T30,edge,off_reconfiguration,-1,True,5.534209161097216e-07,0.00016827789768000774,0.7306190375802817,0.30330089268333116,True,0.019999520383358144
T30,edge,off_reconfiguration,-1,True,5.534209161097216e-07,2.4223711491474025e-05,0.7306190375802817,0.30330089268333116,True,0.019999520383358144
T30,edge,off_reconfiguration,-1,True,1.2777121432218086e-07,5.7905745997743736e-06,0.740227412980785,0.3642178354001444,True,0.01999309871923255
T30,edge,off_reconfiguration,-1,True,1.2430893860262338e-07,1.7683628851157155e-05,0.7221691883456922,0.3642178354001444,True,0.01999309871923255
T30,edge,off_reconfiguration,-1,True,1.2961782954430878e-07,3.718573847387002e-05,0.7103018589848761,0.3605667998893379,True,0.019993349543258987
T30,edge,off_reconfiguration,-1,True,1.2430893860262338e-07,3.67717841477353e-05,0.7174262559662766,0.35695245593617436,True,0.019994565872635178
T30,edge,off_reconfiguration,-1,True,1.394706995876348e-07,4.353408482428141e-06,0.6851563321736911,0.3356111051992737,True,0.01999571474990472
T30,edge,off_reconfiguration,-1,True,8.389713889484162e-08,4.353408482428141e-06,0.659127997165103,0.3326457817815329,True,0.019996782259040752
T30,edge,off_reconfiguration,-1,True,2.3841455885086404e-07,6.097163388881823e-06,0.6593053874114841,0.325979627841108,True,0.01999779939005597
T30,edge,off_reconfiguration,-1,True,1.3241949020471105e-07,1.5248884911748957e-05,0.6851563321736911,0.3380094817785371,True,0.019995065405152335
T30,edge,off_reconfiguration,-1,True,3.827427831262666e-07,3.212731058884022e-05,0.4705936987148089,0.2954055114234612,True,0.019999579271205464
T30,edge,off_reconfiguration,-1,True,3.633455102577697e-07,0.00019317748997066858,0.4095872123245709,0.27895458203291995,True,0.019999676286790974
T30,edge,off_reconfiguration,-1,True,3.4583812318351525e-07,3.235340282647995e-05,0.4705936987148089,0.2954055114234612,True,0.019999579271205464
T30,edge,off_reconfiguration,-1,True,3.4583812318351525e-07,9.120604562338408e-05,0.4705936987148089,0.2954055114234612,True,0.019999579271205464
T30,edge,off_reconfiguration,-1,True,9.741447587815602e-06,0.003299628154603204,0.0829768234156153,0.14799681364087924,True,0.020001183907660175
T30,edge,off_reconfiguration,-1,True,9.741447587815602e-06,0.003299628154603204,0.0829768234156153,0.15336544398517038,True,0.020001183907660175
T30,edge,off_reconfiguration,-1,True,9.741447587815602e-06,0.003299628154603204,0.0829768234156153,0.14303647956995058,True,0.020001183907660175
T30,edge,off_reconfiguration,-1,True,9.741447587815602e-06,0.003299628154603204,0.0829768234156153,0.14527764419289868,True,0.020001183907660175
T30,edge,off_reconfiguration,-1,True,1.2797603864528812e-05,0.0015816960430227356,0.08297374548732739,0.14799681364087924,True,0.02000118016098179
T30,edge,off_reconfiguration,-1,True,1.2797603864528812e-05,0.0018531469214363087,0.08297374548732739,0.15336544398517038,True,0.02000118016098179
T30,edge,off_reconfiguration,-1,True,1.2797603864528812e-05,0.0015816960430227356,0.08297374548732739,0.14303647956995058,True,0.02000118016098179
T30,edge,off_reconfiguration,-1,True,1.2797603864528812e-05,0.0015816960430227356,0.08297374548732739,0.14527764419289868,True,0.02000118016098179
T30,edge,off_reconfiguration,-1,True,2.528635113633748e-06,0.00022133330494926104,0.5851310367071124,0.09672673946843485,True,0.020000847336756306
T30,edge,off_reconfiguration,-1,True,2.528635113633748e-06,9.960285972426556e-05,0.5308570092190772,0.10498102097891293,True,0.020000786157509914
T30,edge,off_reconfiguration,-1,True,2.528635113633748e-06,0.00022772721607248404,0.5814724692916106,0.08809610577897097,True,0.020000852899066834
T30,edge,off_reconfiguration,-1,True,2.528635113633748e-06,0.00039554053179004353,0.5356932479033305,0.10498102097891293,True,0.02000090034758531
T30,edge,off_reconfiguration,-1,True,2.1240596511613017e-06,0.00049752958740576,0.4359997769142716,0.07242789875245775,True,0.02000307711879748
T30,edge,off_reconfiguration,-1,True,1.954796312446914e-06,0.0009327034558357533,0.3631594987970899,0.07340479086854833,True,0.020005432071511425
T30,edge,off_reconfiguration,-1,True,1.954796312446914e-06,0.00049752958740576,0.4359997769142716,0.07340479086854833,True,0.02000307711879748
T30,edge,off_reconfiguration,-1,True,1.954796312446914e-06,0.0007371913974611926,0.4342731258322054,0.07340479086854833,True,0.020005688164348195
T30,edge,off_reconfiguration,-1,True,4.89323314963278e-06,0.001358330527740575,0.1855005608122346,0.15558080691480872,True,0.020001677109664273
T30,edge,off_reconfiguration,-1,True,4.89323314963278e-06,0.001358330527740575,0.1855005608122346,0.15558080691480872,True,0.020001677109664273
T30,edge,off_reconfiguration,-1,True,4.89323314963278e-06,0.001358330527740575,0.1855005608122346,0.15558080691480872,True,0.020001677109664273
T30,edge,off_reconfiguration,-1,True,4.89323314963278e-06,0.001358330527740575,0.1855005608122346,0.15558080691480872,True,0.020001677109664273
T30,edge,off_reconfiguration,-1,True,6.530936252084646e-07,7.869551775057869e-05,0.6215297031116435,0.2534414363542272,True,0.019999742834706513
T30,edge,off_reconfiguration,-1,True,6.530936252084646e-07,7.869551775057869e-05,0.6215297031116435,0.2534414363542272,True,0.01999974034248142
T30,edge,off_reconfiguration,-1,True,6.530936252084646e-07,8.661911287917773e-05,0.6215297031116435,0.2534414363542272,True,0.01999975159840295
T30,edge,off_reconfiguration,-1,True,6.530936252084646e-07,0.00014949574107909298,0.5146343991286296,0.225476965712957,True,0.01999976056292968
T30,edge,off_reconfiguration,-1,True,5.235446217106858e-07,3.1808081699135193e-05,0.7510820258680133,0.3149297469703261,True,0.019999347112636012
T30,edge,off_reconfiguration,-1,True,5.235446217106858e-07,3.1808081699135193e-05,0.7450350675373562,0.30938466868940234,True,0.0199994463419004
T30,edge,off_reconfiguration,-1,True,5.235446217106858e-07,0.00016827789768000774,0.7356353597833377,0.31261270939072955,True,0.019999348798511507
T30,edge,off_reconfiguration,-1,True,5.534209161097216e-07,3.1808081699135193e-05,0.7306190375802817,0.30330089268333116,True,0.019999520383358144
T27,edge,source,0,True,2.169960158046635e-05,0.003335887570874473,0.7180694059580556,0.23527265046256937,True,1.2423946347067671e-05
T27,edge,source_reverse,1,True,2.169960158046635e-05,0.003335887570874473,0.7180694059580556,0.23527265046256937,True,1.2423946347067671e-05
T27,edge,source,2,True,3.58709516351089e-07,0.00015935405507119934,0.708267126136342,0.23198085577565553,True,2.7942840136185865e-07
T27,edge,source_reverse,3,True,3.58709516351089e-07,0.00015935405507119934,0.708267126136342,0.23198085577565553,True,2.7942840136185865e-07
T27,edge,source,4,True,4.7321714339820613e-07,0.00024266854470925343,0.6988241622955429,0.26245651879755233,True,4.0953221114303773e-07
T27,edge,source_reverse,5,True,4.7321714339820613e-07,0.00024266854470925343,0.6988241622955429,0.26245651879755233,True,4.0953221114303773e-07
T27,edge,source,6,True,4.889784228949958e-07,0.0002665633915546869,0.6933851643294975,0.21795781594347458,True,4.549699414713171e-07
T27,edge,source_reverse,7,True,4.889784228949958e-07,0.0002665633915546869,0.6933851643294975,0.21795781594347458,True,4.549699414713171e-07
T27,edge,source,8,True,5.495012681553583e-07,0.0002578014729649379,0.7114073550165768,0.21922279641108083,True,4.851853187270994e-07
T27,edge,source_reverse,9,True,5.495012681553583e-07,0.0002578014729649379,0.7114073550165768,0.21922279641108083,True,4.851853187270994e-07
T27,edge,source,10,True,7.16854399487128e-07,0.0003583765094296344,0.7019617301215064,0.2039229510972497,True,6.809404825280918e-07
T27,edge,source_reverse,11,True,7.16854399487128e-07,0.0003583765094296344,0.7019617301215064,0.2039229510972497,True,6.809404825280918e-07
T27,edge,source,12,True,7.303042956306578e-07,0.000354201865424581,0.6730979299540639,0.20419318629339667,True,6.262689658531606e-07
T27,edge,source_reverse,13,True,7.303042956306578e-07,0.000354201865424581,0.6730979299540639,0.20419318629339667,True,6.262689658531606e-07
T27,edge,source,14,True,6.729601615389584e-07,0.0001744040355955775,0.6771206852388353,0.27047539885964955,True,4.489782589323088e-07
T27,edge,source_reverse,15,True,6.729601615389584e-07,0.0001744040355955775,0.6771206852388353,0.27047539885964955,True,4.489782589323088e-07
T27,edge,source,16,True,6.50845288899729e-07,0.0002451475403316696,0.7060354786326245,0.2739110363698257,True,6.136623941777053e-07
T27,edge,source_reverse,17,True,6.50845288899729e-07,0.0002451475403316696,0.7060354786326245,0.2739110363698257,True,6.136623941777053e-07
T27,edge,source,18,True,7.480497361572526e-07,0.0001664968064752976,0.6488674369399595,0.2592235285324063,True,3.511416905299658e-07
T27,edge,source_reverse,19,True,7.480497361572526e-07,0.0001664968064752976,0.6488674369399595,0.2592235285324063,True,3.511416905299658e-07
T27,edge,source,20,True,8.48403511493879e-07,0.0004299629851636638,0.6468187277836406,0.19161200272044518,True,7.117423883595819e-07
T27,edge,source_reverse,21,True,8.48403511493879e-07,0.0004299629851636638,0.6468187277836406,0.19161200272044518,True,7.117423883595819e-07
T27,edge,source,22,True,8.187575148081954e-07,0.0004445792114504104,0.6809106984613026,0.18993379598693033,True,8.033039761712324e-07
T27,edge,source_reverse,23,True,8.187575148081954e-07,0.0004445792114504104,0.6809106984613026,0.18993379598693033,True,8.033039761712324e-07
T27,edge,source,24,True,7.58617802637554e-07,0.00024391642178013323,0.684590916053062,0.23138999600414084,True,7.089466132481625e-07
T27,edge,source_reverse,25,True,7.58617802637554e-07,0.00024391642178013323,0.684590916053062,0.23138999600414084,True,7.089466132481625e-07
T27,edge,source,26,True,9.744921993715912e-07,0.0005034304376859938,0.651395723472775,0.18263067737013647,True,9.213342342662134e-07
T27,edge,source_reverse,27,True,9.744921993715912e-07,0.0005034304376859938,0.651395723472775,0.18263067737013647,True,9.213342342662134e-07
T27,edge,source,28,True,1.05095558049221e-06,0.0005266164161223372,0.6581964271614724,0.17605299842117514,True,1.0320175130307252e-06
T27,edge,source_reverse,29,True,1.05095558049221e-06,0.0005266164161223372,0.6581964271614724,0.17605299842117514,True,1.0320175130307252e-06
T27,edge,source,30,True,1.02203288332861e-06,0.0004952991042878369,0.6139017189270102,0.19662588761152117,True,5.790702476693443e-07
T27,edge,source_reverse,31,True,1.02203288332861e-06,0.0004952991042878369,0.6139017189270102,0.19662588761152117,True,5.790702476693443e-07
T27,edge,source,32,True,8.08913148071313e-07,0.0001498950333693177,0.6372466250844816,0.28166696166731664,True,5.676742708127236e-07
T27,edge,source_reverse,33,True,8.08913148071313e-07,0.0001498950333693177,0.6372466250844816,0.28166696166731664,True,5.676742708127236e-07
T27,edge,source,34,True,6.990615532039039e-07,0.00024148667247213403,0.7039975835815911,0.28360492370513846,True,6.900970545564711e-07
T27,edge,source_reverse,35,True,6.990615532039039e-07,0.00024148667247213403,0.7039975835815911,0.28360492370513846,True,6.900970545564711e-07
T27,edge,source,36,True,6.476105448449628e-07,0.00012933191345338696,0.6870611660793086,0.2969781966287048,True,6.343114212215006e-07
T27,edge,source_reverse,37,True,6.476105448449628e-07,0.00012933191345338696,0.6870611660793086,0.2969781966287048,True,6.343114212215006e-07
T27,edge,source,38,True,8.692535899877932e-07,0.0001688918790477773,0.598289234943599,0.2713761149283948,True,4.117066682851611e-07
T27,edge,source_reverse,39,True,8.692535899877932e-07,0.0001688918790477773,0.598289234943599,0.2713761149283948,True,4.117066682851611e-07
T27,edge,source,40,True,1.0955697687672845e-06,0.0005587607712344601,0.573909830688403,0.18388187910716378,True,8.218868806364465e-07
T27,edge,source_reverse,41,True,1.0955697687672845e-06,0.0005587607712344601,0.573909830688403,0.18388187910716378,True,8.218868806364465e-07
T27,edge,source,42,True,1.161826780316604e-06,0.0006053140752427509,0.6366522694036961,0.1623544037737708,True,1.0908336232351434e-06
T27,edge,source_reverse,43,True,1.161826780316604e-06,0.0006053140752427509,0.6366522694036961,0.1623544037737708,True,1.0908336232351434e-06
T27,edge,source,44,True,1.0377625311579866e-06,0.0006053140752427509,0.6128064203787301,0.16700573965585427,True,1.0243259405962046e-06
T27,edge,source_reverse,45,True,1.0377625311579866e-06,0.0006053140752427509,0.6128064203787301,0.16700573965585427,True,1.0243259405962046e-06
T27,edge,source,46,True,8.142104156044764e-07,0.00023821814741597158,0.6524689769414341,0.23917517116893453,True,7.866733299499717e-07
T27,edge,source_reverse,47,True,8.142104156044764e-07,0.00023821814741597158,0.6524689769414341,0.23917517116893453,True,7.866733299499717e-07
T27,edge,source,48,True,9.55069610931494e-07,0.0004610267014081066,0.5650100282808433,0.17624449025299974,True,6.40467304635628e-07
T27,edge,source_reverse,49,True,9.55069610931494e-07,0.0004610267014081066,0.5650100282808433,0.17624449025299974,True,6.40467304635628e-07
T27,edge,source,50,True,1.3317954808047734e-06,0.0006791939732924486,0.5656711730795737,0.1489254643137282,True,1.3249886193500426e-06
T27,edge,source_reverse,51,True,1.3317954808047734e-06,0.0006791939732924486,0.5656711730795737,0.1489254643137282,True,1.3249886193500426e-06
T27,edge,source,52,True,1.1938663394629157e-06,0.0006168843982501984,0.535488915143393,0.15128639430610208,True,1.1189111482901026e-06
T27,edge,source_reverse,53,True,1.1938663394629157e-06,0.0006168843982501984,0.535488915143393,0.15128639430610208,True,1.1189111482901026e-06
T27,edge,source,54,True,1.4250361702956546e-06,0.0005082298737600714,0.5264602896733726,0.2046426769082496,True,6.229981189820322e-07
T27,edge,source_reverse,55,True,1.4250361702956546e-06,0.0005082298737600714,0.5264602896733726,0.2046426769082496,True,6.229981189820322e-07
T27,edge,source,56,True,6.829440556812358e-07,0.0001036095741167429,0.6106240783286179,0.3012991162790253,True,5.785711652828152e-07
T27,edge,source_reverse,57,True,6.829440556812358e-07,0.0001036095741167429,0.6106240783286179,0.3012991162790253,True,5.785711652828152e-07
T27,edge,source,58,True,5.385835703265719e-07,0.00010332777696984538,0.6936329978831944,0.29824500781081276,True,5.192325583658342e-07
T27,edge,source_reverse,59,True,5.385835703265719e-07,0.00010332777696984538,0.6936329978831944,0.29824500781081276,True,5.192325583658342e-07
T27,edge,source,60,True,6.662698750349449e-07,0.00023448796439320708,0.7049532205694101,0.2912359881445387,True,6.628565213662174e-07
T27,edge,source_reverse,61,True,6.662698750349449e-07,0.00023448796439320708,0.7049532205694101,0.2912359881445387,True,6.628565213662174e-07
T27,edge,source,62,True,3.098094396129361e-07,7.7693401808901e-05,0.657131269853079,0.34204890301598573,True,2.9010772606419266e-07
T27,edge,source_reverse,63,True,3.098094396129361e-07,7.7693401808901e-05,0.657131269853079,0.34204890301598573,True,2.9010772606419266e-07
T27,edge,source,64,True,1.167688493758155e-06,0.00029890126400671543,0.5133545807895439,0.260542239190713,True,4.0930750910828095e-07
T27,edge,source_reverse,65,True,1.167688493758155e-06,0.00029890126400671543,0.5133545807895439,0.260542239190713,True,4.0930750910828095e-07
T27,edge,source,66,True,1.7277815921009762e-06,0.0006696067839471358,0.47153161100683433,0.16877837111444838,True,1.0681124601730208e-06
T27,edge,source_reverse,67,True,1.7277815921009762e-06,0.0006696067839471358,0.47153161100683433,0.16877837111444838,True,1.0681124601730208e-06
T27,edge,source,68,True,1.4110099324145682e-06,0.0006647273481348798,0.547429802991736,0.13583355307769102,True,1.2512857224533658e-06
T27,edge,source_reverse,69,True,1.4110099324145682e-06,0.0006647273481348798,0.547429802991736,0.13583355307769102,True,1.2512857224533658e-06
T27,edge,source,70,True,1.2886812819024327e-06,0.0007495811712850882,0.5083144065795924,0.13583355307769102,True,1.2828845505907793e-06
T27,edge,source_reverse,71,True,1.2886812819024327e-06,0.0007495811712850882,0.5083144065795924,0.13583355307769102,True,1.2828845505907793e-06
T27,edge,source,72,True,1.1219152814849707e-06,0.00039655281447960235,0.5151385900493842,0.18159143249218676,True,7.441744754033142e-07
T27,edge,source_reverse,73,True,1.1219152814849707e-06,0.00039655281447960235,0.5151385900493842,0.18159143249218676,True,7.441744754033142e-07
T27,edge,source,74,True,7.259265535507609e-07,0.0002306864162151063,0.6067085990196521,0.24269960303205548,True,7.245690414325878e-07
T27,edge,source_reverse,75,True,7.259265535507609e-07,0.0002306864162151063,0.6067085990196521,0.24269960303205548,True,7.245690414325878e-07
T27,edge,source,76,True,1.5742644679949019e-06,0.0006433250992478776,0.4435057228619303,0.14826921614766386,True,8.670945381705764e-07
T27,edge,source_reverse,77,True,1.5742644679949019e-06,0.0006433250992478776,0.4435057228619303,0.14826921614766386,True,8.670945381705764e-07
T27,edge,source,78,True,1.5392464537229366e-06,0.0008108980109066058,0.4462956680166872,0.12326936562788439,True,1.5156017061368487e-06
T27,edge,source_reverse,79,True,1.5392464537229366e-06,0.0008108980109066058,0.4462956680166872,0.12326936562788439,True,1.5156017061368487e-06
T27,edge,source,80,True,1.3781129781152793e-06,0.0007327288178233074,0.4526625405356549,0.12606427776357712,True,1.2920432771734713e-06
T27,edge,source_reverse,81,True,1.3781129781152793e-06,0.0007327288178233074,0.4526625405356549,0.12606427776357712,True,1.2920432771734713e-06
T27,edge,source,82,True,2.3325200202714066e-06,0.0007306077873368526,0.4095146202375462,0.1728694348038371,True,8.128795545292444e-07
T27,edge,source_reverse,83,True,2.3325200202714066e-06,0.0007306077873368526,0.4095146202375462,0.1728694348038371,True,8.128795545292444e-07
T27,edge,source,84,True,9.725179768198296e-07,0.00027241668144459687,0.5080834497748509,0.2774201913920122,True,5.837611923575903e-07
T27,edge,source_reverse,85,True,9.725179768198296e-07,0.00027241668144459687,0.5080834497748509,0.2774201913920122,True,5.837611923575903e-07
T27,edge,source,86,True,2.637571451019135e-07,5.213614751932685e-05,0.6656021946073066,0.34501043283852634,True,2.562645425585597e-07
T27,edge,source_reverse,87,True,2.637571451019135e-07,5.213614751932685e-05,0.6656021946073066,0.34501043283852634,True,2.562645425585597e-07
T27,edge,source,88,True,5.833516171177584e-07,0.0002272209128522033,0.7103295629027482,0.2964652919298841,True,5.631448147802587e-07
T27,edge,source_reverse,89,True,5.833516171177584e-07,0.0002272209128522033,0.7103295629027482,0.2964652919298841,True,5.631448147802587e-07
T27,edge,source,90,True,5.639913583405145e-07,2.951390654666611e-05,0.7220952090542606,0.30665088699260606,True,5.447777141898147e-07
T27,edge,source_reverse,91,True,5.639913583405145e-07,2.951390654666611e-05,0.7220952090542606,0.30665088699260606,True,5.447777141898147e-07
T27,edge,source,92,True,2.2551625240192116e-07,2.9464469482568416e-05,0.6462072602189688,0.3329772802032036,True,2.2173508379408347e-07
T27,edge,source_reverse,93,True,2.2551625240192116e-07,2.9464469482568416e-05,0.6462072602189688,0.3329772802032036,True,2.2173508379408347e-07
T27,edge,source,94,True,1.342988954726316e-06,0.0004096779263497535,0.4215837577388574,0.25656683091397187,True,3.4041037411114416e-07
T27,edge,source_reverse,95,True,1.342988954726316e-06,0.0004096779263497535,0.4215837577388574,0.25656683091397187,True,3.4041037411114416e-07
T27,edge,source,96,True,3.25923765358494e-06,0.0008040639672659847,0.3410069022136867,0.15404079608481067,True,1.2054488325585755e-06
T27,edge,source_reverse,97,True,3.25923765358494e-06,0.0008040639672659847,0.3410069022136867,0.15404079608481067,True,1.2054488325585755e-06
T27,edge,source,98,True,1.5600372931650788e-06,0.000745029418137586,0.44247241800809933,0.11309460767255518,True,1.3123799408598646e-06
T27,edge,source_reverse,99,True,1.5600372931650788e-06,0.000745029418137586,0.44247241800809933,0.11309460767255518,True,1.3123799408598646e-06
T27,edge,source,100,True,2.0263059793769917e-06,0.0008756817129301053,0.37220854896845434,0.11140961313984062,True,1.3331827992679735e-06
T27,edge,source_reverse,101,True,2.0263059793769917e-06,0.0008756817129301053,0.37220854896845434,0.11140961313984062,True,1.3331827992679735e-06
T27,edge,source,102,True,2.1530146836211343e-06,0.0006866548528298017,0.37209201260392444,0.1416629698630706,True,6.094874064888067e-07
T27,edge,source_reverse,103,True,2.1530146836211343e-06,0.0006866548528298017,0.37209201260392444,0.1416629698630706,True,6.094874064888067e-07
T27,edge,source,104,True,6.334401105455614e-07,0.00022452786019476088,0.591724017246269,0.24192874038291373,True,6.112984680672895e-07
T27,edge,source_reverse,105,True,6.334401105455614e-07,0.00022452786019476088,0.591724017246269,0.24192874038291373,True,6.112984680672895e-07
T27,edge,source,106,True,1.1611882656744816e-06,0.0005193590073844217,0.39346226303155735,0.18664561750753403,True,5.140817159188238e-07
T27,edge,source_reverse,107,True,1.1611882656744816e-06,0.0005193590073844217,0.39346226303155735,0.18664561750753403,True,5.140817159188238e-07
T27,edge,source,108,True,4.038071980303503e-06,0.00110480487125949,0.2957409214265382,0.10403199532615365,True,1.7379999190381135e-06
T27,edge,source_reverse,109,True,4.038071980303503e-06,0.00110480487125949,0.2957409214265382,0.10403199532615365,True,1.7379999190381135e-06
T27,edge,source,110,True,1.8783337203276434e-06,0.0009892599013103924,0.40046363611283325,0.10064515895568997,True,1.7863758063618729e-06
T27,edge,source_reverse,111,True,1.8783337203276434e-06,0.0009892599013103924,0.40046363611283325,0.10064515895568997,True,1.7863758063618729e-06
T27,edge,source,112,True,4.175034428997475e-06,0.0010906005103728349,0.2790193982927691,0.11675176004651663,True,1.5294979122393304e-06
T27,edge,source_reverse,113,True,4.175034428997475e-06,0.0010906005103728349,0.2790193982927691,0.11675176004651663,True,1.5294979122393304e-06
T27,edge,source,114,True,5.959666352567726e-06,0.0010606583641694478,0.26697990886499484,0.17359506672872074,True,6.543938682046502e-07
T27,edge,source_reverse,115,True,5.959666352567726e-06,0.0010606583641694478,0.26697990886499484,0.17359506672872074,True,6.543938682046502e-07
T27,edge,source,116,True,6.186921311152773e-07,0.0002470550093565113,0.4944310599547857,0.2942402981019683,True,5.155317557292705e-07
T27,edge,source_reverse,117,True,6.186921311152773e-07,0.0002470550093565113,0.4944310599547857,0.2942402981019683,True,5.155317557292705e-07
T27,edge,source,118,True,2.5662917880946627e-07,1.3976876963794299e-05,0.6849827536930739,0.342574046097324,True,2.541460830951525e-07
T27,edge,source_reverse,119,True,2.5662917880946627e-07,1.3976876963794299e-05,0.6849827536930739,0.342574046097324,True,2.541460830951525e-07
T27,edge,source,120,True,5.359370436036375e-07,0.00022310626303033275,0.7290844075866565,0.29893328555742205,True,4.74004302697395e-07
T27,edge,source_reverse,121,True,5.359370436036375e-07,0.00022310626303033275,0.7290844075866565,0.29893328555742205,True,4.74004302697395e-07
T27,edge,source,122,True,6.379545194423878e-07,0.00022172486799241315,0.7446847223551905,0.2990247293415524,True,5.743846610284375e-07
T27,edge,source_reverse,123,True,6.379545194423878e-07,0.00022172486799241315,0.7446847223551905,0.2990247293415524,True,5.743846610284375e-07
T27,edge,source,124,True,3.216460805163357e-07,2.4759435741296416e-05,0.711116537096077,0.34409437915483193,True,2.971534319717861e-07
T27,edge,source_reverse,125,True,3.216460805163357e-07,2.4759435741296416e-05,0.711116537096077,0.34409437915483193,True,2.971534319717861e-07
T27,edge,source,126,True,3.5010236040016275e-07,0.00017560154344272864,0.5264413379603506,0.30391661062988895,True,3.2091794788247086e-07
T27,edge,source_reverse,127,True,3.5010236040016275e-07,0.00017560154344272864,0.5264413379603506,0.30391661062988895,True,3.2091794788247086e-07
T27,edge,source,128,True,1.2822047522983863e-05,0.0013599333196335408,0.18929943098552376,0.1864343779054669,True,1.544058230135148e-06
T27,edge,source_reverse,129,True,1.2822047522983863e-05,0.0013599333196335408,0.18929943098552376,0.1864343779054669,True,1.544058230135148e-06
T27,edge,source,130,True,1.2822047522963214e-05,0.0015572693224587414,0.1885397015693848,0.12137021233079451,True,1.9145113124841018e-06
T27,edge,source_reverse,131,True,1.2822047522963214e-05,0.0015572693224587414,0.1885397015693848,0.12137021233079451,True,1.9145113124841018e-06
T27,edge,source,132,True,2.156188520122424e-06,0.0006995407799540166,0.459623696392117,0.09153646823674541,True,1.8416280562483234e-06
T27,edge,source_reverse,133,True,2.156188520122424e-06,0.0006995407799540166,0.459623696392117,0.09153646823674541,True,1.8416280562483234e-06
T27,edge,source,134,True,8.067096224566508e-06,0.0014614776976048277,0.2167101386236373,0.09153625013298813,True,1.7230231422471487e-06
T27,edge,source_reverse,135,True,8.067096224566508e-06,0.0014614776976048277,0.2167101386236373,0.09153625013298813,True,1.7230231422471487e-06
T27,edge,source,136,True,6.78143986205421e-06,0.0010449743003135953,0.23528887630846654,0.1428727302933598,True,6.4190283466381e-07
T27,edge,source_reverse,137,True,6.78143986205421e-06,0.0010449743003135953,0.23528887630846654,0.1428727302933598,True,6.4190283466381e-07
T27,edge,source,138,True,6.790883464523662e-07,0.00022353222404599367,0.5948662606835168,0.2463045043990588,True,5.908890849115611e-07
T27,edge,source_reverse,139,True,6.790883464523662e-07,0.00022353222404599367,0.5948662606835168,0.2463045043990588,True,5.908890849115611e-07
T27,edge,source,140,True,6.177834067378141e-07,0.0005581002803065187,0.3471510308654355,0.19403413428471575,True,4.748330228454556e-07
T27,edge,source_reverse,141,True,6.177834067378141e-07,0.0005581002803065187,0.3471510308654355,0.19403413428471575,True,4.748330228454556e-07
T27,edge,source,142,True,2.1655076458749652e-05,0.002104328971447452,0.1372238090045918,0.08976762113682711,True,3.621823042726513e-06
T27,edge,source_reverse,143,True,2.1655076458749652e-05,0.002104328971447452,0.1372238090045918,0.08976762113682711,True,3.621823042726513e-06
T27,edge,source,144,True,2.210626870281615e-06,0.001220462484249927,0.2729301465218742,0.08493189115237801,True,2.107842743431787e-06
T27,edge,source_reverse,145,True,2.210626870281615e-06,0.001220462484249927,0.2729301465218742,0.08493189115237801,True,2.107842743431787e-06
T27,edge,source,146,True,2.2446983296180897e-06,0.0011556137750350969,0.2600880084535043,0.09775797063115971,True,2.0430385375413973e-06
T27,edge,source_reverse,147,True,2.2446983296180897e-06,0.0011556137750350969,0.2600880084535043,0.09775797063115971,True,2.0430385375413973e-06
T27,edge,source,148,True,4.080091606270194e-05,0.0027722352398938973,0.10697871549854987,0.14990595163920378,True,1.9122961052719933e-06
T27,edge,source_reverse,149,True,4.080091606270194e-05,0.0027722352398938973,0.10697871549854987,0.14990595163920378,True,1.9122961052719933e-06
T27,edge,source,150,True,5.188164453498174e-07,0.00038080123155619024,0.3609420009490887,0.2750185168625977,True,4.094471314775028e-07
T27,edge,source_reverse,151,True,5.188164453498174e-07,0.00038080123155619024,0.3609420009490887,0.2750185168625977,True,4.094471314775028e-07
T27,edge,source,152,True,3.775893225242737e-07,5.761548980404436e-05,0.6895900799759377,0.32705378582767036,True,3.513319200842968e-07
T27,edge,source_reverse,153,True,3.775893225242737e-07,5.761548980404436e-05,0.6895900799759377,0.32705378582767036,True,3.513319200842968e-07
T27,edge,source,154,True,4.489995315413479e-07,4.561101422904789e-05,0.7878986673546603,0.3284125669750928,True,3.847009661106515e-07
T27,edge,source_reverse,155,True,4.489995315413479e-07,4.561101422904789e-05,0.7878986673546603,0.3284125669750928,True,3.847009661106515e-07
T27,edge,source,156,True,5.45995815800171e-07,6.285537017282832e-05,0.7649349634623265,0.2983072406477194,True,4.5771063314492544e-07
T27,edge,source_reverse,157,True,5.45995815800171e-07,6.285537017282832e-05,0.7649349634623265,0.2983072406477194,True,4.5771063314492544e-07
T27,edge,source,158,True,3.074712881548853e-05,0.002175518786799706,0.7122657655907229,0.24593544131988251,True,2.5197532168813597e-05
T27,edge,source_reverse,159,True,3.074712881548853e-05,0.002175518786799706,0.7122657655907229,0.24593544131988251,True,2.5197532168813597e-05
T27,edge,source,160,True,3.587273739083859e-07,0.00015935862928160777,0.7082647175160938,0.23197758553579267,True,2.7950743150539914e-07
T27,edge,source_reverse,161,True,3.587273739083859e-07,0.00015935862928160777,0.7082647175160938,0.23197758553579267,True,2.7950743150539914e-07
T27,edge,source,162,True,5.900496017496117e-07,0.0002474058666536355,0.6933895116412201,0.22708123455119592,True,4.5173359694561377e-07
T27,edge,source_reverse,163,True,5.900496017496117e-07,0.0002474058666536355,0.6933895116412201,0.22708123455119592,True,4.5173359694561377e-07
T27,edge,source,164,True,5.494439620270394e-07,0.0002665592897064745,0.7093764698048012,0.21795237841377624,True,4.850402833544987e-07
T27,edge,source_reverse,165,True,5.494439620270394e-07,0.0002665592897064745,0.7093764698048012,0.21795237841377624,True,4.850402833544987e-07
T27,edge,source,166,True,5.665695976570874e-07,0.0002029468625606358,0.694787643639472,0.26122816335467947,True,4.764956332004022e-07
T27,edge,source_reverse,167,True,5.665695976570874e-07,0.0002029468625606358,0.694787643639472,0.26122816335467947,True,4.764956332004022e-07
T27,edge,source,168,True,5.454995237969198e-07,0.00017436432540138996,0.7030724607857693,0.2458469647478457,True,4.825646075512502e-07
T27,edge,source_reverse,169,True,5.454995237969198e-07,0.00017436432540138996,0.7030724607857693,0.2458469647478457,True,4.825646075512502e-07
T27,edge,source,170,True,7.16884715213339e-07,0.00035837345845172704,0.7019658536689987,0.20391688710154243,True,6.807167473865672e-07
T27,edge,source_reverse,171,True,7.16884715213339e-07,0.00035837345845172704,0.7019658536689987,0.20391688710154243,True,6.807167473865672e-07
T27,edge,source,172,True,7.303434337552272e-07,0.00035422964664904465,0.6730913343475032,0.20786088245434362,True,4.795915992394928e-07
T27,edge,source_reverse,173,True,7.303434337552272e-07,0.00035422964664904465,0.6730913343475032,0.20786088245434362,True,4.795915992394928e-07
T27,edge,source,174,True,7.560358406707617e-07,0.0002003514071544071,0.6475787520371042,0.2545711720343758,True,4.397155474733516e-07
T27,edge,source_reverse,175,True,7.560358406707617e-07,0.0002003514071544071,0.6475787520371042,0.2545711720343758,True,4.397155474733516e-07
T27,edge,source,176,True,8.48431156787892e-07,0.00042997061408403287,0.6468103393601847,0.190742282745064,True,7.379780311012052e-07
T27,edge,source_reverse,177,True,8.48431156787892e-07,0.00042997061408403287,0.6468103393601847,0.190742282745064,True,7.379780311012052e-07
T27,edge,source,178,True,8.187097926526191e-07,0.0004445956070887899,0.6809010054678826,0.18992930972852756,True,8.030785470791724e-07
T27,edge,source_reverse,179,True,8.187097926526191e-07,0.0004445956070887899,0.6809010054678826,0.18992930972852756,True,8.030785470791724e-07
T27,edge,source,180,True,7.587295552359634e-07,0.00016749202485692434,0.686705189386246,0.2357426853113617,True,7.090503826856498e-07
T27,edge,source_reverse,181,True,7.587295552359634e-07,0.00016749202485692434,0.686705189386246,0.2357426853113617,True,7.090503826856498e-07
T27,edge,source,182,True,5.082290004316418e-07,0.0001969924276358803,0.6759552234520209,0.304836550058441,True,4.2542708483805924e-07
T27,edge,source_reverse,183,True,5.082290004316418e-07,0.0001969924276358803,0.6759552234520209,0.304836550058441,True,4.2542708483805924e-07
T27,edge,source,184,True,5.894170991352194e-07,0.00015164279413546454,0.6943279416865871,0.2801105098261861,True,5.561476317528236e-07
T27,edge,source_reverse,185,True,5.894170991352194e-07,0.00015164279413546454,0.6943279416865871,0.2801105098261861,True,5.561476317528236e-07
T27,edge,source,186,True,7.090229218167633e-07,0.00036581984051259337,0.6513995604134,0.19637255477749335,True,6.211599536676271e-07
T27,edge,source_reverse,187,True,7.090229218167633e-07,0.00036581984051259337,0.6513995604134,0.19637255477749335,True,6.211599536676271e-07
T27,edge,source,188,True,1.0508404698070688e-06,0.0005267527397451543,0.6536758618048624,0.17605337787130015,True,1.031721364008753e-06
T27,edge,source_reverse,189,True,1.0508404698070688e-06,0.0005267527397451543,0.6536758618048624,0.17605337787130015,True,1.031721364008753e-06
T27,edge,source,190,True,1.021847361600714e-06,0.0004981972239912149,0.6139187002795196,0.18347818316332457,True,7.459421074718087e-07
T27,edge,source_reverse,191,True,1.021847361600714e-06,0.0004981972239912149,0.6139187002795196,0.18347818316332457,True,7.459421074718087e-07
T27,edge,source,192,True,1.0074549356761608e-06,0.00019322087881092347,0.6186456739561754,0.2572845494879417,True,5.787865428319439e-07
T27,edge,source_reverse,193,True,1.0074549356761608e-06,0.00019322087881092347,0.6186456739561754,0.2572845494879417,True,5.787865428319439e-07
T27,edge,source,194,True,1.0956682176166556e-06,0.0003156804244784146,0.5739107866767827,0.23041982222741508,True,4.1162800054617144e-07
T27,edge,source_reverse,195,True,1.0956682176166556e-06,0.0003156804244784146,0.5739107866767827,0.23041982222741508,True,4.1162800054617144e-07
T27,edge,source,196,True,1.162184267825533e-06,0.0005587718597701503,0.5739138704681956,0.1661614594190424,True,9.541874514407134e-07
T27,edge,source_reverse,197,True,1.162184267825533e-06,0.0005587718597701503,0.5739138704681956,0.1661614594190424,True,9.541874514407134e-07
T27,edge,source,198,True,1.1220690918546326e-06,0.0006056036201569212,0.6134135308143337,0.16236415135299462,True,1.0904176659110032e-06
T27,edge,source_reverse,199,True,1.1220690918546326e-06,0.0006056036201569212,0.6134135308143337,0.16236415135299462,True,1.0904176659110032e-06
T27,edge,source,200,True,8.142536067584585e-07,0.00041122475414430215,0.612833569204177,0.18857828162260554,True,7.865715989097133e-07
T27,edge,source_reverse,201,True,8.142536067584585e-07,0.00041122475414430215,0.612833569204177,0.18857828162260554,True,7.865715989097133e-07
T27,edge,source,202,True,7.577040371459426e-07,0.00012929245463432076,0.6967929320724804,0.277041022754688,True,7.510174623304167e-07
T27,edge,source_reverse,203,True,7.577040371459426e-07,0.00012929245463432076,0.6967929320724804,0.277041022754688,True,7.510174623304167e-07
T27,edge,source,204,True,4.334391508839946e-07,0.00018933573588277784,0.6615323460174345,0.3252118755429701,True,3.7671448049891865e-07
T27,edge,source_reverse,205,True,4.334391508839946e-07,0.00018933573588277784,0.6615323460174345,0.3252118755429701,True,3.7671448049891865e-07
T27,edge,source,206,True,4.454082560238138e-07,0.00010335246489369931,0.6817356202111502,0.31364010838745604,True,4.131764703152463e-07
T27,edge,source_reverse,207,True,4.454082560238138e-07,0.00010335246489369931,0.6817356202111502,0.31364010838745604,True,4.131764703152463e-07
T27,edge,source,208,True,6.555451654901955e-07,0.000183036406071192,0.6148524604190805,0.22773863389441765,True,6.403517094633049e-07
T27,edge,source_reverse,209,True,6.555451654901955e-07,0.000183036406071192,0.6148524604190805,0.22773863389441765,True,6.403517094633049e-07
T27,edge,source,210,True,1.253541271054197e-06,0.0006732350328664124,0.5650272025950508,0.15485250990676705,True,1.2464260936151383e-06
T27,edge,source_reverse,211,True,1.253541271054197e-06,0.0006732350328664124,0.5650272025950508,0.15485250990676705,True,1.2464260936151383e-06
T27,edge,source,212,True,1.3323049178262884e-06,0.0006788611913377962,0.6070297449234794,0.14891788328855038,True,1.3254805600326769e-06
T27,edge,source_reverse,213,True,1.3323049178262884e-06,0.0006788611913377962,0.6070297449234794,0.14891788328855038,True,1.3254805600326769e-06
T27,edge,source,214,True,1.4248298480366708e-06,0.0006169009408558255,0.5264543512039832,0.16483852664142146,True,9.53843096007656e-07
T27,edge,source_reverse,215,True,1.4248298480366708e-06,0.0006169009408558255,0.5264543512039832,0.16483852664142146,True,9.53843096007656e-07
T27,edge,source,216,True,1.3803195152307516e-06,0.0003061442297550346,0.5348533113562586,0.24351179204032636,True,6.228861128276808e-07
T27,edge,source_reverse,217,True,1.3803195152307516e-06,0.0003061442297550346,0.5348533113562586,0.24351179204032636,True,6.228861128276808e-07
T27,edge,source,218,True,7.287679953247765e-07,0.0001995639968308106,0.5570005647185973,0.285780027939054,True,4.093725652076774e-07
T27,edge,source_reverse,219,True,7.287679953247765e-07,0.0001995639968308106,0.5570005647185973,0.285780027939054,True,4.093725652076774e-07
T27,edge,source,220,True,1.7264684815642997e-06,0.0006246432288446971,0.47156347137020765,0.1862367496298031,True,8.661062234349703e-07
T27,edge,source_reverse,221,True,1.7264684815642997e-06,0.0006246432288446971,0.47156347137020765,0.1862367496298031,True,8.661062234349703e-07
T27,edge,source,222,True,1.410326229579652e-06,0.0006698494962585572,0.4973967295811496,0.13816221194411205,True,1.1708716838865207e-06
T27,edge,source_reverse,223,True,1.410326229579652e-06,0.0006698494962585572,0.4973967295811496,0.13816221194411205,True,1.1708716838865207e-06
T27,edge,source,224,True,1.2893487326053751e-06,0.0007495729054232555,0.51006029916595,0.13583541359815116,True,1.283362486531603e-06
T27,edge,source_reverse,225,True,1.2893487326053751e-06,0.0007495729054232555,0.51006029916595,0.13583541359815116,True,1.283362486531603e-06
T27,edge,source,226,True,1.1510436656886303e-06,0.0005741359571965188,0.508289814105001,0.16172736134721535,True,7.428091303718354e-07
T27,edge,source_reverse,227,True,1.1510436656886303e-06,0.0005741359571965188,0.508289814105001,0.16172736134721535,True,7.428091303718354e-07
T27,edge,source,228,True,7.542514776014163e-07,0.00012403835563925858,0.6394473288415077,0.2514546311608143,True,7.441176863021148e-07
T27,edge,source_reverse,229,True,7.542514776014163e-07,0.00012403835563925858,0.6394473288415077,0.2514546311608143,True,7.441176863021148e-07
T27,edge,source,230,True,4.5256966068044657e-07,7.771216379946884e-05,0.6747852992300644,0.3311997573116538,True,4.3668517335504475e-07
T27,edge,source_reverse,231,True,4.5256966068044657e-07,7.771216379946884e-05,0.6747852992300644,0.3311997573116538,True,4.3668517335504475e-07
T27,edge,source,232,True,3.5132564683611013e-07,0.00018229017070939182,0.6577418209788811,0.3414909292678672,True,3.0169360415444046e-07
T27,edge,source_reverse,233,True,3.5132564683611013e-07,0.00018229017070939182,0.6577418209788811,0.3414909292678672,True,3.0169360415444046e-07
T27,edge,source,234,True,4.5130790602164864e-07,5.215012691293357e-05,0.6990320633200555,0.3154133562590019,True,4.289993270900627e-07
T27,edge,source_reverse,235,True,4.5130790602164864e-07,5.215012691293357e-05,0.6990320633200555,0.3154133562590019,True,4.289993270900627e-07
T27,edge,source,236,True,5.67842649803989e-07,0.00021859606685957521,0.5681007129575161,0.22707155997298303,True,5.659243049738194e-07
T27,edge,source_reverse,237,True,5.67842649803989e-07,0.00021859606685957521,0.5681007129575161,0.22707155997298303,True,5.659243049738194e-07
T27,edge,source,238,True,1.5734497087202793e-06,0.0007599707745405927,0.44349980993265853,0.13786619223283833,True,1.1927444573123225e-06
T27,edge,source_reverse,239,True,1.5734497087202793e-06,0.0007599707745405927,0.44349980993265853,0.13786619223283833,True,1.1927444573123225e-06
T27,edge,source,240,True,1.5396295908711857e-06,0.0008113684571235091,0.46424207696870234,0.1232671465656685,True,1.5153177251592265e-06
T27,edge,source_reverse,241,True,1.5396295908711857e-06,0.0008113684571235091,0.46424207696870234,0.1232671465656685,True,1.5153177251592265e-06
T27,edge,source,242,True,1.6509663712809263e-06,0.0007328561430493296,0.42310119329947765,0.1301620387832065,True,1.2317893973434746e-06
T27,edge,source_reverse,243,True,1.6509663712809263e-06,0.0007328561430493296,0.42310119329947765,0.1301620387832065,True,1.2317893973434746e-06
T27,edge,source,244,True,2.3344787975062986e-06,0.000673991974554498,0.40948199247074646,0.1861078557980684,True,5.83659205716236e-07
T27,edge,source_reverse,245,True,2.3344787975062986e-06,0.000673991974554498,0.40948199247074646,0.1861078557980684,True,5.83659205716236e-07
T27,edge,source,246,True,7.203366230218362e-07,0.00019778454761488226,0.5446426152269697,0.2937571064431668,True,5.737236336289531e-07
T27,edge,source_reverse,247,True,7.203366230218362e-07,0.00019778454761488226,0.5446426152269697,0.2937571064431668,True,5.737236336289531e-07
T27,edge,source,248,True,1.1013688515066567e-06,0.0003677237883491595,0.4397900321435447,0.26417304291146987,True,3.4037890772609103e-07
T27,edge,source_reverse,249,True,1.1013688515066567e-06,0.0003677237883491595,0.4397900321435447,0.26417304291146987,True,3.4037890772609103e-07
T27,edge,source,250,True,3.26743938699552e-06,0.000803072943530769,0.3410305094159834,0.15813733690830534,True,1.1845281818190223e-06
T27,edge,source_reverse,251,True,3.26743938699552e-06,0.000803072943530769,0.3410305094159834,0.15813733690830534,True,1.1845281818190223e-06
T27,edge,source,252,True,1.5598896732938482e-06,0.0007746668025675338,0.42173030497166164,0.11426699395283625,True,1.3125321775830923e-06
T27,edge,source_reverse,253,True,1.5598896732938482e-06,0.0007746668025675338,0.42173030497166164,0.11426699395283625,True,1.3125321775830923e-06
T27,edge,source,254,True,1.8388098349109674e-06,0.0008758535894877269,0.3750109277536397,0.11141536829556056,True,1.3328206609486415e-06
T27,edge,source_reverse,255,True,1.8388098349109674e-06,0.0008758535894877269,0.3750109277536397,0.11141536829556056,True,1.3328206609486415e-06
T27,edge,source,256,True,2.1579921749866664e-06,0.0007481473826845017,0.3720892638902095,0.13632366915356292,True,6.066935893112024e-07
T27,edge,source_reverse,257,True,2.1579921749866664e-06,0.0007481473826845017,0.3720892638902095,0.13632366915356292,True,6.066935893112024e-07
T27,edge,source,258,True,6.334801132674549e-07,0.0001899392132397363,0.5735774399362231,0.23567682178989846,True,6.112426416404748e-07
T27,edge,source_reverse,259,True,6.334801132674549e-07,0.0001899392132397363,0.5735774399362231,0.23567682178989846,True,6.112426416404748e-07
T27,edge,source,260,True,5.126142561140919e-07,2.9489198374443362e-05,0.7085118376731224,0.321925374443521,True,4.94928470179401e-07
T27,edge,source_reverse,261,True,5.126142561140919e-07,2.9489198374443362e-05,0.7085118376731224,0.321925374443521,True,4.94928470179401e-07
T27,edge,source,262,True,3.650905268475163e-07,0.00017804609620590927,0.6641591687486383,0.33866984204477896,True,2.9093496625720583e-07
T27,edge,source_reverse,263,True,3.650905268475163e-07,0.00017804609620590927,0.6641591687486383,0.33866984204477896,True,2.9093496625720583e-07
T27,edge,source,264,True,2.6716625960267735e-07,1.0421635496217846e-05,0.6946429120495768,0.3475711360145656,True,2.3788164901783482e-07
T27,edge,source_reverse,265,True,2.6716625960267735e-07,1.0421635496217846e-05,0.6946429120495768,0.3475711360145656,True,2.3788164901783482e-07
T27,edge,source,266,True,5.398128795348607e-07,6.125788726479276e-05,0.7006865446357406,0.2840600955404751,True,4.982908635431382e-07
T27,edge,source_reverse,267,True,5.398128795348607e-07,6.125788726479276e-05,0.7006865446357406,0.2840600955404751,True,4.982908635431382e-07
T27,edge,source,268,True,9.565952437067462e-07,0.0004870948879847115,0.4073242035592268,0.19113219534280054,True,5.140000666481459e-07
T27,edge,source_reverse,269,True,9.565952437067462e-07,0.0004870948879847115,0.4073242035592268,0.19113219534280054,True,5.140000666481459e-07
T27,edge,source,270,True,4.031771104941207e-06,0.001104249525837674,0.2957655628483055,0.10509299261172067,True,1.7199058436057069e-06
T27,edge,source_reverse,271,True,4.031771104941207e-06,0.001104249525837674,0.2957655628483055,0.10509299261172067,True,1.7199058436057069e-06
T27,edge,source,272,True,1.878259223110266e-06,0.0010220783172659408,0.38664678788605406,0.10064176693346763,True,1.7871668073488056e-06
T27,edge,source_reverse,273,True,1.878259223110266e-06,0.0010220783172659408,0.38664678788605406,0.10064176693346763,True,1.7871668073488056e-06
T27,edge,source,274,True,3.518511060165739e-06,0.0010923345658737614,0.2868473795409181,0.11504590747716648,True,1.5333339986878247e-06
T27,edge,source_reverse,275,True,3.518511060165739e-06,0.0010923345658737614,0.2868473795409181,0.11504590747716648,True,1.5333339986878247e-06
T27,edge,source,276,True,5.961894619320539e-06,0.0010835877703943987,0.26697647071796166,0.1698247429226044,True,7.38036716629864e-07
T27,edge,source_reverse,277,True,5.961894619320539e-06,0.0010835877703943987,0.26697647071796166,0.1698247429226044,True,7.38036716629864e-07
T27,edge,source,278,True,6.4777770028866e-07,0.0002715362621968565,0.4811308925386032,0.29019807134715164,True,5.186577234639334e-07
T27,edge,source_reverse,279,True,6.4777770028866e-07,0.0002715362621968565,0.4811308925386032,0.29019807134715164,True,5.186577234639334e-07
T27,edge,source,280,True,4.3876576069102565e-07,0.00025434288062777324,0.4711440887520755,0.29387867715002375,True,3.208856148295691e-07
T27,edge,source_reverse,281,True,4.3876576069102565e-07,0.00025434288062777324,0.4711440887520755,0.29387867715002375,True,3.208856148295691e-07
T27,edge,source,282,True,1.282728413679181e-05,0.0015444536359397218,0.18853296565466726,0.16675724067073808,True,1.9117311189364994e-06
T27,edge,source_reverse,283,True,1.282728413679181e-05,0.0015444536359397218,0.18853296565466726,0.16675724067073808,True,1.9117311189364994e-06
T27,edge,source,284,True,8.22480837185293e-06,0.0015566391568443176,0.20270711619813817,0.11354224430200469,True,1.8735349562037928e-06
T27,edge,source_reverse,285,True,8.22480837185293e-06,0.0015566391568443176,0.20270711619813817,0.11354224430200469,True,1.8735349562037928e-06
T27,edge,source,286,True,2.15596720307341e-06,0.0008863597401965432,0.40312541328844026,0.09153782037865033,True,1.8418261520380952e-06
T27,edge,source_reverse,287,True,2.15596720307341e-06,0.0008863597401965432,0.40312541328844026,0.09153782037865033,True,1.8418261520380952e-06
T27,edge,source,288,True,8.061530279248254e-06,0.001459943698368072,0.21672573779487278,0.09232811745920429,True,1.6497512608515397e-06
T27,edge,source_reverse,289,True,8.061530279248254e-06,0.001459943698368072,0.21672573779487278,0.09232811745920429,True,1.6497512608515397e-06
T27,edge,source,290,True,3.4485542942947953e-06,0.0008917362270506871,0.2799534131180512,0.16384599197092564,True,6.139141779382129e-07
T27,edge,source_reverse,291,True,3.4485542942947953e-06,0.0008917362270506871,0.2799534131180512,0.16384599197092564,True,6.139141779382129e-07
T27,edge,source,292,True,6.791624039601603e-07,0.0001223699205935668,0.6430663813844342,0.2599569873006897,True,5.908473796056857e-07
T27,edge,source_reverse,293,True,6.791624039601603e-07,0.0001223699205935668,0.6430663813844342,0.2599569873006897,True,5.908473796056857e-07
T27,edge,source,294,True,5.168844517330782e-07,2.2877310533063834e-05,0.7458408131195695,0.335983644642979,True,4.7623171894883853e-07
T27,edge,source_reverse,295,True,5.168844517330782e-07,2.2877310533063834e-05,0.7458408131195695,0.335983644642979,True,4.7623171894883853e-07
T27,edge,source,296,True,5.032642292047787e-07,0.000178616302972754,0.6962588940963851,0.3372012450303755,True,2.740886639318596e-07
T27,edge,source_reverse,297,True,5.032642292047787e-07,0.000178616302972754,0.6962588940963851,0.3372012450303755,True,2.740886639318596e-07
T27,edge,source,298,True,2.6838767241025025e-07,3.9670627155036404e-05,0.7489036491914026,0.3465844285406566,True,2.2885609132772267e-07
T27,edge,source_reverse,299,True,2.6838767241025025e-07,3.9670627155036404e-05,0.7489036491914026,0.3465844285406566,True,2.2885609132772267e-07
T27,edge,source,300,True,5.584821731576968e-07,6.762620276563092e-05,0.75243330880082,0.29260917350368754,True,4.6469415149186233e-07
T27,edge,source_reverse,301,True,5.584821731576968e-07,6.762620276563092e-05,0.75243330880082,0.29260917350368754,True,4.6469415149186233e-07
T27,edge,source,302,True,6.176547569072458e-07,0.00035980456671878976,0.42396547850672384,0.20932392900378802,True,4.747837658580778e-07
T27,edge,source_reverse,303,True,6.176547569072458e-07,0.00035980456671878976,0.42396547850672384,0.20932392900378802,True,4.747837658580778e-07
T27,edge,source,304,True,2.1670773554715354e-05,0.002103935602939566,0.13722605792915443,0.09387529954709031,True,3.6231106038397964e-06
T27,edge,source_reverse,305,True,2.1670773554715354e-05,0.002103935602939566,0.13722605792915443,0.09387529954709031,True,3.6231106038397964e-06
T27,edge,source,306,True,2.759970318496557e-06,0.0017047972075150953,0.20134182391257768,0.08493222760468452,True,2.107241715648689e-06
T27,edge,source_reverse,307,True,2.759970318496557e-06,0.0017047972075150953,0.20134182391257768,0.08493222760468452,True,2.107241715648689e-06
T27,edge,source,308,True,2.245334418063487e-06,0.0007272157050027959,0.3493134188135138,0.09183055918153961,True,2.0435168317789465e-06
T27,edge,source_reverse,309,True,2.245334418063487e-06,0.0007272157050027959,0.3493134188135138,0.09183055918153961,True,2.0435168317789465e-06
T27,edge,source,310,True,4.081057382775917e-05,0.0027742710882777935,0.10697636131185669,0.14218891630893693,True,1.912459285102752e-06
T27,edge,source_reverse,311,True,4.081057382775917e-05,0.0027742710882777935,0.10697636131185669,0.14218891630893693,True,1.912459285102752e-06
T27,edge,source,312,True,1.1205326106067452e-06,0.0006549351008023268,0.28164968205781293,0.258063252519409,True,4.093518681524966e-07
T27,edge,source_reverse,313,True,1.1205326106067452e-06,0.0006549351008023268,0.28164968205781293,0.258063252519409,True,4.093518681524966e-07
T27,edge,source,314,True,4.2188224966540957e-07,6.963360272492761e-05,0.6580391469410556,0.3203708409698409,True,3.8517750453048727e-07
T27,edge,source_reverse,315,True,4.2188224966540957e-07,6.963360272492761e-05,0.6580391469410556,0.3203708409698409,True,3.8517750453048727e-07
T27,edge,source,316,True,9.30596044255847e-05,0.045933774395715644,0.7096317827675586,0.24331531022168845,True,7.059754823318665e-06
T27,edge,source_reverse,317,True,9.30596044255847e-05,0.045933774395715644,0.7096317827675586,0.24331531022168845,True,7.059754823318665e-06
T27,edge,source,318,True,6.278214803993383e-07,0.0002070783934637403,0.7096317827675586,0.2294858952571778,True,5.234215345040205e-07
T27,edge,source_reverse,319,True,6.278214803993383e-07,0.0002070783934637403,0.7096317827675586,0.2294858952571778,True,5.234215345040205e-07
T27,edge,source,320,True,5.784728306969805e-07,0.00022596632110768357,0.6951092552064769,0.24302430720306176,True,4.978493364504732e-07
T27,edge,source_reverse,321,True,5.784728306969805e-07,0.00022596632110768357,0.6951092552064769,0.24302430720306176,True,4.978493364504732e-07
T27,edge,source,322,True,5.840758317938161e-07,0.00031811633556099155,0.6973880892485651,0.21549022190555978,True,5.454496418144661e-07
T27,edge,source_reverse,323,True,5.840758317938161e-07,0.00031811633556099155,0.6973880892485651,0.21549022190555978,True,5.454496418144661e-07
T27,edge,source,324,True,7.558419655536041e-07,0.00015026658721406153,0.7055809353111523,0.23510401958359467,True,6.823538205025237e-07
T27,edge,source_reverse,325,True,7.558419655536041e-07,0.00015026658721406153,0.7055809353111523,0.23510401958359467,True,6.823538205025237e-07
T27,edge,source,326,True,5.878443199942249e-07,0.0002878686215563017,0.6750589753361319,0.22468573332493758,True,2.7632140386923965e-07
T27,edge,source_reverse,327,True,5.878443199942249e-07,0.0002878686215563017,0.6750589753361319,0.22468573332493758,True,2.7632140386923965e-07
T27,edge,source,328,True,7.57503822635893e-07,0.0004154598013246904,0.6874943991914105,0.20147665795407732,True,7.286924921523497e-07
T27,edge,source_reverse,329,True,7.57503822635893e-07,0.0004154598013246904,0.6874943991914105,0.20147665795407732,True,7.286924921523497e-07
T27,edge,source,330,True,6.120265235790356e-07,0.00031941633603017086,0.6957421545413622,0.2151266081889629,True,5.580665847770838e-07
T27,edge,source_reverse,331,True,6.120265235790356e-07,0.00031941633603017086,0.6957421545413622,0.2151266081889629,True,5.580665847770838e-07
T27,edge,source,332,True,4.849472224210536e-07,0.00015351552916045334,0.6679025291120476,0.2841527915902932,True,3.024846463306474e-07
T27,edge,source_reverse,333,True,4.849472224210536e-07,0.00015351552916045334,0.6679025291120476,0.2841527915902932,True,3.024846463306474e-07
T27,edge,source,334,True,8.40831803140898e-07,0.0004379109816988965,0.6489554305529109,0.20205701022567502,True,5.350034101292422e-07
T27,edge,source_reverse,335,True,8.40831803140898e-07,0.0004379109816988965,0.6489554305529109,0.20205701022567502,True,5.350034101292422e-07
T27,edge,source,336,True,8.978723624045799e-07,0.0004653528483496052,0.6756401783457062,0.18749692633441772,True,8.372140971324438e-07
T27,edge,source_reverse,337,True,8.978723624045799e-07,0.0004653528483496052,0.6756401783457062,0.18749692633441772,True,8.372140971324438e-07
T27,edge,source,338,True,6.685876430971583e-07,0.0002901097221567966,0.6722136548041225,0.20370266786544683,True,6.360725227916308e-07
T27,edge,source_reverse,339,True,6.685876430971583e-07,0.0002901097221567966,0.6722136548041225,0.20370266786544683,True,6.360725227916308e-07
T27,edge,source,340,True,5.799674547811902e-07,0.000143903288473615,0.6863928098573657,0.28588077879109325,True,5.550993583125496e-07
T27,edge,source_reverse,341,True,5.799674547811902e-07,0.000143903288473615,0.6863928098573657,0.28588077879109325,True,5.550993583125496e-07
T27,edge,source,342,True,8.968534825630175e-07,0.0002061770552126899,0.6166786730691871,0.24385798644391246,True,3.653656710234099e-07
T27,edge,source_reverse,343,True,8.968534825630175e-07,0.0002061770552126899,0.6166786730691871,0.24385798644391246,True,3.653656710234099e-07
T27,edge,source,344,True,9.273014766363286e-07,0.0005015874758046724,0.6161781618825365,0.1772838618775823,True,6.679389776276246e-07
T27,edge,source_reverse,345,True,9.273014766363286e-07,0.0005015874758046724,0.6161781618825365,0.1772838618775823,True,6.679389776276246e-07
T27,edge,source,346,True,8.01367646366285e-07,0.00045083856723960117,0.6401474872146758,0.17364347593218418,True,7.964445143671117e-07
T27,edge,source_reverse,347,True,8.01367646366285e-07,0.00045083856723960117,0.6401474872146758,0.17364347593218418,True,7.964445143671117e-07
T27,edge,source,348,True,7.058746639424615e-07,0.0002814955284355337,0.6401284003414011,0.2013930901275062,True,6.826464140630151e-07
T27,edge,source_reverse,349,True,7.058746639424615e-07,0.0002814955284355337,0.6401284003414011,0.2013930901275062,True,6.826464140630151e-07
T27,edge,source,350,True,6.188042179167604e-07,0.00012656600393554354,0.6901204522470665,0.2891313734181688,True,6.063790890797893e-07
T27,edge,source_reverse,351,True,6.188042179167604e-07,0.00012656600393554354,0.6901204522470665,0.2891313734181688,True,6.063790890797893e-07
T27,edge,source,352,True,8.020238497403546e-07,0.00014600028625203187,0.6048521922182736,0.27376219287823106,True,3.920134309665091e-07
T27,edge,source_reverse,353,True,8.020238497403546e-07,0.00014600028625203187,0.6048521922182736,0.27376219287823106,True,3.920134309665091e-07
T27,edge,source,354,True,1.0887386572755532e-06,0.0004897074758127823,0.5762631167118335,0.1849165900637099,True,6.542496046313406e-07
T27,edge,source_reverse,355,True,1.0887386572755532e-06,0.0004897074758127823,0.5762631167118335,0.1849165900637099,True,6.542496046313406e-07
T27,edge,source,356,True,9.636687397612567e-07,0.000521722067204469,0.6310030386231974,0.1599664947705532,True,9.238956345525295e-07
T27,edge,source_reverse,357,True,9.636687397612567e-07,0.000521722067204469,0.6310030386231974,0.1599664947705532,True,9.238956345525295e-07
T27,edge,source,358,True,9.115948891365963e-07,0.0005279649524969525,0.5989151708348701,0.1623724409329947,True,9.090476226492061e-07
T27,edge,source_reverse,359,True,9.115948891365963e-07,0.0005279649524969525,0.5989151708348701,0.1623724409329947,True,9.090476226492061e-07
T27,edge,source,360,True,7.159625498627229e-07,0.00015416703048689925,0.6305800004835047,0.2286731952735188,True,6.995268354015316e-07
T27,edge,source_reverse,361,True,7.159625498627229e-07,0.00015416703048689925,0.6305800004835047,0.2286731952735188,True,6.995268354015316e-07
T27,edge,source,362,True,5.04299499982272e-07,0.00010485091224929787,0.6779019938279393,0.31322583259020786,True,4.886585744101613e-07
T27,edge,source_reverse,363,True,5.04299499982272e-07,0.00010485091224929787,0.6779019938279393,0.31322583259020786,True,4.886585744101613e-07
T27,edge,source,364,True,8.509348720263714e-07,0.00018892720249132354,0.5743999562078949,0.274588134531809,True,4.036208545998843e-07
T27,edge,source_reverse,365,True,8.509348720263714e-07,0.00018892720249132354,0.5743999562078949,0.274588134531809,True,4.036208545998843e-07
T27,edge,source,366,True,1.3480960918951622e-06,0.0006077189361062021,0.5288233335965039,0.18201755429833408,True,9.005439497444812e-07
T27,edge,source_reverse,367,True,1.3480960918951622e-06,0.0006077189361062021,0.5288233335965039,0.18201755429833408,True,9.005439497444812e-07
T27,edge,source,368,True,1.1701114790129808e-06,0.0006226181998907733,0.5762624298054945,0.1465500506877159,True,1.0132528333040014e-06
T27,edge,source_reverse,369,True,1.1701114790129808e-06,0.0006226181998907733,0.5762624298054945,0.1465500506877159,True,1.0132528333040014e-06
T27,edge,source,370,True,1.0320771590583772e-06,0.0006015021662447773,0.5486702782756192,0.14657683477665187,True,1.0308661082536474e-06
T27,edge,source_reverse,371,True,1.0320771590583772e-06,0.0006015021662447773,0.5486702782756192,0.14657683477665187,True,1.0308661082536474e-06
T27,edge,source,372,True,8.28660336927146e-07,0.0002955031339076468,0.556943204627908,0.1938594652128325,True,6.892448374262727e-07
T27,edge,source_reverse,373,True,8.28660336927146e-07,0.0002955031339076468,0.556943204627908,0.1938594652128325,True,6.892448374262727e-07
T27,edge,source,374,True,6.54956823246108e-07,8.120729422249805e-05,0.696332261528649,0.2845694361143614,True,6.54693016188812e-07
T27,edge,source_reverse,375,True,6.54956823246108e-07,8.120729422249805e-05,0.696332261528649,0.2845694361143614,True,6.54693016188812e-07
T27,edge,source,376,True,2.8538143323401253e-07,8.139109743663467e-05,0.6406771192150805,0.32984081409183874,True,2.5076440962612523e-07
T27,edge,source_reverse,377,True,2.8538143323401253e-07,8.139109743663467e-05,0.6406771192150805,0.32984081409183874,True,2.5076440962612523e-07
T27,edge,source,378,True,1.5110001816111135e-06,0.0003496481927978485,0.4902814560340501,0.2403633281794114,True,3.988704544710675e-07
T27,edge,source_reverse,379,True,1.5110001816111135e-06,0.0003496481927978485,0.4902814560340501,0.2403633281794114,True,3.988704544710675e-07
T27,edge,source,380,True,1.7228321446128247e-06,0.0006749025321249515,0.47401458703142973,0.15725649504325598,True,1.1695281823542736e-06
T27,edge,source_reverse,381,True,1.7228321446128247e-06,0.0006749025321249515,0.47401458703142973,0.15725649504325598,True,1.1695281823542736e-06
T27,edge,source,382,True,1.4608182679512923e-06,0.0007523402795319085,0.5852872950656364,0.13351364732551113,True,1.351316866904373e-06
T27,edge,source_reverse,383,True,1.4608182679512923e-06,0.0007523402795319085,0.5852872950656364,0.13351364732551113,True,1.351316866904373e-06
T27,edge,source,384,True,1.3555673219316212e-06,0.0008110571034851469,0.48973884099702003,0.13479664885651316,True,1.3465616491015187e-06
T27,edge,source_reverse,385,True,1.3555673219316212e-06,0.0008110571034851469,0.48973884099702003,0.13479664885651316,True,1.3465616491015187e-06
T27,edge,source,386,True,8.742330951411837e-07,0.0002905051869815586,0.5223272184111054,0.19766964138854878,True,6.549152213874976e-07
T27,edge,source_reverse,387,True,8.742330951411837e-07,0.0002905051869815586,0.5223272184111054,0.19766964138854878,True,6.549152213874976e-07
T27,edge,source,388,True,6.225821904477206e-07,5.683850168501813e-05,0.6985700948748464,0.28805037523986976,True,6.183392318448444e-07
T27,edge,source_reverse,389,True,6.225821904477206e-07,5.683850168501813e-05,0.6985700948748464,0.28805037523986976,True,6.183392318448444e-07
T27,edge,source,390,True,2.4232445707336177e-07,5.78364694265316e-05,0.6511475203152166,0.33884586175889514,True,2.2694167808867682e-07
T27,edge,source_reverse,391,True,2.4232445707336177e-07,5.78364694265316e-05,0.6511475203152166,0.33884586175889514,True,2.2694167808867682e-07
T27,edge,source,392,True,1.2183153553793475e-06,0.00033816011534128064,0.47457632195386723,0.25917831596585295,True,3.7696015148247497e-07
T27,edge,source_reverse,393,True,1.2183153553793475e-06,0.00033816011534128064,0.47457632195386723,0.25917831596585295,True,3.7696015148247497e-07
T27,edge,source,394,True,2.3005814946989894e-06,0.0007314971968753695,0.4120236035197857,0.1609662814747691,True,1.180598892064344e-06
T27,edge,source_reverse,395,True,2.3005814946989894e-06,0.0007314971968753695,0.4120236035197857,0.1609662814747691,True,1.180598892064344e-06
T27,edge,source,396,True,1.5474599335404676e-06,0.0007175437995384438,0.4937845120396136,0.12220575185194726,True,1.2979743261587462e-06
T27,edge,source_reverse,397,True,1.5474599335404676e-06,0.0007175437995384438,0.4937845120396136,0.12220575185194726,True,1.2979743261587462e-06
T27,edge,source,398,True,1.6602963986989573e-06,0.0008755951376274758,0.42324677897482266,0.12101039976549152,True,1.383366899171401e-06
T27,edge,source_reverse,399,True,1.6602963986989573e-06,0.0008755951376274758,0.42324677897482266,0.12101039976549152,True,1.383366899171401e-06
T27,edge,source,400,True,1.7573635621046088e-06,0.0006650145911064599,0.423104188726236,0.15103380016330695,True,7.054292097408155e-07
T27,edge,source_reverse,401,True,1.7573635621046088e-06,0.0006650145911064599,0.423104188726236,0.15103380016330695,True,7.054292097408155e-07
T27,edge,source,402,True,7.252969277894529e-07,0.0001754146470793,0.6068036464643829,0.24497018047749458,True,7.087010352735401e-07
T27,edge,source_reverse,403,True,7.252969277894529e-07,0.0001754146470793,0.6068036464643829,0.24497018047749458,True,7.087010352735401e-07
T27,edge,source,404,True,5.520290611443222e-07,4.225101414396718e-05,0.6983619070807905,0.3276896828905901,True,5.351528029329256e-07
T27,edge,source_reverse,405,True,5.520290611443222e-07,4.225101414396718e-05,0.6983619070807905,0.3276896828905901,True,5.351528029329256e-07
T27,edge,source,406,True,3.7579539423459524e-07,9.082562667852385e-05,0.6003508561676488,0.3213963210716896,True,3.590233210726268e-07
T27,edge,source_reverse,407,True,3.7579539423459524e-07,9.082562667852385e-05,0.6003508561676488,0.3213963210716896,True,3.590233210726268e-07
T27,edge,source,408,True,2.8277247482330484e-06,0.0005492426133744759,0.35858477494745916,0.21945611028699394,True,4.00469424594041e-07
T27,edge,source_reverse,409,True,2.8277247482330484e-06,0.0005492426133744759,0.35858477494745916,0.21945611028699394,True,4.00469424594041e-07
T27,edge,source,410,True,3.254287709680575e-06,0.0008041305964102199,0.3435689549332246,0.13687230901067027,True,1.3287930041849805e-06
T27,edge,source_reverse,411,True,3.254287709680575e-06,0.0008041305964102199,0.3435689549332246,0.13687230901067027,True,1.3287930041849805e-06
T27,edge,source,412,True,1.6050725582582227e-06,0.0006671245448201329,0.5271886758790916,0.10928130544249895,True,1.3715850978590627e-06
T27,edge,source_reverse,413,True,1.6050725582582227e-06,0.0006671245448201329,0.5271886758790916,0.10928130544249895,True,1.3715850978590627e-06
T27,edge,source,414,True,2.5368063340584867e-06,0.0009396270630799805,0.35022996674384965,0.10928664409866529,True,1.3776676533461263e-06
T27,edge,source_reverse,415,True,2.5368063340584867e-06,0.0009396270630799805,0.35022996674384965,0.10928664409866529,True,1.3776676533461263e-06
T27,edge,source,416,True,2.331076874218875e-06,0.000582219793954388,0.3633912588634936,0.15872466588217737,True,6.17077919679021e-07
T27,edge,source_reverse,417,True,2.331076874218875e-06,0.000582219793954388,0.3633912588634936,0.15872466588217737,True,6.17077919679021e-07
T27,edge,source,418,True,6.490811275142099e-07,0.00013257155692134867,0.6287702186936845,0.2560999866051414,True,6.168993987865079e-07
T27,edge,source_reverse,419,True,6.490811275142099e-07,0.00013257155692134867,0.6287702186936845,0.2560999866051414,True,6.168993987865079e-07
T27,edge,source,420,True,4.839602486552358e-07,1.8091139215819242e-05,0.7104847293212713,0.33526235026236584,True,4.614873840014244e-07
T27,edge,source_reverse,421,True,4.839602486552358e-07,1.8091139215819242e-05,0.7104847293212713,0.33526235026236584,True,4.614873840014244e-07
T27,edge,source,422,True,3.058723127085685e-07,7.617747215646152e-05,0.6086789438043185,0.320386096371592,True,3.0251734214892245e-07
T27,edge,source_reverse,423,True,3.058723127085685e-07,7.617747215646152e-05,0.6086789438043185,0.320386096371592,True,3.0251734214892245e-07
T27,edge,source,424,True,3.2978917468373985e-06,0.000724929746208048,0.3157166650749585,0.22978965797069092,True,3.4455175168535135e-07
T27,edge,source_reverse,425,True,3.2978917468373985e-06,0.000724929746208048,0.3157166650749585,0.22978965797069092,True,3.4455175168535135e-07
T27,edge,source,426,True,5.914282427842339e-06,0.0010768522822355961,0.2695904037014283,0.13735779281367297,True,1.489383246622289e-06
T27,edge,source_reverse,427,True,5.914282427842339e-06,0.0010768522822355961,0.2695904037014283,0.13735779281367297,True,1.489383246622289e-06
T27,edge,source,428,True,1.9102317159452696e-06,0.0007105464169046903,0.4631055376874191,0.09964347397979582,True,1.62156267646818e-06
T27,edge,source_reverse,429,True,1.9102317159452696e-06,0.0007105464169046903,0.4631055376874191,0.09964347397979582,True,1.62156267646818e-06
T27,edge,source,430,True,4.715867108618117e-06,0.001202812542208291,0.27297427967961857,0.09873136115104424,True,1.5837064814283597e-06
T27,edge,source_reverse,431,True,4.715867108618117e-06,0.001202812542208291,0.27297427967961857,0.09873136115104424,True,1.5837064814283597e-06
T27,edge,source,432,True,4.752032770497004e-06,0.0009325795761734079,0.2745942930954049,0.1354675269294595,True,5.982554682204544e-07
T27,edge,source_reverse,433,True,4.752032770497004e-06,0.0009325795761734079,0.2745942930954049,0.1354675269294595,True,5.982554682204544e-07
T27,edge,source,434,True,6.723699848528209e-07,0.0001916641020368152,0.5824865692088136,0.24265335991196335,True,6.065528854737323e-07
T27,edge,source_reverse,435,True,6.723699848528209e-07,0.0001916641020368152,0.5824865692088136,0.24265335991196335,True,6.065528854737323e-07
T27,edge,source,436,True,5.567517561244398e-07,2.382931037624239e-05,0.742198522268988,0.3262144465804878,True,5.178814040662783e-07
T27,edge,source_reverse,437,True,5.567517561244398e-07,2.382931037624239e-05,0.742198522268988,0.3262144465804878,True,5.178814040662783e-07
T27,edge,source,438,True,2.7422430414844445e-07,5.470817376473804e-05,0.6474517432448842,0.3248430046781376,True,2.705251122836483e-07
T27,edge,source_reverse,439,True,2.7422430414844445e-07,5.470817376473804e-05,0.6474517432448842,0.3248430046781376,True,2.705251122836483e-07
T27,edge,source,440,True,1.3055598456374609e-06,0.0005770669906685937,0.3433069041452943,0.2595922415053911,True,3.2657205015218516e-07
T27,edge,source_reverse,441,True,1.3055598456374609e-06,0.0005770669906685937,0.3433069041452943,0.2595922415053911,True,3.2657205015218516e-07
T27,edge,source,442,True,1.2575920523583486e-05,0.0015436787095178808,0.1912140265397683,0.14662497758031948,True,1.912776374041192e-06
T27,edge,source_reverse,443,True,1.2575920523583486e-05,0.0015436787095178808,0.1912140265397683,0.14662497758031948,True,1.912776374041192e-06
T27,edge,source,444,True,2.203613811216483e-06,0.0010715695994146118,0.3270133202147203,0.09904235404082834,True,1.889898132323431e-06
T27,edge,source_reverse,445,True,2.203613811216483e-06,0.0010715695994146118,0.3270133202147203,0.09904235404082834,True,1.889898132323431e-06
T27,edge,source,446,True,2.0703465683675524e-06,0.001407689187525923,0.26329483496414235,0.09001948726913303,True,1.7962165465845725e-06
T27,edge,source_reverse,447,True,2.0703465683675524e-06,0.001407689187525923,0.26329483496414235,0.09001948726913303,True,1.7962165465845725e-06
T27,edge,source,448,True,1.0327629797189167e-05,0.0016163960059915894,0.19361662625568732,0.09744655752917238,True,1.1480112752648708e-06
T27,edge,source_reverse,449,True,1.0327629797189167e-05,0.0016163960059915894,0.19361662625568732,0.09744655752917238,True,1.1480112752648708e-06
T27,edge,source,450,True,6.844781315276964e-07,0.00047830377841082177,0.4033376346225152,0.20198129961493283,True,5.775489032577852e-07
T27,edge,source_reverse,451,True,6.844781315276964e-07,0.00047830377841082177,0.4033376346225152,0.20198129961493283,True,5.775489032577852e-07
T27,edge,source,452,True,6.633096615777087e-07,7.626354302057493e-05,0.730164416020305,0.28790670920353323,True,5.747345144246907e-07
T27,edge,source_reverse,453,True,6.633096615777087e-07,7.626354302057493e-05,0.730164416020305,0.28790670920353323,True,5.747345144246907e-07
T27,edge,source,454,True,3.897741318416096e-07,3.0390024666916156e-05,0.7437001335046842,0.3490471131116793,True,3.535397416765118e-07
T27,edge,source_reverse,455,True,3.897741318416096e-07,3.0390024666916156e-05,0.7437001335046842,0.3490471131116793,True,3.535397416765118e-07
T27,edge,source,456,True,3.308719479894938e-07,0.00010311238915740934,0.5765147972074481,0.30809751721000894,True,2.946842583839704e-07
T27,edge,source_reverse,457,True,3.308719479894938e-07,0.00010311238915740934,0.5765147972074481,0.30809751721000894,True,2.946842583839704e-07
T27,edge,source,458,True,1.4703374951152183e-05,0.002068688611903089,0.14500775275133604,0.21179100729960612,True,7.897397026057629e-07
T27,edge,source_reverse,459,True,1.4703374951152183e-05,0.002068688611903089,0.14500775275133604,0.21179100729960612,True,7.897397026057629e-07
T27,edge,source,460,True,3.9134136794194985e-05,0.002646819481616847,0.10975246463868472,0.12543155306734075,True,3.8018298700315256e-06
T27,edge,source_reverse,461,True,3.9134136794194985e-05,0.002646819481616847,0.10975246463868472,0.12543155306734075,True,3.8018298700315256e-06
T27,edge,source,462,True,2.4548349253648422e-06,0.0004385621730647323,0.48310839813449064,0.08466395522263298,True,2.137395392953767e-06
T27,edge,source_reverse,463,True,2.4548349253648422e-06,0.0004385621730647323,0.48310839813449064,0.08466395522263298,True,2.137395392953767e-06
T27,edge,source,464,True,3.108368553378584e-05,0.0025410508340145107,0.1142622092463785,0.08401038810193005,True,2.321294766266524e-06
T27,edge,source_reverse,465,True,3.108368553378584e-05,0.0025410508340145107,0.1142622092463785,0.08401038810193005,True,2.321294766266524e-06
T27,edge,source,466,True,3.1113101039521285e-05,0.002258364117742015,0.11562653254176604,0.11652244878220999,True,2.3382061080379213e-06
T27,edge,source_reverse,467,True,3.1113101039521285e-05,0.002258364117742015,0.11562653254176604,0.11652244878220999,True,2.3382061080379213e-06
T27,edge,source,468,True,7.17349961526877e-07,0.00017806247164879014,0.5579799218790228,0.23616185435551051,True,5.353233933358403e-07
T27,edge,source_reverse,469,True,7.17349961526877e-07,0.00017806247164879014,0.5579799218790228,0.23616185435551051,True,5.353233933358403e-07
T27,edge,cross_port,491,False,0.00024709672561759605,0.1010849386206301,0.6681970407571932,0.27585720066712655,True,2.74109004050338e-07
T27,edge,cross_port,497,False,0.00023151589653586815,0.09479501352091023,0.6869756529934704,0.2359338127096943,True,4.873660379711708e-07
T27,edge,cross_port,501,False,0.00024284647967318042,0.09928910053815534,0.7112602383431944,0.19178533731566635,True,6.262689658531606e-07
T27,edge,cross_port,520,False,0.00023814283325443948,0.09748630325332416,0.7001971409044232,0.3120177862963395,True,5.547546364226275e-07
T27,edge,cross_port,523,False,0.00024170508695291223,0.09902343619415327,0.617099593240829,0.24403758411854642,True,2.763882035183851e-07
T27,edge,cross_port,529,False,0.00024921403979841466,0.10192271878458423,0.700139735536313,0.17748056807180765,True,7.250568072603158e-07
T27,edge,cross_port,537,False,0.00024317337480426367,0.09952667225974914,0.6529042730103274,0.23935678403726146,True,5.997017145376038e-07
T27,edge,cross_port,538,False,0.00024107968612474808,0.09860308361980558,0.6877431012766919,0.2570656069501182,True,6.659297298594602e-07
T27,edge,cross_port,539,False,0.00024316410614376755,0.09950638949105128,0.6877431012766919,0.2570656069501182,True,7.317941271289818e-07
T27,edge,cross_port,545,False,0.00024944791877540555,0.10201460010991621,0.6722325650081774,0.18263067737013647,True,9.213342342662134e-07
T27,edge,cross_port,546,False,0.00024068939034927635,0.09826542022942053,0.6076405479461163,0.15506193733069212,True,9.213342342662134e-07
T27,edge,cross_port,551,False,0.000227713422338481,0.09318952701945321,0.6053059202931804,0.27386615683765936,True,4.3964903601034777e-07
T27,edge,cross_port,559,False,0.0002484427919396759,0.1016811715877813,0.6944656964848992,0.3234271456314034,True,2.284837230803749e-07
T27,edge,cross_port,564,False,0.00024650558978457475,0.1008662424309753,0.71071902733143,0.2969781966287048,True,5.357977913567069e-07
T27,edge,cross_port,572,False,0.00024808439881227203,0.10149595895798393,0.6870611660793086,0.3241866614443608,True,3.139319188771861e-07
T27,edge,cross_port,581,False,0.0002426749795096995,0.0991756438904524,0.5770388190522064,0.18203701837242547,True,8.896734561558706e-07
T27,edge,cross_port,586,False,0.00024271044204065038,0.09903501809433878,0.6077618745787993,0.1550359908775239,True,1.0243259405962046e-06
T27,edge,cross_port,588,False,0.00022240594536795203,0.09108302892425763,0.6310209433083755,0.2288691340469168,True,6.59731008406661e-07
T27,edge,cross_port,589,False,0.00022941453647989498,0.09383418198118046,0.6153806721219192,0.22788180791425997,True,6.59731008406661e-07
T27,edge,cross_port,590,False,0.00024321518708335328,0.0995354172749789,0.6524689769414341,0.23917517116893453,True,6.59731008406661e-07
T27,edge,cross_port,591,False,0.00022846942824248693,0.09345629362003431,0.6736256977427639,0.26492304037195136,True,5.782575397683676e-07
T27,edge,cross_port,595,False,0.00024293918532555358,0.09954758510046277,0.5656711730795737,0.17624449025299974,True,5.302794969519464e-07
T27,edge,cross_port,597,False,0.00024451540102549455,0.0997535032741212,0.515591624052569,0.17624449025299974,True,7.939809245072205e-07
T27,edge,cross_port,602,False,0.00022945220417397696,0.09410798008628644,0.6751638139550461,0.15128639430610208,True,1.1189111482901026e-06
T27,edge,cross_port,606,False,0.0002298729284940803,0.0940910532315164,0.4978242089542111,0.1864439562431717,True,7.057856876435675e-07
T27,edge,cross_port,607,False,0.0002475559449540251,0.10105519369501384,0.535488915143393,0.2046426769082496,True,3.5771075529433816e-07
T27,edge,cross_port,615,False,0.00024006688495969075,0.09824538475741529,0.6871237323886676,0.3348306185215668,True,1.9084741165187324e-07
T27,edge,cross_port,617,False,0.00023135105115756657,0.09467415323246117,0.6936329978831944,0.3459036254593318,True,1.7137773949960078e-07
T27,edge,cross_port,620,False,0.00023196627524690067,0.0949181450805152,0.6965452765444595,0.2847290475186962,True,5.389582095893797e-07
T27,edge,cross_port,626,False,0.00022923884560654644,0.09381171367187294,0.717508039834767,0.34428435587506284,True,2.423262490391931e-07
T27,edge,cross_port,627,False,0.0002451702636410173,0.10035838104448355,0.7069991663991104,0.34428435587506284,True,2.450501305761854e-07
T27,edge,cross_port,628,False,0.0002328481983215168,0.09524682976083136,0.717508039834767,0.3313307837519768,True,3.5311148374739254e-07
T27,edge,cross_port,629,False,0.00022721744125164396,0.09297424776352421,0.6512343339221701,0.33891259167400023,True,1.7340906671714507e-07
T27,edge,cross_port,635,False,0.00024298119473864467,0.09995833218605073,0.4905344770005486,0.24061720920811666,True,3.3232923302151107e-07
T27,edge,cross_port,639,False,0.00023318436113053332,0.09518027688322628,0.5133545807895439,0.260542239190713,True,5.68600868749991e-07
T27,edge,cross_port,641,False,0.00022914553335561192,0.0935166179245523,0.49455967994538347,0.16107089811888484,True,1.0681124601730208e-06
T27,edge,cross_port,647,False,0.00023267587384660985,0.0951800872416103,0.5858847047592913,0.13479978344652557,True,1.2512857224533658e-06
T27,edge,cross_port,648,False,0.00023312569705628678,0.09523412156816287,0.6112192593755249,0.12233592704237783,True,1.7934754800719155e-06
T27,edge,cross_port,649,False,0.00023241975481920487,0.09522084758086562,0.6295862904591286,0.13583355307769102,True,1.2512857224533658e-06
T27,edge,cross_port,650,False,0.00024790216242509045,0.10136182871303911,0.6278889393311798,0.12612935337729497,True,1.7603147360323312e-06
T27,edge,cross_port,656,False,0.00023988505063363217,0.09818383295000399,0.679263897326246,0.27394966789019953,True,6.62852345872933e-07
T27,edge,cross_port,658,False,0.00022829851779403038,0.09350978610819131,0.6736672044065913,0.2650384208750775,True,6.62852345872933e-07
T27,edge,cross_port,660,False,0.000225978782124027,0.092374656386963,0.6065898484849087,0.24269960303205548,True,4.973562065524462e-07
T27,edge,cross_port,662,False,0.00023612126892441702,0.09677030339043316,0.5686609591129156,0.22729192909598087,True,5.521663545837718e-07
T27,edge,cross_port,665,False,0.0002297818198496356,0.09397722786056993,0.6067085990196521,0.24269960303205548,True,4.973562065524462e-07
T27,edge,cross_port,666,False,0.00022952103610411346,0.09352448729137565,0.4237911492791552,0.14826921614766386,True,8.670945381705764e-07
T27,edge,cross_port,670,False,0.00023579042318459177,0.09656507663762846,0.4462956680166872,0.13799665994927135,True,1.1623663302151588e-06
T27,edge,cross_port,673,False,0.0002456814510486968,0.10033947381590584,0.5969606393743694,0.11443849884127327,True,2.1982710025902907e-06
T27,edge,cross_port,674,False,0.00023593948637410116,0.09670439893399943,0.6277625802278544,0.12606427776357712,True,1.2920432771734713e-06
T27,edge,cross_port,683,False,0.0002367060546578287,0.09666278654016278,0.5080834497748509,0.2774201913920122,True,5.770429806206678e-07
T27,edge,cross_port,685,False,0.00024250925520351508,0.09928551556579943,0.5080834497748509,0.2774201913920122,True,4.7226614441342463e-07
T27,edge,cross_port,687,False,0.0002474789227046324,0.10169096570020315,0.5079248535382098,0.2607302735129368,True,4.7226614441342463e-07
T27,edge,cross_port,688,False,0.0002419610700387151,0.09911241969050338,0.42246833234603504,0.25676554017612263,True,4.7226614441342463e-07
T27,edge,cross_port,689,False,0.0002442966545745537,0.09999071907938446,0.6513676852258435,0.3389318913381075,True,2.5638477121892045e-07
T27,edge,cross_port,694,False,0.00023802722542566,0.0973815013600281,0.6656021946073066,0.34258802738571986,True,2.664562489262945e-07
T27,edge,cross_port,695,False,0.00022907157260251785,0.09375167044060385,0.7176221595464474,0.34435130186418195,True,1.8514712615824713e-07
T27,edge,cross_port,697,False,0.00024212397945527417,0.09903865746102329,0.7247136770759721,0.33136725139249623,True,3.99659018268661e-07
T27,edge,cross_port,698,False,0.00023823567905812069,0.09748392221254293,0.7277870295561466,0.34829166867667744,True,2.421132467567144e-07
T27,edge,cross_port,699,False,0.00023542630539081805,0.09638247046561986,0.7289688218660855,0.30665088699260606,True,5.625817704468794e-07
T27,edge,cross_port,703,False,0.0002354844519563792,0.0963856544832086,0.7086593274892673,0.3653935623342243,True,1.790947075364091e-07
T27,edge,cross_port,704,False,0.0002325065608934481,0.09516224611711172,0.6992056410911649,0.3628456084457835,True,1.565597056163437e-07
T27,edge,cross_port,705,False,0.0002370755215721398,0.09699267194027433,0.7163318845979701,0.35310585378279513,True,2.2974679805831677e-07
T27,edge,cross_port,706,False,0.0002500421546946513,0.10230177106775983,0.7220952090542606,0.3613204178713334,True,2.0484920598695666e-07
T27,edge,cross_port,707,False,0.0002371586813411067,0.09706239470127842,0.6985254968191594,0.36160856224956434,True,1.689824307149479e-07
T27,edge,cross_port,709,False,0.00024385542197431114,0.09982428340634464,0.6462072602189688,0.3329772802032036,True,2.2880741726294396e-07
T27,edge,cross_port,710,False,0.000234998544115887,0.09617743960061591,0.6090430504443215,0.32048265267557396,True,2.735641453921467e-07
T27,edge,cross_port,712,False,0.00023661945919692506,0.09681366726367874,0.6451749932163479,0.32490032723445533,True,2.1998612442786225e-07
T27,edge,cross_port,714,False,0.00024759503476928205,0.10090364778990937,0.4215837577388574,0.25656683091397187,True,5.98433650300656e-07
T27,edge,cross_port,715,False,0.0002451943166541615,0.10054244291891092,0.4215837577388574,0.25656683091397187,True,4.023046147882958e-07
T27,edge,cross_port,717,False,0.0002465604861959293,0.10128648694746546,0.31674793275501484,0.2300538493544085,True,2.812524766970803e-07
T27,edge,cross_port,720,False,0.0002470773314618355,0.10114660599064262,0.42246350802057936,0.15404079608481067,True,1.2054488325585755e-06
T27,edge,cross_port,722,False,0.00023555971783838044,0.09635033434314816,0.4424635008217114,0.15404079608481067,True,1.2336488230124676e-06
T27,edge,cross_port,726,False,0.00024648110342063,0.1009950659156137,0.5882255802257425,0.11309460767255518,True,1.573868664089817e-06
T27,edge,cross_port,731,False,0.00024540358594743564,0.10085260659932054,0.37220854896845434,0.1365069725996182,True,1.130418917028031e-06
T27,edge,cross_port,735,False,0.0002314682750765546,0.09399774710727686,0.36271144728257576,0.1416629698630706,True,4.840370749770173e-07
T27,edge,cross_port,736,False,0.00023098878178538608,0.09476645281907273,0.37220854896845434,0.13787467698742675,True,1.1077805283088438e-06
T27,edge,cross_port,737,False,0.00024669374509722397,0.10104398992633487,0.574239079169377,0.23590157504643208,True,5.968408600953712e-07
T27,edge,cross_port,739,False,0.0002378647304421837,0.09745007633667425,0.591724017246269,0.24192874038291373,True,5.409051472837767e-07
T27,edge,cross_port,740,False,0.00024469498280211747,0.10009355896712249,0.591724017246269,0.24192874038291373,True,6.116947351975099e-07
T27,edge,cross_port,741,False,0.00023280265184795552,0.09520044438080151,0.5825153661438184,0.24192874038291373,True,5.409051472837767e-07
T27,edge,cross_port,746,False,0.0002443364453802868,0.1000052445782519,0.6435726986771079,0.2601290949692699,True,5.136250746384796e-07
T27,edge,cross_port,747,False,0.0002296126049079807,0.09400136576822542,0.6292929878892585,0.25629180778994143,True,5.325732258254501e-07
T27,edge,cross_port,748,False,0.00023789474106309028,0.09735022658916645,0.692870422877221,0.27984294467010995,True,4.1355032193157726e-07
T27,edge,cross_port,749,False,0.00024023639334112923,0.09792432599087172,0.39346226303155735,0.18664561750753403,True,5.706056513676838e-07
T27,edge,cross_port,750,False,0.00024530112108358404,0.10055595927351492,0.28116065722921785,0.1640864402823989,True,3.88515830784808e-07
T27,edge,cross_port,752,False,0.00023386043690711272,0.09646519050007546,0.3633974909428129,0.15891871798805943,True,5.840121789779662e-07
T27,edge,cross_port,756,False,0.00023901428796742948,0.09720692593201938,0.2644491042173159,0.09748495733430547,True,1.7379999190381135e-06
T27,edge,cross_port,759,False,0.00023988774287835406,0.09825272778107891,0.5537955355251889,0.11356770343756224,True,1.9677228702830174e-06
T27,edge,cross_port,760,False,0.00023371927305672522,0.0957505556669766,0.520977587752391,0.11675176004651663,True,1.5264174993145918e-06
T27,edge,cross_port,761,False,0.00024167656188451339,0.09854148876847603,0.5622946706804006,0.09916422864698113,True,2.1756640803949345e-06
T27,edge,cross_port,763,False,0.00023948912988994587,0.09711231383264596,0.2038751332963167,0.16686287994068494,True,1.0328460323949518e-06
T27,edge,cross_port,765,False,0.0002399231027764489,0.0985355649713275,0.2790193982927691,0.17359506672872074,True,6.710274134957839e-07
T27,edge,cross_port,768,False,0.0002447210614589903,0.09997201924926702,0.4944310599547857,0.2942402981019683,True,4.544181366750166e-07
T27,edge,cross_port,771,False,0.00023272756759945069,0.09520444247331196,0.6849827536930739,0.342574046097324,True,2.418128949299714e-07
T27,edge,cross_port,774,False,0.00023785177131933777,0.09737646213665158,0.6656565800635551,0.342574046097324,True,1.8318524011573523e-07
T27,edge,cross_port,779,False,0.00023790575500752084,0.09735750766084555,0.7446847223551905,0.2983242554243639,True,3.5190133468310236e-07
T27,edge,cross_port,782,False,0.00024529519523331733,0.10039013856287989,0.7446847223551905,0.29766171652807144,True,3.978117951441984e-07
T27,edge,cross_port,783,False,0.0002462106322458705,0.10074678431674461,0.7011155927548834,0.2842178418593248,True,4.483219928907989e-07
T27,edge,cross_port,784,False,0.00023439277280664598,0.09590679336829096,0.6933048197764581,0.28071133439178486,True,4.408182577853026e-07
T27,edge,cross_port,792,False,0.00024133049948986038,0.09872528776805868,0.711116537096077,0.34409437915483193,True,1.9423156594200464e-07
T27,edge,cross_port,794,False,0.00023608366277298073,0.09660589437210633,0.711116537096077,0.3372724978991789,True,2.1411271999838277e-07
T27,edge,cross_port,799,False,0.00023965518443199295,0.10025900336551614,0.18863417031514126,0.16698253949996905,True,1.91394203211126e-06
T27,edge,cross_port,805,False,0.00024605444446447754,0.10098586883292038,0.4636151162989127,0.12137021233079451,True,1.986058391828527e-06
T27,edge,cross_port,806,False,0.00023487379596906792,0.095990301287774,0.5204445802376544,0.11677081234624219,True,1.786241661416721e-06
T27,edge,cross_port,808,False,0.00024177530171022333,0.09879465214296193,0.5204445802376544,0.11507274649746266,True,1.786241661416721e-06
T27,edge,cross_port,810,False,0.00023852098385395752,0.09789491628100029,0.459623696392117,0.09153646823674541,True,1.89126422500685e-06
T27,edge,cross_port,811,False,0.00023319832734710125,0.09521066377052695,0.459623696392117,0.08470918640050401,True,2.399139955200358e-06
T27,edge,cross_port,815,False,0.00024192434459380135,0.10051715255281492,0.11683071791335418,0.11686621474818712,True,2.2684574199072216e-06
T27,edge,cross_port,816,False,0.00024466741506307826,0.10045518074921111,0.23528887630846654,0.1428727302933598,True,3.916669570891429e-07
T27,edge,cross_port,817,False,0.00022940138968937764,0.0939857221130415,0.5827270544606002,0.24273740282130107,True,4.676992301222427e-07
T27,edge,cross_port,819,False,0.000229403887267485,0.09388743815841906,0.5582931704336512,0.23624910280206535,True,4.676992301222427e-07
T27,edge,cross_port,825,False,0.0002287075642848635,0.09365449899366911,0.7194181007380855,0.27982920792455285,True,4.570580043883332e-07
T27,edge,cross_port,828,False,0.00022921222163603216,0.09387384390523448,0.3471510308654355,0.19403413428471575,True,3.785401701261737e-07
T27,edge,cross_port,829,False,0.00024890291063908753,0.10181460350407702,0.3471510308654355,0.19403413428471575,True,4.417049162264153e-07
T27,edge,cross_port,830,False,0.000245065312357859,0.1017510041918407,0.2801910540706084,0.16410179998795932,True,5.34918164624143e-07
T27,edge,cross_port,838,False,0.00024740471091815156,0.10156171271761942,0.5538637055726655,0.09775797063115971,True,2.329217588858956e-06
T27,edge,cross_port,843,False,0.0002387504940917842,0.09844026993572105,0.3433256504706047,0.2597841415451569,True,3.233127039981021e-07
T27,edge,cross_port,846,False,0.00023553671909959238,0.09646706295838238,0.6478463610961395,0.32486337834767615,True,2.155377048784768e-07
T27,edge,cross_port,852,False,0.00024225613100151903,0.09914872495734378,0.7712424365500455,0.3262516211289718,True,3.593817861080595e-07
T27,edge,cross_port,853,False,0.00023349685802230897,0.09550723012576677,0.752846633660244,0.2927883598764999,True,4.2775049358123596e-07
T27,edge,cross_port,854,False,0.00024532940232634826,0.10040413371023146,0.7649349634623265,0.297661719845846,True,3.978706990259706e-07
T27,edge,cross_port,855,False,0.00023755566733441917,0.09737499798500533,0.7449565229111405,0.2983072406477194,True,3.364713634934624e-07
T27,edge,cross_port,887,False,0.0002367602707948928,0.09691629488599945,0.6865337048477727,0.2988972942758878,True,4.128968090211238e-07
T27,edge,cross_port,891,False,0.0002430715505706643,0.09943629966434019,0.6870278842291438,0.23588451663040333,True,4.222637214612579e-07
T27,edge,cross_port,907,False,0.000245536873149888,0.1005267213597424,0.617162729060952,0.24401100943615608,True,2.3675406732315274e-07
T27,edge,cross_port,912,False,0.0002464809573525376,0.10079958514618706,0.70015231105029,0.17744928320770414,True,8.371133661533303e-07
T27,edge,cross_port,922,False,0.00024105123444219048,0.09859481650679151,0.7117233206773019,0.2958504284392781,True,3.2081733797317824e-07
T27,edge,cross_port,926,False,0.0002476299555497136,0.10133627557133766,0.6865192457459073,0.317487733185827,True,1.9653042465650472e-07
T27,edge,cross_port,929,False,0.0002433175067610129,0.09959209393947847,0.6943279416865871,0.32401877660396194,True,2.957658518099038e-07
T27,edge,cross_port,935,False,0.00023112713451338407,0.0946904208382242,0.6536758618048624,0.19637255477749335,True,4.568799114312849e-07
T27,edge,cross_port,941,False,0.00022775286326061703,0.0930415049505126,0.6907565723341041,0.1773760762646052,True,7.459421074718087e-07
T27,edge,cross_port,947,False,0.00024019891622774892,0.09858139909081257,0.6167015243197823,0.24408180068194207,True,4.0632080125502235e-07
T27,edge,cross_port,953,False,0.0002465686499330964,0.10085285741377001,0.6545397317859241,0.31900295867465295,True,4.454042509260958e-07
T27,edge,cross_port,954,False,0.0002370105818821316,0.09696347085546088,0.640796511801311,0.31900295867465295,True,2.373906272112869e-07
T27,edge,cross_port,966,False,0.00024587746182337065,0.10074386983696518,0.6134135308143337,0.18857828162260554,True,2.9962325412413726e-07
T27,edge,cross_port,970,False,0.00023229067099694094,0.09503288279122556,0.6739195062653414,0.26505216510823026,True,6.865121761345794e-07
T27,edge,cross_port,977,False,0.0002431908767950182,0.09951632533316068,0.6943877860800075,0.32414068991794703,True,1.5976636136283417e-07
T27,edge,cross_port,979,False,0.0002377058043931828,0.09728702506846568,0.700168290316373,0.3348546628418923,True,3.3557753947865976e-07
T27,edge,cross_port,982,False,0.0002284678174135331,0.09350782128955609,0.6748543020654907,0.34449874194616675,True,2.474631118909443e-07
T27,edge,cross_port,987,False,0.00023220247711937245,0.09502803882209328,0.7119251446531152,0.2971578269045042,True,5.218202226431323e-07
T27,edge,cross_port,988,False,0.00024393889756391834,0.09987642653769041,0.7184902482659452,0.31364010838745604,True,6.317417698686878e-07
T27,edge,cross_port,994,False,0.00023231047247179726,0.09480749492098633,0.5854824547572238,0.13496936436092405,True,1.2464260936151383e-06
T27,edge,cross_port,995,False,0.0002395672728900074,0.09796442422478724,0.6070297449234794,0.14662579326687206,True,1.2927539408957855e-06
T27,edge,cross_port,998,False,0.00023248049408533213,0.0952531505813222,0.6357811937406446,0.16483852664142146,True,9.53843096007656e-07
T27,edge,cross_port,1001,False,0.00023857085714456947,0.09769057385833453,0.5767643299843499,0.16483852664142146,True,9.53843096007656e-07
T27,edge,cross_port,1002,False,0.0002422602166309758,0.09892262332465716,0.4910600248595812,0.24041515743319225,True,4.3337101524043575e-07
T27,edge,cross_port,1004,False,0.00024566931843477384,0.10014220288004849,0.5135032104509977,0.24351179204032636,True,3.4600716070087856e-07
T27,edge,cross_port,1005,False,0.0002396186401415226,0.09776954958487719,0.5348533113562586,0.24351179204032636,True,5.771708853907764e-07
T27,edge,cross_port,1006,False,0.00024140808283245433,0.09877691162554197,0.6408917843616969,0.3298484944173486,True,2.501274569965961e-07
T27,edge,cross_port,1008,False,0.0002460140631399374,0.10063536406232883,0.6544963878868656,0.32985471638528885,True,5.085727705356202e-07
T27,edge,cross_port,1009,False,0.0002311960806183196,0.09458453585357278,0.650802335646883,0.32985471638528885,True,3.2912625932968176e-07
T27,edge,cross_port,1010,False,0.00024083569729875181,0.09857409532904421,0.6544963878868656,0.32985471638528885,True,3.054275169167564e-07
T27,edge,cross_port,1011,False,0.00022942585721122155,0.09370255276379862,0.5447694767547956,0.285780027939054,True,4.1605068187844374e-07
T27,edge,cross_port,1014,False,0.0002319769529386647,0.09531017318618702,0.5137617135056685,0.2607796358370395,True,3.81295324730635e-07
T27,edge,cross_port,1026,False,0.0002383030038247465,0.09720935586942842,0.6115618400191387,0.12236646681444532,True,1.4194847286763679e-06
T27,edge,cross_port,1030,False,0.0002329987827120213,0.09544702452842634,0.51006029916595,0.16172736134721535,True,4.916861846282483e-07
T27,edge,cross_port,1032,False,0.00023352278211766401,0.0952432933803475,0.5095827761166013,0.16172736134721535,True,4.916861846282483e-07
T27,edge,cross_port,1037,False,0.0002413882054102205,0.0987241277528666,0.6071509399379577,0.24503546453951897,True,6.837521573654914e-07
T27,edge,cross_port,1038,False,0.00023273755127512427,0.09521788103811418,0.6394473288415077,0.2514546311608143,True,7.081707622536015e-07
T27,edge,cross_port,1039,False,0.0002479414966072422,0.10149189828154492,0.5688059095758554,0.2272774114129364,True,6.837521573654914e-07
T27,edge,cross_port,1042,False,0.0002419421400497736,0.09906292252741179,0.7246751968680183,0.3311997573116538,True,5.579567166347221e-07
T27,edge,cross_port,1045,False,0.0002283647146916264,0.09344589332196084,0.6747852992300644,0.34459740473448724,True,1.2732926327196914e-07
T27,edge,cross_port,1049,False,0.0002449135283585578,0.1002469344703195,0.6982779541392229,0.36158743050147624,True,2.723329489973114e-07
T27,edge,cross_port,1059,False,0.0002407363309548806,0.0984095889419432,0.5681007129575161,0.22707155997298303,True,6.581613793965602e-07
T27,edge,cross_port,1065,False,0.00023276065571945005,0.09487042008709087,0.42350038145849883,0.13786619223283833,True,1.1927444573123225e-06
T27,edge,cross_port,1069,False,0.00024849027492380624,0.10176290754714494,0.6293749166004596,0.1301620387832065,True,1.6528500725310202e-06
T27,edge,cross_port,1070,False,0.00024274030236654315,0.09902722241704276,0.5969300281611045,0.1144039076125543,True,1.6218278434954048e-06
T27,edge,cross_port,1075,False,0.00023804015224822959,0.09690121960331867,0.2879184779400656,0.16994902506578863,True,9.677709589261951e-07
T27,edge,cross_port,1077,False,0.0002404812389046614,0.09774609157775195,0.2801797776533809,0.17369220510156066,True,8.283529280561641e-07
T27,edge,cross_port,1078,False,0.00022884622865340805,0.0938735581841077,0.5446426152269697,0.28589027280615087,True,4.652118233694491e-07
T27,edge,cross_port,1081,False,0.0002450026880285179,0.10030633074965213,0.6510343407587807,0.33564574003913433,True,2.096350530667035e-07
T27,edge,cross_port,1084,False,0.0002458631289936213,0.10110538379497351,0.42222968922457804,0.25684228960313044,True,3.416849894133378e-07
T27,edge,cross_port,1085,False,0.00024439705931729466,0.10032936599613074,0.4397900321435447,0.25923886834434184,True,4.714743481182282e-07
T27,edge,cross_port,1087,False,0.000250443676834889,0.10217301169706104,0.4397900321435447,0.26417304291146987,True,5.158707769847837e-07
T27,edge,cross_port,1088,False,0.00023572509265887696,0.0962000585957338,0.4397900321435447,0.26417304291146987,True,4.894655557530214e-07
T27,edge,cross_port,1096,False,0.0002471521452897064,0.10100214453173283,0.588567625916936,0.11313318675481845,True,1.4596002149980247e-06
T27,edge,cross_port,1102,False,0.000248342839992005,0.10111742176583746,0.37226224850819,0.13632366915356292,True,6.269158288052523e-07
T27,edge,cross_port,1105,False,0.00023442073322720892,0.09624114872790995,0.3750109277536397,0.1363175231298537,True,1.0523658599548291e-06
T27,edge,cross_port,1107,False,0.00024239057084357666,0.09844995702727134,0.36141882601183,0.13632366915356292,True,6.615741936777386e-07
T27,edge,cross_port,1108,False,0.00024687972108699207,0.10096006643594954,0.5735774399362231,0.23567682178989846,True,6.951064401850005e-07
T27,edge,cross_port,1109,False,0.0002471047757830663,0.10112824063906356,0.5735774399362231,0.23567682178989846,True,6.14535337367661e-07
T27,edge,cross_port,1110,False,0.00023730043031597485,0.09717723462998237,0.5735774399362231,0.23567682178989846,True,5.367067360262379e-07
T27,edge,cross_port,1112,False,0.0002488865824834314,0.10176055034161513,0.5735717946571532,0.23567682178989846,True,5.367067360262379e-07
T27,edge,cross_port,1113,False,0.00024193636974271837,0.09896951578650483,0.5735774399362231,0.23567682178989846,True,6.176613251973606e-07
T27,edge,cross_port,1118,False,0.0002443078193087701,0.09998720534462725,0.7425602324076536,0.321925374443521,True,4.062195177734207e-07
T27,edge,cross_port,1120,False,0.0002378676577036844,0.09736196984093494,0.6991330410956142,0.3629047417907969,True,1.3706550966441355e-07
T27,edge,cross_port,1122,False,0.00023556838915298424,0.0963851099566319,0.7085118376731224,0.36535298168478697,True,1.5403151451542918e-07
T27,edge,cross_port,1123,False,0.00023880653157905418,0.09770181380420269,0.7085118376731224,0.36535298168478697,True,2.4715545499098823e-07
T27,edge,cross_port,1124,False,0.00024195400221291457,0.09898980775034438,0.7085118376731224,0.3628008506335575,True,2.6328287688892615e-07
T27,edge,cross_port,1126,False,0.00024051310522323676,0.09840085708572595,0.6946429120495768,0.344141096270991,True,1.876401827527463e-07
T27,edge,cross_port,1129,False,0.0002380270018599322,0.09736692342484063,0.6946429120495768,0.3465881070131533,True,2.0217599719374313e-07
T27,edge,cross_port,1133,False,0.00023810540995281942,0.09745499004097603,0.7279514113764382,0.3483687453415582,True,1.8578970936711237e-07
T27,edge,cross_port,1138,False,0.0002402430868347061,0.09831003322576239,0.7006865446357406,0.2798688704008302,True,4.083687056566365e-07
T27,edge,cross_port,1141,False,0.00023328929876764837,0.09576484150013881,0.28108361168309703,0.1640910124304772,True,3.657815115798435e-07
T27,edge,cross_port,1143,False,0.00023961695206747017,0.09790885919195579,0.38664678788605406,0.10408762300983347,True,1.735208166736557e-06
T27,edge,cross_port,1145,False,0.00023337617098496353,0.09483585474662475,0.26441270062204136,0.0975012631003279,True,1.7199058436057069e-06
T27,edge,cross_port,1147,False,0.00024387424759320296,0.09992649934574398,0.5538541118149979,0.1135379378691727,True,1.920268280747317e-06
T27,edge,cross_port,1148,False,0.0002363951645130044,0.0963930320190272,0.5622896940227097,0.09916409993329522,True,2.1599855076770424e-06
T27,edge,cross_port,1149,False,0.00024059104417323217,0.09857868125520469,0.5210140489946605,0.11504590747716648,True,1.5844975745638035e-06
T27,edge,cross_port,1150,False,0.00024262851321908742,0.09827035500922862,0.27941374173432915,0.1698247429226044,True,7.38036716629864e-07
T27,edge,cross_port,1151,False,0.0002341926730912936,0.09459517375182977,0.20390664963696062,0.1668001745620075,True,9.372398314944075e-07
T27,edge,cross_port,1153,False,0.00023800974900629006,0.09770134147726177,0.2868473795409181,0.1698247429226044,True,7.38036716629864e-07
T27,edge,cross_port,1155,False,0.00023990679053137988,0.09800133442858576,0.4811308925386032,0.29019807134715164,True,5.188122988997179e-07
T27,edge,cross_port,1157,False,0.00023395831414049247,0.09557962414539231,0.4811308925386032,0.29019807134715164,True,4.596567900472248e-07
T27,edge,cross_port,1159,False,0.00023801012944950144,0.09736449456746267,0.6962575825446099,0.33720729537114963,True,2.1570415534299947e-07
T27,edge,cross_port,1162,False,0.00023422327818293338,0.09587324955758303,0.6946500324328039,0.33776325524072065,True,1.7176375530225663e-07
T27,edge,cross_port,1163,False,0.0002373712428053525,0.09714142792087846,0.6962575825446099,0.33776325524072065,True,2.693653469720836e-07
T27,edge,cross_port,1166,False,0.00024592979682579646,0.10055992150427771,0.4711440887520755,0.29387867715002375,True,4.6854852042699235e-07
T27,edge,cross_port,1173,False,0.00024523409730195376,0.10058824310484185,0.5210815306952021,0.11354224430200469,True,1.8405121048337136e-06
T27,edge,cross_port,1176,False,0.00024835903225131823,0.10132388140371575,0.5535872651737056,0.09787813881394354,True,2.403855563798407e-06
T27,edge,cross_port,1182,False,0.00024644927961638526,0.10079368443589386,0.2799534131180512,0.16384599197092564,True,5.169417735817472e-07
T27,edge,cross_port,1183,False,0.000234617745265999,0.09592145368113639,0.2799534131180512,0.16384599197092564,True,5.155326236738755e-07
T27,edge,cross_port,1184,False,0.00023759596456958716,0.09782009141997651,0.2799534131180512,0.15871989421876934,True,7.40659168690927e-07
T27,edge,cross_port,1187,False,0.0002458052288605108,0.10059737655984588,0.5956467497349407,0.24651376159710953,True,5.433698904433459e-07
T27,edge,cross_port,1190,False,0.0002444293757708634,0.10004241441767878,0.6430663813844342,0.2599569873006897,True,5.398640700315926e-07
T27,edge,cross_port,1192,False,0.0002436158287607149,0.0996464638331424,0.7711534339446433,0.32636933267079205,True,4.3655128786901365e-07
T27,edge,cross_port,1193,False,0.00023547452511158055,0.0963474821905402,0.7868501047705263,0.3285163762628227,True,3.648603941752704e-07
T27,edge,cross_port,1197,False,0.00024872865169000245,0.1018328531209639,0.7107958530678199,0.3603778607756787,True,1.7404128332954016e-07
T27,edge,cross_port,1204,False,0.0002490753220385561,0.1019064659447839,0.8034459803462566,0.3562857857999369,True,2.650630568090673e-07
T27,edge,cross_port,1205,False,0.0002412088925219786,0.09875123130866385,0.779784929615681,0.3588877205693887,True,2.290482598588106e-07
T27,edge,cross_port,1209,False,0.00024619280112276535,0.10080566656563857,0.75243330880082,0.29260917350368754,True,4.369417573313328e-07
T27,edge,cross_port,1211,False,0.0002409565973915532,0.09878009698557236,0.7447844545533365,0.29260917350368754,True,3.911423469282749e-07
T27,edge,cross_port,1212,False,0.00022319210246534652,0.09174491728125475,0.4036269365700272,0.20211854573640253,True,2.8274873323241856e-07
T27,edge,cross_port,1213,False,0.00024873694377511665,0.10195100492838177,0.34833912212772633,0.19427682954915518,True,3.5963720607101735e-07
T27,edge,cross_port,1216,False,0.00024890573761813135,0.10170366064230464,0.20134182391257768,0.08982021153292546,True,2.012377870175275e-06
T27,edge,cross_port,1220,False,0.00023373848359317109,0.09554411676473092,0.48377684615408495,0.08469268659880463,True,2.007398692577267e-06
T27,edge,cross_port,1221,False,0.00024914423426424464,0.1020158268123217,0.26146857232981907,0.14218891630893693,True,1.3207355437083734e-06
T27,edge,cross_port,1223,False,0.00023114578133828797,0.09439937987994544,0.3493134188135138,0.125562708796721,True,1.6231454225690278e-06
T27,edge,cross_port,1224,False,0.0002492799906056532,0.10182335992378502,0.28164968205781293,0.258063252519409,True,3.4869266404835564e-07
T27,edge,cross_port,1225,False,0.000236209169963235,0.09693067937887646,0.28164968205781293,0.2579808053889516,True,3.766193540366558e-07
T27,edge,cross_port,1227,False,0.0002488942407669372,0.10186185524735279,0.6580391469410556,0.3203708409698409,True,3.8517665210124896e-07
T27,edge,cross_port,1228,False,0.00023485356051207,0.09615160791128582,0.6475276447583688,0.3203708409698409,True,2.61671306400757e-07
T27,edge,cross_port,1230,False,0.00023762198077360839,0.0973798431422855,0.6966282955947791,0.3372014492527794,True,1.927914878574466e-07
T27,edge,cross_port,1234,False,0.0002298550212249536,0.09408551510811915,0.7253362321602216,0.3372014492527794,True,2.3961884076939555e-07
T27,edge,cross_port,1272,False,0.00024338153890490644,0.09946749826842607,0.6542026418040936,0.19654371677122964,True,3.055540433727355e-07
T27,edge,cross_port,1276,False,0.00024251214993333738,0.09921748393744909,0.7123592031220213,0.2859712778399257,True,4.0933144021537693e-07
T27,edge,cross_port,1288,False,0.00023092927748007472,0.09436266554196063,0.6541821816388907,0.19652535593016035,True,2.892620217243014e-07
T27,edge,cross_port,1290,False,0.0002451494147342471,0.1001852143832167,0.640634830327127,0.20141817724982908,True,6.65239090980041e-07
T27,edge,cross_port,1303,False,0.00023991578127683996,0.09818319615781279,0.6779405929611378,0.31738597770193067,True,5.315785496506908e-07
T27,edge,cross_port,1307,False,0.0002423984029321333,0.0990900840335627,0.6166786730691871,0.24385798644391246,True,3.3898427667655717e-07
T27,edge,cross_port,1320,False,0.00023295890979435478,0.09532380056221655,0.696992669192954,0.277195879052517,True,5.766356470926493e-07
T27,edge,cross_port,1321,False,0.0002468921074502262,0.10103010824146462,0.7090757656347683,0.2891313734181688,True,5.31643421008976e-07
T27,edge,cross_port,1324,False,0.0002498045228597145,0.10220755267866484,0.6901204522470665,0.3241975590321318,True,3.536123203140562e-07
T27,edge,cross_port,1327,False,0.0002484285484730855,0.10166996930227784,0.6901204522470665,0.33171753204212917,True,1.9877544008006787e-07
T27,edge,cross_port,1328,False,0.00023417234237368498,0.09584385110353941,0.6864360138194546,0.31754510806740927,True,2.5969875380726926e-07
T27,edge,cross_port,1332,False,0.00024273965728973442,0.0995932649788288,0.6048521922182736,0.25747075140729064,True,3.5384094285162426e-07
T27,edge,cross_port,1337,False,0.00023829589523450306,0.09736807813481353,0.5770265088031546,0.18205254278053865,True,8.567645360391118e-07
T27,edge,cross_port,1340,False,0.00022866601180219833,0.09369652517347017,0.6499279082708419,0.1623724409329947,True,9.090476226492061e-07
T27,edge,cross_port,1343,False,0.00022887779334839717,0.09350880352279346,0.6494736235094634,0.1467114924398891,True,1.1517258653725992e-06
T27,edge,cross_port,1344,False,0.00024087563172717205,0.09827603134980926,0.5858620976044763,0.13499987830098548,True,1.0185905896797909e-06
T27,edge,cross_port,1350,False,0.00024651485755070946,0.10091772311161537,0.7174617208369929,0.31322583259020786,True,5.647538074970981e-07
T27,edge,cross_port,1352,False,0.00022989210552511365,0.09409052091348946,0.6779019938279393,0.33997152706379585,True,3.0888261617900703e-07
T27,edge,cross_port,1354,False,0.00022963505386988612,0.09397322147901478,0.6747911989656658,0.33997152706379585,True,3.851072079286144e-07
T27,edge,cross_port,1357,False,0.00023296810177416267,0.09530263052410005,0.6779019938279393,0.3241521396454288,True,1.9936202222403665e-07
T27,edge,cross_port,1358,False,0.00022940450545077846,0.09404419347908913,0.5743999562078949,0.2714295673385245,True,3.779589462238331e-07
T27,edge,cross_port,1360,False,0.0002473387884837116,0.10099505228179403,0.5571697740953815,0.274588134531809,True,3.698873491664312e-07
T27,edge,cross_port,1366,False,0.0002432150267632392,0.09958148348202138,0.5762624298054945,0.18201755429833408,True,9.005439497444812e-07
T27,edge,cross_port,1371,False,0.0002362522525489877,0.0963548245022729,0.5860926645689022,0.13491474508834775,True,1.0071191631766396e-06
T27,edge,cross_port,1372,False,0.00022912821609433892,0.093890931783978,0.6494286362037829,0.14657683477665187,True,1.0146625969709167e-06
T27,edge,cross_port,1374,False,0.0002344800964041703,0.09591746485412911,0.6494286362037829,0.138213167864219,True,1.3554212785482633e-06
T27,edge,cross_port,1376,False,0.0002492417172871313,0.10203375401099839,0.5159602842324407,0.18182078672524196,True,4.494238856345145e-07
T27,edge,cross_port,1379,False,0.0002282161617581342,0.09356547206094516,0.556943204627908,0.1886069265541482,True,7.579913213207057e-07
T27,edge,cross_port,1381,False,0.00024003067606701502,0.0982115633216585,0.696332261528649,0.2845694361143614,True,5.928246666342396e-07
T27,edge,cross_port,1383,False,0.00024383742693940213,0.09985136415149515,0.6738837098521532,0.26513223984164624,True,6.073161473718613e-07
T27,edge,cross_port,1385,False,0.00024337238388108033,0.09959674680685984,0.7068631795666699,0.3480214841474133,True,2.2966377677402505e-07
T27,edge,cross_port,1386,False,0.0002453431340207819,0.10038116007691976,0.7068631795666699,0.34434473532104304,True,2.2980851074883013e-07
T27,edge,cross_port,1391,False,0.00023064094076628844,0.09434532953756354,0.6406771192150805,0.32984081409183874,True,4.757134328403634e-07
T27,edge,cross_port,1394,False,0.0002449354378396606,0.09980054727729053,0.4902814560340501,0.2403633281794114,True,5.590886536510631e-07
T27,edge,cross_port,1395,False,0.00024980643474260106,0.10176559794218902,0.47463586900877874,0.2403633281794114,True,3.586404980215896e-07
T27,edge,cross_port,1405,False,0.00024458815652026844,0.10033033501360251,0.5223272184111054,0.1938972406566652,True,7.368285391273766e-07
T27,edge,cross_port,1406,False,0.00024127809065722778,0.09908151314688127,0.5151452601997859,0.18176721305503069,True,3.652152537614306e-07
T27,edge,cross_port,1411,False,0.0002491799124731953,0.10192582530293022,0.7163118357773742,0.34443737169220323,True,3.28987123349167e-07
T27,edge,cross_port,1412,False,0.00024319983732416027,0.09953577695191373,0.7069661484424588,0.3481035573776754,True,1.7350244510550006e-07
T27,edge,cross_port,1413,False,0.00024812132868393794,0.10151318643457818,0.7163118357773742,0.348369368215694,True,2.1633038660429094e-07
T27,edge,cross_port,1422,False,0.00024491925492608655,0.09988462072983227,0.47457632195386723,0.25917831596585295,True,6.128659993664964e-07
T27,edge,cross_port,1424,False,0.00024553537616075496,0.10023886235509108,0.4223341835688162,0.2565958181802439,True,3.543501681246841e-07
T27,edge,cross_port,1425,False,0.00024811899987092946,0.10201776887965633,0.47457632195386723,0.24054973244222944,True,3.523204024913351e-07
T27,edge,cross_port,1426,False,0.00023942521089063805,0.09786489844632673,0.47457632195386723,0.25917831596585295,True,4.433230927636256e-07
T27,edge,cross_port,1430,False,0.00024848586579418825,0.10161618390595037,0.45319680536312973,0.1609662814747691,True,1.180598892064344e-06
T27,edge,cross_port,1431,False,0.00023455092122744235,0.09595929726658713,0.4937845120396136,0.1572824459080708,True,1.180598892064344e-06
T27,edge,cross_port,1433,False,0.00024326191444124255,0.09970777991305257,0.6110020902991307,0.12220575185194726,True,1.3520225332908087e-06
T27,edge,cross_port,1438,False,0.00023962868387486419,0.09776802361102464,0.5280607125488641,0.10938354559784308,True,1.449207285980636e-06
T27,edge,cross_port,1439,False,0.00022807574222371207,0.09365729854198489,0.42324677897482266,0.14833025909390754,True,9.763405971752182e-07
T27,edge,cross_port,1441,False,0.00024256917316230645,0.09937835962727075,0.3758045866064811,0.13656963406670086,True,6.504290813169611e-07
T27,edge,cross_port,1442,False,0.0002346178233754082,0.09633618446300976,0.42324677897482266,0.15103380016330695,True,5.231944201766758e-07
T27,edge,cross_port,1443,False,0.0002456247323041091,0.09984565658975085,0.3638553953280859,0.15103380016330695,True,7.690074321220486e-07
T27,edge,cross_port,1444,False,0.00023126946190255764,0.09474431037116823,0.42324677897482266,0.1379634446108251,True,1.1609372704279863e-06
T27,edge,cross_port,1448,False,0.00023393958310060983,0.09567833764835296,0.6068036464643829,0.24497018047749458,True,6.339731325466502e-07
T27,edge,cross_port,1449,False,0.00024039256394434164,0.09856425874342559,0.5685267696362746,0.22727843318527113,True,6.339731325466502e-07
T27,edge,cross_port,1452,False,0.00024203743987400654,0.09901148704482246,0.728669137320447,0.3155900652507448,True,4.5800681844343494e-07
T27,edge,cross_port,1454,False,0.00024405158378356713,0.09989401769810863,0.7247824848226364,0.3276896828905901,True,4.066915536282689e-07
T27,edge,cross_port,1460,False,0.00024325812101359814,0.09947273581014766,0.6003508561676488,0.3203966232996011,True,3.271859556341905e-07
T27,edge,cross_port,1461,False,0.00023787673159596907,0.09733755190965618,0.6003508561676488,0.3213963210716896,True,4.962011802556177e-07
T27,edge,cross_port,1463,False,0.0002405748002402289,0.0979284284587333,0.35858477494745916,0.21945611028699394,True,5.548938485644417e-07
T27,edge,cross_port,1467,False,0.00024235243069781578,0.09927335233571123,0.44322309557702827,0.13687230901067027,True,1.3626214100947998e-06
T27,edge,cross_port,1469,False,0.00024446059109355176,0.100162679620522,0.5271886758790916,0.10928664409866529,True,1.6639110806959678e-06
T27,edge,cross_port,1471,False,0.00023906647819991228,0.09810417422605817,0.5271886758790916,0.10928664409866529,True,1.5012150378357347e-06
T27,edge,cross_port,1475,False,0.00024359325151035007,0.10011682951008762,0.3633912588634936,0.15108260423795997,True,1.02745938335147e-06
T27,edge,cross_port,1476,False,0.0002452713275570139,0.09965133429381316,0.23649866179563087,0.14300509195721745,True,3.759436734973587e-07
T27,edge,cross_port,1478,False,0.00023940726130450664,0.09839203011578104,0.3614192158502675,0.13647708102715297,True,1.1318892495781885e-06
T27,edge,cross_port,1481,False,0.0002458347664666517,0.10060095857667466,0.5830665719910834,0.24280393863803013,True,5.402237784613018e-07
T27,edge,cross_port,1482,False,0.00024184453318968005,0.09908800367622783,0.5741372357866781,0.23588662207396502,True,5.562995141761284e-07
T27,edge,cross_port,1484,False,0.00024435905965189305,0.09998747566602174,0.595167241094584,0.24639030568297282,True,5.402237784613018e-07
T27,edge,cross_port,1485,False,0.00024376355982506397,0.09974557268935133,0.7399317733905797,0.32780465251375107,True,4.002469315700363e-07
T27,edge,cross_port,1487,False,0.0002464454769982394,0.1008481507551856,0.7563563748028135,0.3263275287016923,True,4.2410560624484006e-07
T27,edge,cross_port,1488,False,0.0002357193456384834,0.09646646034889528,0.7563563748028135,0.33526235026236584,True,3.5288361296959003e-07
T27,edge,cross_port,1489,False,0.00024035612855833035,0.09838328110504271,0.698494109231865,0.3603513458206654,True,1.4823233374094968e-07
T27,edge,cross_port,1492,False,0.00024892189461137287,0.10183060063501323,0.7104847293212713,0.3603513458206654,True,2.2656044140756393e-07
T27,edge,cross_port,1499,False,0.0002481493512384071,0.10136983938197121,0.3157166650749585,0.22978965797069092,True,4.2178224918254514e-07
T27,edge,cross_port,1501,False,0.0002423337280030537,0.09928424865735169,0.44255195371864087,0.13735779281367297,True,1.6456959454624887e-06
T27,edge,cross_port,1508,False,0.00024280145588306086,0.09963766158075237,0.5293085852713107,0.09964347397979582,True,1.931029184942812e-06
T27,edge,cross_port,1509,False,0.00024078898934266134,0.09831236878290908,0.48319004321356795,0.08473761461214782,True,2.689812590578322e-06
T27,edge,cross_port,1510,False,0.00023395100529835286,0.0939216007574841,0.23574862194338086,0.1354675269294595,True,4.3850254080601836e-07
T27,edge,cross_port,1512,False,0.00024633444735174063,0.10060648138162841,0.2745942930954049,0.1354675269294595,True,4.4861121870076737e-07
T27,edge,cross_port,1513,False,0.0002464594970142662,0.10136221831882487,0.2745942930954049,0.1350243357600718,True,1.0317196473819124e-06
T27,edge,cross_port,1515,False,0.00024053448575153354,0.09630479291156732,0.11684976997131108,0.11667118300068569,True,8.389611073356118e-07
T27,edge,cross_port,1516,False,0.0002293629910662571,0.09381260193794909,0.5824865692088136,0.24265335991196335,True,5.001574189811286e-07
T27,edge,cross_port,1517,False,0.0002460293883274332,0.10068987719372617,0.5824865692088136,0.24265335991196335,True,5.432921021675252e-07
T27,edge,cross_port,1522,False,0.00024331209691493306,0.09963081803468116,0.7709003212523926,0.3262144465804878,True,5.002301575185442e-07
T27,edge,cross_port,1524,False,0.0002421929380398661,0.09911334104173518,0.7709003212523926,0.3262144465804878,True,3.98262663431348e-07
T27,edge,cross_port,1526,False,0.0002446887928336106,0.10014441791926157,0.742198522268988,0.36286213090756875,True,1.7417831721378008e-07
T27,edge,cross_port,1530,False,0.00023488543193898114,0.09611666247878481,0.6474517432448842,0.32041791549342197,True,2.726305166345089e-07
T27,edge,cross_port,1532,False,0.0002472061237262747,0.10126855334860467,0.6090769896285422,0.3204325913465156,True,2.8181445008157446e-07
T27,edge,cross_port,1535,False,0.00024049972787049272,0.09798015924267653,0.3433069041452943,0.2595922415053911,True,2.780989644124432e-07
T27,edge,cross_port,1537,False,0.00022704491440590056,0.09321146244473372,0.3433069041452943,0.25656601925069816,True,3.9322874167968536e-07
T27,edge,cross_port,1540,False,0.00024555974173053367,0.10024074097469275,0.26095257072744965,0.14662497758031948,True,1.4560120297490986e-06
T27,edge,cross_port,1546,False,0.00023562215191840285,0.09667911924351202,0.5620427757297705,0.09904235404082834,True,2.0812696903682593e-06
T27,edge,cross_port,1550,False,0.0002324352315845714,0.09557646807728731,0.26329483496414235,0.09744655752917238,True,1.3111468824544836e-06
T27,edge,cross_port,1551,False,0.0002381540636983919,0.09784046106076599,0.26329483496414235,0.09744655752917238,True,1.4402977997207689e-06
T27,edge,cross_port,1552,False,0.00022376383804404495,0.09134363402321953,0.4033376346225152,0.20198129961493283,True,3.5838552231437504e-07
T27,edge,cross_port,1557,False,0.00023488012869406178,0.09612524797974169,0.7196431496331316,0.27997978927191364,True,4.7038538264487784e-07
T27,edge,cross_port,1559,False,0.00024600072581018275,0.10073817652892295,0.730164416020305,0.28790670920353323,True,5.245764906625094e-07
T27,edge,cross_port,1560,False,0.00024183365898278091,0.09901942816881475,0.730164416020305,0.28790670920353323,True,4.701412677776684e-07
T27,edge,cross_port,1563,False,0.00023155332869917908,0.0947927491212778,0.7796646231391827,0.3562044902566021,True,3.009161272105043e-07
T27,edge,cross_port,1567,False,0.00024423839768366196,0.09997760282570127,0.7115311903636152,0.3441621794938449,True,1.6085312512514882e-07
T27,edge,cross_port,1568,False,0.00023004542085061972,0.09418978615794003,0.6949348976004089,0.34758038193471397,True,1.6482877160384213e-07
T27,edge,cross_port,1574,False,0.00022944458673970043,0.09349993397684243,0.14500775275133604,0.21179100729960612,True,9.314183700703804e-07
T27,edge,cross_port,1576,False,0.0002306570551915588,0.09448803824294127,0.3505175495342843,0.12543155306734075,True,1.8908343601686806e-06
T27,edge,cross_port,1578,False,0.00023314643357517229,0.09557838050560812,0.48310839813449064,0.08466395522263298,True,1.9062270255332248e-06
T27,edge,cross_port,1579,False,0.00024070028187485402,0.09875837038054995,0.48310839813449064,0.08466395522263298,True,2.4481042321666813e-06
T27,edge,cross_port,1581,False,0.00023592849452508985,0.09686023247752061,0.11558817830373452,0.09393488441979751,True,4.056203589619667e-06
T27,edge,cross_port,1585,False,0.0002454363402783078,0.1004672529787609,0.7652890899248745,0.2976375991599132,True,3.950421779974622e-07
T27,edge,cross_port,1586,False,0.00024657954798322393,0.1008712675849818,0.7529796318828148,0.2927275360588666,True,3.968869389803231e-07
T27,edge,cross_port,1588,False,0.00024497049717771226,0.10041289856920645,0.7449649841641921,0.2976375991599132,True,3.950421779974622e-07
T27,edge,entry:raster_u_phase_0.00/forward,-1,True,2.1699601580499788e-05,0.003335887570874473,0.7220121644382198,0.2561416517254123,True,1.2423946347067671e-05
T27,edge,entry:raster_u_phase_0.00/reverse,-1,False,0.00018632926119083727,0.07626859130285224,0.7049504927931467,0.2561416517254123,True,1.2423946347067671e-05
T27,edge,entry:raster_u_phase_0.25/reverse,-1,False,0.00018198493603872095,0.07445449991163602,0.6607263767717183,0.2561416517254123,True,1.2423946347067671e-05
T27,edge,entry:spiral_phase_0.00/reverse,-1,False,0.00018182763575214436,0.07444060049894125,0.7049507545882758,0.2561416517254123,True,1.2423946347067671e-05
T27,edge,off_reconfiguration,-1,True,2.169960158046635e-05,0.004000553368328754,0.7210907368946886,0.2528618305915106,True,0.019999685769393705
T27,edge,off_reconfiguration,-1,True,3.074712881548853e-05,0.003335887570874473,0.7187640618929593,0.2561416517254123,True,0.019999684125156847
T27,edge,off_reconfiguration,-1,True,2.169960158046635e-05,0.003335887570874473,0.7216644724898671,0.2561416517254123,True,0.019999684125156847
T27,edge,off_reconfiguration,-1,True,2.169960158046635e-05,0.003335887570874473,0.7202826622031524,0.2561416517254123,True,0.019999684125156847
T27,edge,off_reconfiguration,-1,True,4.770360911638745e-07,0.0002578014729649379,0.72111393047035,0.21922279641108083,True,0.01999968340531727
T27,edge,off_reconfiguration,-1,True,5.392608360741823e-07,0.00014884827946416793,0.71148204420753,0.23510401958359467,True,0.019999685742504825
T27,edge,off_reconfiguration,-1,True,1.8167767680102908e-05,0.004000553368328754,0.7210907368946886,0.23527265046256937,True,0.019999685769393705
T27,edge,off_reconfiguration,-1,True,2.169960158046635e-05,0.003335887570874473,0.7220121644382198,0.23527265046256937,True,0.019999684125156847
T27,edge,off_reconfiguration,-1,True,2.4430766570374954e-07,0.00011183783011299866,0.7202826622031524,0.2637958672291456,True,0.019999676363932878
T27,edge,off_reconfiguration,-1,True,5.664819544886155e-07,0.00011183783011299866,0.7202826622031524,0.26515945951673214,True,0.019999675749682755
T27,edge,off_reconfiguration,-1,True,2.169960158046635e-05,0.003335887570874473,0.7202826622031524,0.2561416517254123,True,0.019999684125156847
T27,edge,off_reconfiguration,-1,True,3.074712881548853e-05,0.002175518786799706,0.7187640618929593,0.2588940725908787,True,0.019999677884548622
T27,edge,off_reconfiguration,-1,True,5.089965188938659e-07,6.672556491794278e-05,0.6848639250190085,0.27585720066712655,True,0.019999617699955174
T27,edge,off_reconfiguration,-1,True,6.729601615389584e-07,6.672556491794278e-05,0.6771206852388353,0.27047539885964955,True,0.01999963723902512
T27,edge,off_reconfiguration,-1,True,3.5530059324524515e-07,6.672556491794278e-05,0.6988241622955429,0.2635043291585007,True,0.019999666901259344
T27,edge,off_reconfiguration,-1,True,4.849472224210536e-07,6.672556491794278e-05,0.6679025291120476,0.27585720066712655,True,0.019999617699955174
T27,edge,off_reconfiguration,-1,True,4.770360911638745e-07,0.0002578014729649379,0.72111393047035,0.21922279641108083,True,0.01999968340531727
T27,edge,off_reconfiguration,-1,True,6.427700672291477e-07,0.00035320854107880794,0.7182273446074672,0.20419318629339667,True,0.019999660954461984
T27,edge,off_reconfiguration,-1,True,6.120265235790356e-07,0.00031941633603017086,0.6983808397455099,0.2151266081889629,True,0.019999660954461984
T27,edge,off_reconfiguration,-1,True,6.132364939728045e-07,0.00035364062963123605,0.7123306623244523,0.20786088245434362,True,0.019999660954461984
T27,edge,off_reconfiguration,-1,True,5.343018811873785e-07,5.9027813093334174e-05,0.7114073550165768,0.26049889841696533,True,0.01999969355839773
T27,edge,off_reconfiguration,-1,True,5.343018811873785e-07,4.960711426981079e-05,0.7057499403477727,0.2458469647478457,True,0.019999697788754628
T27,edge,off_reconfiguration,-1,True,5.664819544886155e-07,0.00010259503447852651,0.7114073550165768,0.26049889841696533,True,0.01999969355839773
T27,edge,off_reconfiguration,-1,True,6.281261422838472e-07,5.04304948695617e-05,0.6877431012766919,0.2570656069501182,True,0.019999710924361147
T27,edge,off_reconfiguration,-1,True,6.427700672291477e-07,0.00035364062963123605,0.7123306623244523,0.20419318629339667,True,0.019999643033472653
T27,edge,off_reconfiguration,-1,True,7.994920139098624e-07,0.0004209372495290942,0.7123008334642241,0.190742282745064,True,0.019999634020665846
T27,edge,off_reconfiguration,-1,True,8.102549188952939e-07,0.00041946795058905834,0.7111303138873405,0.19161200272044518,True,0.019999634020665846
T27,edge,off_reconfiguration,-1,True,6.427700672291477e-07,0.00035320854107880794,0.7182273446074672,0.20419318629339667,True,0.019999660954461984
T27,edge,off_reconfiguration,-1,True,6.729601615389584e-07,6.672556491794278e-05,0.6771206852388353,0.27047539885964955,True,0.01999963723902512
T27,edge,off_reconfiguration,-1,True,6.729601615389584e-07,4.855262923709963e-05,0.6771206852388353,0.27047539885964955,True,0.01999963723902512
T27,edge,off_reconfiguration,-1,True,7.480497361624557e-07,0.00011731545822439979,0.6488674369399595,0.2592235285324063,True,0.019999662822432568
T27,edge,off_reconfiguration,-1,True,6.729601615389584e-07,3.7244499224466146e-05,0.6679025291120476,0.27047539885964955,True,0.01999963723902512
T27,edge,off_reconfiguration,-1,True,3.2392609765276816e-07,0.00014648377349333933,0.7165935058526105,0.286889767589193,True,0.019999565786156165
T27,edge,off_reconfiguration,-1,True,5.280496348976122e-07,0.00014648377349333933,0.7122735128881463,0.28588077879109325,True,0.01999959716666011
T27,edge,off_reconfiguration,-1,True,5.374006672483141e-07,0.00014648377349333933,0.7063377236466697,0.2801105098261861,True,0.019999645326545218
T27,edge,off_reconfiguration,-1,True,3.2392609765276816e-07,0.00014648377349333933,0.7178087667027911,0.2701835648140256,True,0.019999655713065806
T27,edge,off_reconfiguration,-1,True,2.5135750338918373e-07,0.0001674789682737458,0.7060354786326245,0.3089076734513181,True,0.019999181125391147
T27,edge,off_reconfiguration,-1,True,2.5135750338918373e-07,0.0001664968064752976,0.7039975835815911,0.3120177862963395,True,0.019999070243348904
T27,edge,off_reconfiguration,-1,True,2.5135750338918373e-07,0.0001664968064752976,0.6943279416865871,0.3120177862963395,True,0.019999070243348904
T27,edge,off_reconfiguration,-1,True,2.7787879970739537e-07,0.0001664968064752976,0.7030724607857693,0.2988972942758878,True,0.01999937958686357
T27,edge,off_reconfiguration,-1,True,7.560358406803681e-07,0.00013663312871738684,0.6475787520371042,0.2545711720343758,True,0.019999669043106322
T27,edge,off_reconfiguration,-1,True,1.000638837365294e-06,0.0001741886560594658,0.6186456739561754,0.2572845494879417,True,0.019999662822432568
T27,edge,off_reconfiguration,-1,True,7.480497361624557e-07,0.00011731545822439979,0.6488674369399595,0.2592235285324063,True,0.019999662822432568
T27,edge,off_reconfiguration,-1,True,8.968534825630175e-07,0.0002061770552126899,0.6166786730691871,0.24385798644391246,True,0.019999667720343534
T27,edge,off_reconfiguration,-1,True,8.102549188952939e-07,0.0004209372495290942,0.7111303138873405,0.190742282745064,True,0.019999613909128328
T27,edge,off_reconfiguration,-1,True,8.102549188952939e-07,0.00041946795058905834,0.7111303138873405,0.19161200272044518,True,0.019999634020665846
T27,edge,off_reconfiguration,-1,True,8.102549188952939e-07,0.00041946795058905834,0.6999520691321548,0.1772838618775823,True,0.019999613909128328
T27,edge,off_reconfiguration,-1,True,8.102549188952939e-07,0.00041946795058905834,0.7111303138873405,0.19161200272044518,True,0.019999643033472653
T27,edge,off_reconfiguration,-1,True,6.873772362311685e-07,0.00012620842325998597,0.684590916053062,0.23138999600414084,True,0.019999689737803472
T27,edge,off_reconfiguration,-1,True,6.626026969903562e-07,0.00012620842325998597,0.684590916053062,0.23138999600414084,True,0.019999697788754628
T27,edge,off_reconfiguration,-1,True,6.626026969903562e-07,0.00014884827946416793,0.684590916053062,0.23138999600414084,True,0.019999685742504825
T27,edge,off_reconfiguration,-1,True,6.896349809118965e-07,0.00015416703048689925,0.6305800004835047,0.2286731952735188,True,0.01999968925857315
T27,edge,off_reconfiguration,-1,True,7.869856367421178e-07,0.0001276784162439265,0.6524689769414341,0.23917517116893453,True,0.019999710924361147
T27,edge,off_reconfiguration,-1,True,6.281261422838472e-07,5.04304948695617e-05,0.6877431012766919,0.2570656069501182,True,0.019999710924361147
T27,edge,off_reconfiguration,-1,True,6.281261422838472e-07,6.366770461126312e-05,0.6736256977427639,0.2570656069501182,True,0.019999721152115124
T27,edge,off_reconfiguration,-1,True,6.281261422838472e-07,6.165522706601063e-05,0.6877431012766919,0.2570656069501182,True,0.019999710924361147
T27,edge,off_reconfiguration,-1,True,1.0377625311579866e-06,0.0006053140752427509,0.6498829607646797,0.16700573965585427,True,0.019999699520474146
T27,edge,off_reconfiguration,-1,True,9.744921993715912e-07,0.000521722067204469,0.6512358676362158,0.1623724409329947,True,0.019999734004531783
T27,edge,off_reconfiguration,-1,True,9.744921993715912e-07,0.0005030096396537817,0.6536758618048624,0.18263067737013647,True,0.01999963019177317
T27,edge,off_reconfiguration,-1,True,9.744921993715912e-07,0.0005030096396537817,0.6722325650081774,0.18263067737013647,True,0.019999630754341857
T27,edge,off_reconfiguration,-1,True,8.40831803140898e-07,0.0004952991042878369,0.6581964271614724,0.19662588761152117,True,0.019999648035639
T27,edge,off_reconfiguration,-1,True,8.057820044628724e-07,0.0004952991042878369,0.6310030386231974,0.1849165900637099,True,0.019999664060007583
T27,edge,off_reconfiguration,-1,True,1.0232365336890758e-06,0.0005548175632851941,0.6366522694036961,0.18388187910716378,True,0.01999966325299185
T27,edge,off_reconfiguration,-1,True,9.287542340969033e-07,0.0004952991042878369,0.6581964271614724,0.18347818316332457,True,0.019999648035639
T27,edge,off_reconfiguration,-1,True,8.08913148071313e-07,0.00014600028625203187,0.6048521922182736,0.27376219287823106,True,0.019999615913331298
T27,edge,off_reconfiguration,-1,True,8.08913148071313e-07,8.989389167863253e-05,0.6372466250844816,0.28166696166731664,True,0.019999571085274503
T27,edge,off_reconfiguration,-1,True,8.692535899877932e-07,0.0001688918790477773,0.598289234943599,0.2713761149283948,True,0.019999625606310967
T27,edge,off_reconfiguration,-1,True,8.509348720263714e-07,0.00018892720249132354,0.5743999562078949,0.274588134531809,True,0.019999615908575602
T27,edge,off_reconfiguration,-1,True,2.4481728699053663e-07,0.0001498950333693177,0.6943279416865871,0.3234271456314034,True,0.019998588401398787
T27,edge,off_reconfiguration,-1,True,2.3962766886526135e-07,0.0001498950333693177,0.700168290316373,0.3234271456314034,True,0.019998588401398787
T27,edge,off_reconfiguration,-1,True,2.5135750338918373e-07,0.0001664968064752976,0.7039975835815911,0.3120177862963395,True,0.019999070243348904
T27,edge,off_reconfiguration,-1,True,2.3962766886526135e-07,0.0001498950333693177,0.6901204522470665,0.3234271456314034,True,0.019998588401398787
T27,edge,off_reconfiguration,-1,True,5.651387841852334e-07,6.572393670280584e-05,0.7107104392232302,0.2969781966287048,True,0.019999507139650957
T27,edge,off_reconfiguration,-1,True,5.651387841852334e-07,6.572393670280584e-05,0.7091681600998401,0.2891313734181688,True,0.019999583428986722
T27,edge,off_reconfiguration,-1,True,5.651387841852334e-07,7.078602237672758e-05,0.711855123311149,0.2969781966287048,True,0.019999500937361026
T27,edge,off_reconfiguration,-1,True,5.651387841852334e-07,7.016544328395928e-05,0.711855123311149,0.28588077879109325,True,0.01999959716666011
T27,edge,off_reconfiguration,-1,True,2.4090220616547795e-07,0.00011495864791169984,0.6870611660793086,0.33171753204212917,True,0.019997997376090898
T27,edge,off_reconfiguration,-1,True,2.4090220616547795e-07,0.000110809820866777,0.6779019938279393,0.33469983604075076,True,0.019997735244180165
T27,edge,off_reconfiguration,-1,True,2.4090220616547795e-07,0.0001276869796137196,0.6870611660793086,0.33469983604075076,True,0.019997756385603527
T27,edge,off_reconfiguration,-1,True,2.4090220616547795e-07,0.000110809820866777,0.6817356202111502,0.33469983604075076,True,0.019997735244180165
T27,edge,off_reconfiguration,-1,True,8.692535899877932e-07,0.0001688918790477773,0.598289234943599,0.2713761149283948,True,0.019999625606310967
T27,edge,off_reconfiguration,-1,True,8.692535899877932e-07,0.00018892720249132354,0.5743999562078949,0.2713761149283948,True,0.019999625606310967
T27,edge,off_reconfiguration,-1,True,8.692535899877932e-07,0.0001688918790477773,0.598289234943599,0.2713761149283948,True,0.019999625606310967
T27,edge,off_reconfiguration,-1,True,1.000638837365294e-06,0.0001741886560594658,0.598289234943599,0.2572845494879417,True,0.019999660604859776
T27,edge,off_reconfiguration,-1,True,1.0232365336890758e-06,0.0005548175632851941,0.6310030386231974,0.18388187910716378,True,0.019999664060007583
T27,edge,off_reconfiguration,-1,True,1.0232365336890758e-06,0.0005548175632851941,0.6366522694036961,0.18388187910716378,True,0.01999966325299185
T27,edge,off_reconfiguration,-1,True,1.0232365336890758e-06,0.0006073655948952454,0.5762624298054945,0.18201755429833408,True,0.019999683750691638
T27,edge,off_reconfiguration,-1,True,1.144560622555999e-06,0.0005728000416070937,0.6357811937406446,0.16483852664142146,True,0.019999721776606888
T27,edge,off_reconfiguration,-1,True,1.0377625311579866e-06,0.0006053140752427509,0.6498829607646797,0.1623724409329947,True,0.019999734004531783
T27,edge,off_reconfiguration,-1,True,1.253541271054197e-06,0.0006708504354437988,0.6070297449234794,0.15485250990676705,True,0.019999872180383765
T27,edge,off_reconfiguration,-1,True,1.0377625311579866e-06,0.0006053140752427509,0.6498829607646797,0.16700573965585427,True,0.019999699520474146
T27,edge,off_reconfiguration,-1,True,1.0377625311579866e-06,0.0006053140752427509,0.6494286362037829,0.14657683477665187,True,0.019999895918435928
T27,edge,off_reconfiguration,-1,True,7.869856367421178e-07,0.00015416703048689925,0.6305800004835047,0.2286731952735188,True,0.019999707955509483
T27,edge,off_reconfiguration,-1,True,7.869856367421178e-07,0.000183036406071192,0.6148524604190805,0.22773863389441765,True,0.019999707955509483
T27,edge,off_reconfiguration,-1,True,7.869856367421178e-07,0.0001276784162439265,0.6524689769414341,0.23917517116893453,True,0.019999710924361147
T27,edge,off_reconfiguration,-1,True,7.869856367421178e-07,0.0001276784162439265,0.6524689769414341,0.2357426853113617,True,0.019999707955509483
T27,edge,off_reconfiguration,-1,True,7.000873209458e-07,6.366770461126312e-05,0.6736256977427639,0.26492304037195136,True,0.019999721152115124
T27,edge,off_reconfiguration,-1,True,7.033085324307329e-07,0.00012403835563925858,0.6394473288415077,0.2514546311608143,True,0.019999741671691468
T27,edge,off_reconfiguration,-1,True,6.647531000641229e-07,6.366770461126312e-05,0.6736256977427639,0.26492304037195136,True,0.019999721152115124
T27,edge,off_reconfiguration,-1,True,5.936073602093671e-07,6.366770461126312e-05,0.6736256977427639,0.26492304037195136,True,0.019999721152115124
T27,edge,off_reconfiguration,-1,True,9.55069610931494e-07,0.0004610267014081066,0.5656711730795737,0.17624449025299974,True,0.01999958893687212
T27,edge,off_reconfiguration,-1,True,1.0754932335008491e-06,0.0005741359571965188,0.51006029916595,0.16172736134721535,True,0.01999959059826767
T27,edge,off_reconfiguration,-1,True,1.1093975150198984e-06,0.0004610267014081066,0.5151385900493842,0.17624449025299974,True,0.01999956602354211
T27,edge,off_reconfiguration,-1,True,9.55069610931494e-07,0.0004610267014081066,0.5656711730795737,0.17624449025299974,True,0.01999961516971785
T27,edge,off_reconfiguration,-1,True,1.2860183009664408e-06,0.0005130675280311689,0.653703892602933,0.13816221194411205,True,0.019999879912859703
T27,edge,off_reconfiguration,-1,True,1.1726216530612935e-06,0.0005130675280311689,0.6751638139550461,0.15128639430610208,True,0.01999968548018724
T27,edge,off_reconfiguration,-1,True,1.1726216530612935e-06,0.0005173818985708148,0.6494286362037829,0.14657683477665187,True,0.019999895918435928
T27,edge,off_reconfiguration,-1,True,1.1726216530612935e-06,0.0005130675280311689,0.6751638139550461,0.15128639430610208,True,0.01999968548018724
T27,edge,off_reconfiguration,-1,True,1.1746752648296893e-06,0.0006246432288446971,0.4973967295811496,0.1862367496298031,True,0.01999963458802831
T27,edge,off_reconfiguration,-1,True,1.6509663712809263e-06,0.000673991974554498,0.42310119329947765,0.1861078557980684,True,0.01999961542064138
T27,edge,off_reconfiguration,-1,True,1.072804112740702e-06,0.0005082298737600714,0.535488915143393,0.2046426769082496,True,0.01999964920368688
T27,edge,off_reconfiguration,-1,True,1.0669364104263293e-06,0.0006073655948952454,0.535488915143393,0.18201755429833408,True,0.019999683750691638
T27,edge,off_reconfiguration,-1,True,7.28767995297702e-07,0.0001995639968308106,0.5570005647185973,0.285780027939054,True,0.019999562069702465
T27,edge,off_reconfiguration,-1,True,7.203366230218362e-07,0.00019778454761488226,0.5446426152269697,0.2937571064431668,True,0.01999950930549743
T27,edge,off_reconfiguration,-1,True,6.645530158687699e-07,0.0001036095741167429,0.6106240783286179,0.3012991162790253,True,0.019999356785589534
T27,edge,off_reconfiguration,-1,True,9.725179768198296e-07,0.00027241668144459687,0.5080834497748509,0.2774201913920122,True,0.01999963321485368
T27,edge,off_reconfiguration,-1,True,1.9166466961678965e-07,9.713528019651261e-05,0.6817356202111502,0.34449874194616675,True,0.01999658128323739
T27,edge,off_reconfiguration,-1,True,1.9166466961678965e-07,9.713528019651261e-05,0.6936329978831944,0.3459036254593318,True,0.019996369824060417
T27,edge,off_reconfiguration,-1,True,1.9711597266009924e-07,0.0001276869796137196,0.6936329978831944,0.3348546628418923,True,0.019997756385603527
T27,edge,off_reconfiguration,-1,True,2.01501529899565e-07,9.713528019651261e-05,0.6779019938279393,0.33997152706379585,True,0.019997198005539646
T27,edge,off_reconfiguration,-1,True,5.651387841852334e-07,6.572393670280584e-05,0.7107104392232302,0.2969781966287048,True,0.019999507139650957
T27,edge,off_reconfiguration,-1,True,5.936073602093671e-07,4.3767871387363195e-05,0.696332261528649,0.2845694361143614,True,0.01999965009482854
T27,edge,off_reconfiguration,-1,True,5.60746970318865e-07,4.3767871387363195e-05,0.6985700948748464,0.28805037523986976,True,0.019999638507679024
T27,edge,off_reconfiguration,-1,True,4.5937963979973493e-07,7.106864345873956e-05,0.7107104392232302,0.29824500781081276,True,0.019999507139650957
T27,edge,off_reconfiguration,-1,True,1.7548765819194393e-07,8.118933992331278e-05,0.7068631795666699,0.34428435587506284,True,0.01999698463703864
T27,edge,off_reconfiguration,-1,True,1.7548765819194393e-07,7.444494962705206e-05,0.717508039834767,0.34428435587506284,True,0.01999698463703864
T27,edge,off_reconfiguration,-1,True,1.7548765819194393e-07,7.444494962705206e-05,0.7163118357773742,0.34428435587506284,True,0.01999698463703864
T27,edge,off_reconfiguration,-1,True,3.2915636738660725e-07,7.444494962705206e-05,0.717508039834767,0.3311997573116538,True,0.01999840661850516
T27,edge,off_reconfiguration,-1,True,1.4698180285411635e-07,2.4027320194202514e-05,0.6511475203152166,0.33884586175889514,True,0.01999715873121266
T27,edge,off_reconfiguration,-1,True,1.9895472883136778e-07,2.4027320194202514e-05,0.6406771192150805,0.32984081409183874,True,0.019998325200625833
T27,edge,off_reconfiguration,-1,True,1.6878778721659753e-07,5.332498234102691e-05,0.657131269853079,0.34204890301598573,True,0.01999715873121266
T27,edge,off_reconfiguration,-1,True,1.4698180285411635e-07,2.4027320194202514e-05,0.657131269853079,0.34204890301598573,True,0.01999715873121266
T27,edge,off_reconfiguration,-1,True,1.2183153553793475e-06,0.00033816227090925784,0.47457632195386723,0.25917831596585295,True,0.01999968271180047
T27,edge,off_reconfiguration,-1,True,1.167688493758155e-06,0.00029890370269317556,0.5133545807895439,0.260542239190713,True,0.019999663400703138
T27,edge,off_reconfiguration,-1,True,1.167688493758155e-06,0.00029890370269317556,0.5133545807895439,0.260542239190713,True,0.019999663400703138
T27,edge,off_reconfiguration,-1,True,1.3429889547472153e-06,0.0004096779263497535,0.4215837577388574,0.25656683091397187,True,0.01999972295720115
T27,edge,off_reconfiguration,-1,True,1.1866826797610195e-06,0.0007160570609778777,0.4937845120396136,0.1609662814747691,True,0.019999916088604658
T27,edge,off_reconfiguration,-1,True,1.1128853329273534e-06,0.0006623148716902876,0.547429802991736,0.16877837111444838,True,0.019999780763116454
T27,edge,off_reconfiguration,-1,True,1.3234337475566963e-06,0.0006623148716902876,0.547429802991736,0.15725649504325598,True,0.019999857917579134
T27,edge,off_reconfiguration,-1,True,1.1128853329273534e-06,0.0007306077873368526,0.4526625405356549,0.16877837111444838,True,0.019999780763116454
T27,edge,off_reconfiguration,-1,True,1.263956289882464e-06,0.0006116815989986131,0.6295862904591286,0.13583355307769102,True,0.020000184456641062
T27,edge,off_reconfiguration,-1,True,1.3526762585228307e-06,0.0007523397950904305,0.5852872950656364,0.13479664885651316,True,0.020000506828420583
T27,edge,off_reconfiguration,-1,True,1.3565175006846066e-06,0.0006116815989986131,0.6110020902991307,0.12173788382708269,True,0.020000658949766492
T27,edge,off_reconfiguration,-1,True,1.2860183009664408e-06,0.0006116815989986131,0.6295862904591286,0.13583355307769102,True,0.020000184456641062
T27,edge,off_reconfiguration,-1,True,1.1093975150198984e-06,0.00039655281447960235,0.5151385900493842,0.18159143249218676,True,0.019999567009207603
T27,edge,off_reconfiguration,-1,True,1.1093975150198984e-06,0.0004610267014081066,0.5151385900493842,0.17624449025299974,True,0.01999956602354211
T27,edge,off_reconfiguration,-1,True,1.1093975150198984e-06,0.00039655281447960235,0.5151385900493842,0.18159143249218676,True,0.0199996080702943
T27,edge,off_reconfiguration,-1,True,1.1093975150198984e-06,0.00041122475414430215,0.5151385900493842,0.18159143249218676,True,0.01999958893687212
T27,edge,off_reconfiguration,-1,True,6.647531000641229e-07,5.616766518325544e-05,0.679263897326246,0.27394966789019953,True,0.019999706793106226
T27,edge,off_reconfiguration,-1,True,6.647531000641229e-07,6.366770461126312e-05,0.6736256977427639,0.26492304037195136,True,0.019999721152115124
T27,edge,off_reconfiguration,-1,True,6.647531000641229e-07,5.616766518325544e-05,0.679263897326246,0.27394966789019953,True,0.019999706793106226
T27,edge,off_reconfiguration,-1,True,7.000873209458e-07,5.616766518325544e-05,0.679263897326246,0.27394966789019953,True,0.019999706793106226
T27,edge,off_reconfiguration,-1,True,6.647087298545108e-07,0.0001754146470793,0.6067085990196521,0.24269960303205548,True,0.019999754590876107
T27,edge,off_reconfiguration,-1,True,5.788176104081335e-07,0.0001899392132397363,0.5735774399362231,0.23567682178989846,True,0.01999975899595624
T27,edge,off_reconfiguration,-1,True,5.792210916273822e-07,0.0001661088981835818,0.591724017246269,0.24192874038291373,True,0.019999758396036876
T27,edge,off_reconfiguration,-1,True,7.033085324307329e-07,0.0001589189047099754,0.6067085990196521,0.24269960303205548,True,0.019999750572725322
T27,edge,off_reconfiguration,-1,True,1.6602963986989573e-06,0.0006650145911064599,0.42324677897482266,0.14826921614766386,True,0.01999969841047361
T27,edge,off_reconfiguration,-1,True,2.0263059793769917e-06,0.0006866548528298017,0.37220854896845434,0.1416629698630706,True,0.01999969841047361
T27,edge,off_reconfiguration,-1,True,1.8388098349109674e-06,0.0007481473826845017,0.3750109277536397,0.13632366915356292,True,0.019999904008471403
T27,edge,off_reconfiguration,-1,True,1.5127665862614982e-06,0.0006433250992478776,0.4462956680166872,0.14826921614766386,True,0.01999969841047361
T27,edge,off_reconfiguration,-1,True,1.3565175006846066e-06,0.0005462089884227636,0.6110020902991307,0.12173788382708269,True,0.020000658949766492
T27,edge,off_reconfiguration,-1,True,1.3320743522700513e-06,0.0005113469829151309,0.6277625802278544,0.1258845902001151,True,0.020000264403437717
T27,edge,off_reconfiguration,-1,True,1.3679103530328776e-06,0.0004887747867978108,0.5964656521893847,0.11269615988451435,True,0.020001032339338448
T27,edge,off_reconfiguration,-1,True,1.3553063167081437e-06,0.0004887747867978108,0.6277625802278544,0.1258845902001151,True,0.020000264403437717
T27,edge,off_reconfiguration,-1,True,1.1746752648296893e-06,0.0007306077873368526,0.4526625405356549,0.1728694348038371,True,0.01999972989727694
T27,edge,off_reconfiguration,-1,True,1.1128853329273534e-06,0.0007306077873368526,0.4526625405356549,0.16877837111444838,True,0.019999780763116454
T27,edge,off_reconfiguration,-1,True,1.1866826797610195e-06,0.0007306077873368526,0.4526625405356549,0.1609662814747691,True,0.019999916088604658
T27,edge,off_reconfiguration,-1,True,1.6509663712809263e-06,0.0007306077873368526,0.42310119329947765,0.1728694348038371,True,0.01999972989727694
T27,edge,off_reconfiguration,-1,True,9.725179768198296e-07,0.00027241668144459687,0.5080834497748509,0.2774201913920122,True,0.01999963321485368
T27,edge,off_reconfiguration,-1,True,1.1013688515066567e-06,0.0003677247794850062,0.4397900321435447,0.26417304291146987,True,0.019999707938908817
T27,edge,off_reconfiguration,-1,True,9.725179768198296e-07,0.00027241668144459687,0.5080834497748509,0.2774201913920122,True,0.01999963321485368
T27,edge,off_reconfiguration,-1,True,1.3429889547472153e-06,0.0004096779263497535,0.4215837577388574,0.25656683091397187,True,0.01999972295720115
T27,edge,off_reconfiguration,-1,True,1.6878778721659753e-07,5.332498234102691e-05,0.6656021946073066,0.34501043283852634,True,0.019995441657420038
T27,edge,off_reconfiguration,-1,True,1.0726392941932657e-07,1.5201007603895789e-05,0.6511475203152166,0.33884586175889514,True,0.01999705792427081
T27,edge,off_reconfiguration,-1,True,1.0437842779433629e-07,1.878302021753515e-05,0.6537239329143983,0.33564574003913433,True,0.019996555265141047
T27,edge,off_reconfiguration,-1,True,1.4698180285411635e-07,2.4027320194202514e-05,0.657131269853079,0.34204890301598573,True,0.01999715873121266
T27,edge,off_reconfiguration,-1,True,1.5615491240178437e-07,5.6825675666196365e-05,0.7163118357773742,0.34829166867667744,True,0.019996633007925757
T27,edge,off_reconfiguration,-1,True,1.7548765819194393e-07,7.444494962705206e-05,0.717508039834767,0.34428435587506284,True,0.01999698463703864
T27,edge,off_reconfiguration,-1,True,1.5615491240178437e-07,8.118933992331278e-05,0.7068631795666699,0.3480214841474133,True,0.019996633007925757
T27,edge,off_reconfiguration,-1,True,1.7301608068199447e-07,4.895630700474749e-05,0.7277870295561466,0.34829166867667744,True,0.019996633007925757
T27,edge,off_reconfiguration,-1,True,4.958062442463377e-07,1.9931546459655188e-05,0.728500567110434,0.30665088699260606,True,0.01999946117691545
T27,edge,off_reconfiguration,-1,True,4.958062442463377e-07,1.5056462251787269e-05,0.7289688218660855,0.30665088699260606,True,0.01999946117691545
T27,edge,off_reconfiguration,-1,True,5.359370436036375e-07,0.00022172486799241315,0.7289688218660855,0.2990247293415524,True,0.01999959363566564
T27,edge,off_reconfiguration,-1,True,4.958062442463377e-07,1.7203062292734435e-05,0.7289688218660855,0.30665088699260606,True,0.01999946117691545
T27,edge,off_reconfiguration,-1,True,1.096094119751623e-07,2.9464469482568416e-05,0.7085118376731224,0.36535298168478697,True,0.019992111365663395
T27,edge,off_reconfiguration,-1,True,1.3533806859749262e-07,2.9464469482568416e-05,0.7220952090542606,0.36125822002029345,True,0.01999449534698755
T27,edge,off_reconfiguration,-1,True,1.4100773550697313e-07,4.859764791087594e-05,0.6990320633200555,0.362799080484431,True,0.01999240588878065
T27,edge,off_reconfiguration,-1,True,1.4547320537247588e-07,3.7855980731456274e-05,0.6983619070807905,0.3615192811511635,True,0.019992111365663395
T27,edge,off_reconfiguration,-1,True,8.175537851947712e-08,2.745383470411562e-05,0.6462072602189688,0.3329772802032036,True,0.019997154013241064
T27,edge,off_reconfiguration,-1,True,1.0726392941932657e-07,2.745383470411562e-05,0.6462072602189688,0.3329772802032036,True,0.019997154013241064
T27,edge,off_reconfiguration,-1,True,1.0437842779433629e-07,2.745383470411562e-05,0.6462072602189688,0.3329772802032036,True,0.019997154013241064
T27,edge,off_reconfiguration,-1,True,1.1835094019776584e-07,5.470817376473804e-05,0.6462072602189688,0.3248430046781376,True,0.019997934003683826
T27,edge,off_reconfiguration,-1,True,1.3429889547472153e-06,0.0004096779263497535,0.4215837577388574,0.25656683091397187,True,0.01999972295720115
T27,edge,off_reconfiguration,-1,True,1.3429889547472153e-06,0.0004096779263497535,0.4215837577388574,0.25656683091397187,True,0.01999972295720115
T27,edge,off_reconfiguration,-1,True,1.3429889547472153e-06,0.0004096779263497535,0.4215837577388574,0.25656683091397187,True,0.01999972295720115
T27,edge,off_reconfiguration,-1,True,1.3429889547472153e-06,0.0004096779263497535,0.4215837577388574,0.25656683091397187,True,0.01999972295720115
T27,edge,off_reconfiguration,-1,True,1.2348844973743587e-06,0.0007746668025675338,0.42173030497166164,0.15404079608481067,True,0.020000123820338972
T27,edge,off_reconfiguration,-1,True,1.209604474631411e-06,0.000745029418137586,0.44247241800809933,0.15404079608481067,True,0.020000123820338972
T27,edge,off_reconfiguration,-1,True,1.209604474631411e-06,0.000745029418137586,0.44247241800809933,0.15404079608481067,True,0.020000123820338972
T27,edge,off_reconfiguration,-1,True,1.4596184363259018e-06,0.000745029418137586,0.44247241800809933,0.13687230901067027,True,0.02000034738792289
T27,edge,off_reconfiguration,-1,True,1.3679103530328776e-06,0.000482290679688916,0.5882255802257425,0.11146655665457028,True,0.020001316153650472
T27,edge,off_reconfiguration,-1,True,1.3565175006846066e-06,0.0005462089884227636,0.5882255802257425,0.11146655665457028,True,0.020001316153650472
T27,edge,off_reconfiguration,-1,True,1.3376571463343287e-06,0.0004887747867978108,0.5882255802257425,0.11146655665457028,True,0.020001316153650472
T27,edge,off_reconfiguration,-1,True,1.6012626070558047e-06,0.0005693505282750211,0.5293085852713107,0.09613633100895713,True,0.02000362238399786
T27,edge,off_reconfiguration,-1,True,2.0263059793769917e-06,0.0007481473826845017,0.37220854896845434,0.13632366915356292,True,0.019999904008471403
T27,edge,off_reconfiguration,-1,True,2.0263059793769917e-06,0.0006866548528298017,0.37220854896845434,0.1416629698630706,True,0.019999553564544498
T27,edge,off_reconfiguration,-1,True,2.0263059793769917e-06,0.0006866548528298017,0.37220854896845434,0.1416629698630706,True,0.01999969841047361
T27,edge,off_reconfiguration,-1,True,4.715867108574241e-06,0.0009325795761734079,0.2745942930954049,0.1354675269294595,True,0.019999553564544498
T27,edge,off_reconfiguration,-1,True,6.647087298545108e-07,0.0001754146470793,0.591724017246269,0.24192874038291373,True,0.019999758396036876
T27,edge,off_reconfiguration,-1,True,5.792210916273822e-07,0.0001899392132397363,0.5735774399362231,0.23567682178989846,True,0.01999975899595624
T27,edge,off_reconfiguration,-1,True,5.792210916273822e-07,0.0001661088981835818,0.591724017246269,0.24192874038291373,True,0.019999758396036876
T27,edge,off_reconfiguration,-1,True,6.13139713151027e-07,0.0001916641020368152,0.5824865692088136,0.24192874038291373,True,0.019999758396036876
T27,edge,off_reconfiguration,-1,True,5.003393256146346e-07,6.78145694586673e-05,0.692870422877221,0.28054915863697893,True,0.019999694095832632
T27,edge,off_reconfiguration,-1,True,6.307536516361672e-07,7.626354302057493e-05,0.692870422877221,0.28054915863697893,True,0.019999694095832632
T27,edge,off_reconfiguration,-1,True,6.541051403114479e-07,0.0001223699205935668,0.6430663813844342,0.2599569873006897,True,0.019999735614601083
T27,edge,off_reconfiguration,-1,True,5.733762711605799e-07,8.101407698086119e-05,0.692870422877221,0.27982920792455285,True,0.01999969952159228
T27,edge,off_reconfiguration,-1,True,1.1611882656744816e-06,0.0005193590073844217,0.39346226303155735,0.18664561750753403,True,0.019999830494500104
T27,edge,off_reconfiguration,-1,True,3.4485542942947953e-06,0.0008917362270506871,0.2799534131180512,0.16384599197092564,True,0.02000029951739629
T27,edge,off_reconfiguration,-1,True,1.1611882656744816e-06,0.0005193590073844217,0.39346226303155735,0.18664561750753403,True,0.019999830494500104
T27,edge,off_reconfiguration,-1,True,1.1611882656744816e-06,0.0005193590073844217,0.39346226303155735,0.18664561750753403,True,0.019999846199249965
T27,edge,off_reconfiguration,-1,True,1.8101988443757776e-06,0.0010220783172659408,0.38664678788605406,0.10216604877526547,True,0.020005318203237893
T27,edge,off_reconfiguration,-1,True,1.8101988443757776e-06,0.0014076894464358366,0.26329483496414235,0.09503528386111593,True,0.02001147343054288
T27,edge,off_reconfiguration,-1,True,1.8101988443757776e-06,0.0009892599013103924,0.40046363611283325,0.10216604877526547,True,0.020005299250138914
T27,edge,off_reconfiguration,-1,True,1.8101988443757776e-06,0.0009892599013103924,0.40046363611283325,0.08774795886502111,True,0.020006778110463003
T27,edge,off_reconfiguration,-1,True,1.7157188735828505e-06,0.0004326316305811901,0.5739006033491585,0.11294115230575129,True,0.02000077471022718
T27,edge,off_reconfiguration,-1,True,2.118790865840688e-06,0.0004326316305811901,0.5535872651737056,0.11070810288110083,True,0.020000922852614983
T27,edge,off_reconfiguration,-1,True,1.9660113440507567e-06,0.0004809178949803945,0.5204445802376544,0.1148019823588225,True,0.02000081320210259
T27,edge,off_reconfiguration,-1,True,1.7130776429198553e-06,0.0005781258127069106,0.5351331868984348,0.1148019823588225,True,0.02000073743140318
T27,edge,off_reconfiguration,-1,True,4.17503442904213e-06,0.0010835877703943987,0.2790193982927691,0.1698247429226044,True,0.019999571334488098
T27,edge,off_reconfiguration,-1,True,8.22480837185293e-06,0.00154445387192265,0.20270711619813817,0.16675724067073808,True,0.019999388588091666
T27,edge,off_reconfiguration,-1,True,4.17503442904213e-06,0.0010606583641694478,0.2790193982927691,0.17359506672872074,True,0.019999559662985666
T27,edge,off_reconfiguration,-1,True,4.17503442904213e-06,0.0010606583641694478,0.2790193982927691,0.1728694348038371,True,0.01999972989727694
T27,edge,off_reconfiguration,-1,True,6.454150756067347e-07,0.0002715362621968565,0.4811308925386032,0.29019807134715164,True,0.019999593393449505
T27,edge,off_reconfiguration,-1,True,5.945332291419523e-07,0.00025434288062777324,0.4711440887520755,0.29387867715002375,True,0.019999582842159996
T27,edge,off_reconfiguration,-1,True,5.945332291419523e-07,0.0002470550093565113,0.4944310599547857,0.2942402981019683,True,0.019999557708153287
T27,edge,off_reconfiguration,-1,True,7.203366230218362e-07,0.0002470550093565113,0.4944310599547857,0.2937571064431668,True,0.019999557708153287
T27,edge,off_reconfiguration,-1,True,6.918772018034742e-08,1.3976876963794299e-05,0.6849827536930739,0.342574046097324,True,0.01999351001490407
T27,edge,off_reconfiguration,-1,True,4.3876576069102565e-07,0.00017678887848921533,0.6849827536930739,0.33776325524072065,True,0.01999487330911051
T27,edge,off_reconfiguration,-1,True,9.508968759647467e-08,2.4759435741296416e-05,0.6849827536930739,0.342574046097324,True,0.01999351001490407
T27,edge,off_reconfiguration,-1,True,1.3528018150606936e-07,4.59215947798498e-05,0.6849827536930739,0.3372014492527794,True,0.019995384976958935
T27,edge,off_reconfiguration,-1,True,1.7301608068199447e-07,9.313570918021479e-06,0.7539163923756584,0.35528212895942807,True,0.019996061800359344
T27,edge,off_reconfiguration,-1,True,1.8806705480330796e-07,1.2576871163780067e-05,0.7539163923756584,0.36125822002029345,True,0.01999468792492129
T27,edge,off_reconfiguration,-1,True,2.692378452231934e-07,2.9240968383187953e-05,0.7539163923756584,0.3562044902566021,True,0.019996561361709297
T27,edge,off_reconfiguration,-1,True,1.3533806859749262e-07,2.9464469482568416e-05,0.7220952090542606,0.36125822002029345,True,0.01999449534698755
T27,edge,off_reconfiguration,-1,True,5.384730865583852e-07,0.00022172486799241315,0.7446847223551905,0.29260917350368754,True,0.019999649861389746
T27,edge,off_reconfiguration,-1,True,5.359370436036375e-07,0.00022172486799241315,0.7446847223551905,0.2983072406477194,True,0.01999961447202267
T27,edge,off_reconfiguration,-1,True,6.307536516361672e-07,0.00022172486799241315,0.730164416020305,0.28790670920353323,True,0.019999668319344632
T27,edge,off_reconfiguration,-1,True,6.130681864058016e-07,0.00022172486799241315,0.7446847223551905,0.2976375991599132,True,0.019999627074668735
T27,edge,off_reconfiguration,-1,True,1.9155277350302438e-07,3.656304953348295e-05,0.7793290545144111,0.3588877205693887,True,0.019996201094062638
T27,edge,off_reconfiguration,-1,True,2.692378452231934e-07,2.9240968383187953e-05,0.7793290545144111,0.3562044902566021,True,0.019996561361709297
T27,edge,off_reconfiguration,-1,True,1.8806705480330796e-07,1.2576871163780067e-05,0.7539163923756584,0.36125822002029345,True,0.01999468792492129
T27,edge,off_reconfiguration,-1,True,1.8806705480330796e-07,1.2576871163780067e-05,0.7599791161377935,0.35528212895942807,True,0.019996061800359344
T27,edge,off_reconfiguration,-1,True,9.508968759647467e-08,2.4759435741296416e-05,0.6946429120495768,0.34409437915483193,True,0.01999257048097572
T27,edge,off_reconfiguration,-1,True,4.3876576069102565e-07,0.00017678887848921533,0.6962575825446099,0.33776325524072065,True,0.01999487330911051
T27,edge,off_reconfiguration,-1,True,9.508968759647467e-08,3.9670627155036404e-05,0.711116537096077,0.34409437915483193,True,0.01999257048097572
T27,edge,off_reconfiguration,-1,True,1.3092787844642922e-07,3.0390024666916156e-05,0.711116537096077,0.34409437915483193,True,0.01999257048097572
T27,edge,off_reconfiguration,-1,True,3.4991003561044225e-07,0.00025434288062777324,0.4711440887520755,0.29387867715002375,True,0.019999582842159996
T27,edge,off_reconfiguration,-1,True,2.6106895416823743e-07,0.00017560154344272864,0.5264413379603506,0.30391661062988895,True,0.019999431988663025
T27,edge,off_reconfiguration,-1,True,5.945332291419523e-07,0.0002470550093565113,0.4944310599547857,0.2942402981019683,True,0.019999557708153287
T27,edge,off_reconfiguration,-1,True,2.6106895416823743e-07,0.00017560154344272864,0.5264413379603506,0.30391661062988895,True,0.019999431988663025
T27,edge,off_reconfiguration,-1,True,1.2822047522963214e-05,0.0013599333196335408,0.18929943098552376,0.17359506672872074,True,0.019999388588091666
T27,edge,off_reconfiguration,-1,True,1.2822047522963214e-05,0.0013599333196335408,0.18929943098552376,0.1861078557980684,True,0.019999559662985666
T27,edge,off_reconfiguration,-1,True,1.2822047522963214e-05,0.0013599333196335408,0.18929943098552376,0.1864343779054669,True,0.019999608846469397
T27,edge,off_reconfiguration,-1,True,1.2822047522963214e-05,0.0013599333196335408,0.18929943098552376,0.1698247429226044,True,0.019999571334488098
T27,edge,off_reconfiguration,-1,True,2.118790865840688e-06,0.0004809178949803945,0.5204445802376544,0.11070810288110083,True,0.020000922852614983
T27,edge,off_reconfiguration,-1,True,1.9846398307725473e-06,0.0004809178949803945,0.48627256017654397,0.11925004524142693,True,0.02000081320210259
T27,edge,off_reconfiguration,-1,True,1.9660113440507567e-06,0.0004809178949803945,0.5204445802376544,0.1148019823588225,True,0.02000081320210259
T27,edge,off_reconfiguration,-1,True,1.9660113440507567e-06,0.0007105464169046903,0.4631055376874191,0.11925004524142693,True,0.02000081320210259
T27,edge,off_reconfiguration,-1,True,1.8008148469534157e-06,0.0008863597401965432,0.40312541328844026,0.08660971353513462,True,0.020006778110463003
T27,edge,off_reconfiguration,-1,True,1.8008148469534157e-06,0.0006995407799540166,0.459623696392117,0.08660971353513462,True,0.020005888327608745
T27,edge,off_reconfiguration,-1,True,1.9483090092119704e-06,0.0006995407799540166,0.459623696392117,0.07757427703069233,True,0.020005888327608745
T27,edge,off_reconfiguration,-1,True,1.8008148469534157e-06,0.0006995407799540166,0.459623696392117,0.08660971353513462,True,0.020005888327608745
T27,edge,off_reconfiguration,-1,True,6.78143986205421e-06,0.0010449743003135953,0.23528887630846654,0.1428727302933598,True,0.01999975464046172
T27,edge,off_reconfiguration,-1,True,6.78143986205421e-06,0.0010449743003135953,0.23528887630846654,0.1354675269294595,True,0.01999975464046172
T27,edge,off_reconfiguration,-1,True,6.78143986205421e-06,0.0010449743003135953,0.23528887630846654,0.1428727302933598,True,0.02000029951739629
T27,edge,off_reconfiguration,-1,True,6.78143986205421e-06,0.0010449743003135953,0.23528887630846654,0.1428727302933598,True,0.01999975464046172
T27,edge,off_reconfiguration,-1,True,6.46263855000491e-07,0.0001916641020368152,0.5824865692088136,0.24265335991196335,True,0.019999754681671006
T27,edge,off_reconfiguration,-1,True,6.541051403114479e-07,0.00016597280629833126,0.5948662606835168,0.2463045043990588,True,0.01999974621381681
T27,edge,off_reconfiguration,-1,True,6.46263855000491e-07,0.00016597280629833126,0.5948662606835168,0.2463045043990588,True,0.019999749321461646
T27,edge,off_reconfiguration,-1,True,7.134237090071698e-07,0.00017806247164879014,0.5579799218790228,0.23616185435551051,True,0.01999974621381681
T27,edge,off_reconfiguration,-1,True,6.307536516361672e-07,8.101407698086119e-05,0.7194181007380855,0.27982920792455285,True,0.01999969952159228
T27,edge,off_reconfiguration,-1,True,5.733762711605799e-07,8.101407698086119e-05,0.7194181007380855,0.27982920792455285,True,0.01999969952159228
T27,edge,off_reconfiguration,-1,True,5.733762711605799e-07,0.00022172486799241315,0.7194181007380855,0.27982920792455285,True,0.01999969952159228
T27,edge,off_reconfiguration,-1,True,5.733762711605799e-07,8.101407698086119e-05,0.7006865446357406,0.27982920792455285,True,0.01999969952159228
T27,edge,off_reconfiguration,-1,True,4.87740328952456e-07,0.0005581002803065187,0.3471510308654355,0.19403413428471575,True,0.01999991024656983
T27,edge,off_reconfiguration,-1,True,4.0760298474243724e-07,0.0005581002803065187,0.3471510308654355,0.19403413428471575,True,0.01999991024656983
T27,edge,off_reconfiguration,-1,True,9.565952436940796e-07,0.0005581002803065187,0.3471510308654355,0.19113219534280054,True,0.01999991024656983
T27,edge,off_reconfiguration,-1,True,1.1611882656744816e-06,0.0005581002803065187,0.3471510308654355,0.18664561750753403,True,0.01999991024656983
T27,edge,off_reconfiguration,-1,True,2.759970318496557e-06,0.0017047972075150953,0.20134182391257768,0.08391533283146674,True,0.020009427539664393
T27,edge,off_reconfiguration,-1,True,2.0211158586773987e-06,0.001220462484249927,0.2729301465218742,0.08391533283146674,True,0.020009427539664393
T27,edge,off_reconfiguration,-1,True,2.0211158586773987e-06,0.0014076894464358366,0.26329483496414235,0.08391533283146674,True,0.02001147343054288
T27,edge,off_reconfiguration,-1,True,2.0211158586773987e-06,0.001220462484249927,0.2729301465218742,0.08391533283146674,True,0.020009427539664393
T27,edge,off_reconfiguration,-1,True,2.205524912715481e-06,0.00031467437421389986,0.5496954591441215,0.0859036021324874,True,0.02000224188775765
T27,edge,off_reconfiguration,-1,True,2.205524912715481e-06,0.00036963764947829176,0.5620427757297705,0.09258497366493636,True,0.02000180892143369
T27,edge,off_reconfiguration,-1,True,2.205524912715481e-06,0.000408745414916864,0.5535872651737056,0.09258497366493636,True,0.02000129865331371
T27,edge,off_reconfiguration,-1,True,2.205524912715481e-06,0.0004224230080699076,0.5661116807196362,0.09258497366493636,True,0.02000129865331371
T27,edge,off_reconfiguration,-1,True,1.379968615534978e-06,0.0011556137750350969,0.2600880084535043,0.1408244700174753,True,0.020000652533798235
T27,edge,off_reconfiguration,-1,True,1.5751731837091379e-06,0.0011556137750350969,0.2600880084535043,0.14662497758031948,True,0.020000662950804216
T27,edge,off_reconfiguration,-1,True,1.5516560906952197e-06,0.0011556137750350969,0.2600880084535043,0.13725732817504396,True,0.020000652533798235
T27,edge,off_reconfiguration,-1,True,1.9846398307725473e-06,0.0011556137750350969,0.2600880084535043,0.12298407338044842,True,0.020000751933767297
T27,edge,off_reconfiguration,-1,True,1.1205326106067452e-06,0.0006549351008023268,0.28164968205781293,0.258063252519409,True,0.019999796992375002
T27,edge,off_reconfiguration,-1,True,5.188164453498174e-07,0.00038080123155619024,0.3609420009490887,0.2750185168625977,True,0.019999705359230874
T27,edge,off_reconfiguration,-1,True,6.454150756067347e-07,0.00038080123155619024,0.3609420009490887,0.2750185168625977,True,0.019999705359230874
T27,edge,off_reconfiguration,-1,True,5.945332291419523e-07,0.00038080123155619024,0.3609420009490887,0.2750185168625977,True,0.019999705359230874
T27,edge,off_reconfiguration,-1,True,2.9600065527536384e-07,6.963360272492761e-05,0.6580391469410556,0.3203708409698409,True,0.019998490600663082
T27,edge,off_reconfiguration,-1,True,2.3451093525153448e-07,5.761548980404436e-05,0.6474517432448842,0.3248430046781376,True,0.019997934003683826
T27,edge,off_reconfiguration,-1,True,4.3876576069102565e-07,0.00017678887848921533,0.6895900799759377,0.32705378582767036,True,0.019997635947314463
T27,edge,off_reconfiguration,-1,True,2.3451093525153448e-07,5.761548980404436e-05,0.6895900799759377,0.32705378582767036,True,0.019997635947314463
T27,edge,off_reconfiguration,-1,True,1.4039874612509196e-07,3.475393618684e-05,0.7458408131195695,0.3627828430285903,True,0.01999046918587083
T27,edge,off_reconfiguration,-1,True,1.4039874612509196e-07,3.475393618684e-05,0.742198522268988,0.36595328366190244,True,0.01999046918587083
T27,edge,off_reconfiguration,-1,True,1.4039874612509196e-07,3.475393618684e-05,0.7104847293212713,0.3603513458206654,True,0.01999046918587083
T27,edge,off_reconfiguration,-1,True,1.4039874612509196e-07,3.475393618684e-05,0.7437001335046842,0.3490471131116793,True,0.019991229941538097
T27,edge,off_reconfiguration,-1,True,4.2300106247871047e-07,4.561101422904789e-05,0.7868501047705263,0.3284125669750928,True,0.0199990953042212
T27,edge,off_reconfiguration,-1,True,4.732738756293277e-07,4.561101422904789e-05,0.7709003212523926,0.3262144465804878,True,0.0199990953042212
T27,edge,off_reconfiguration,-1,True,3.910943592903054e-07,4.561101422904789e-05,0.7563563748028135,0.3284125669750928,True,0.0199990953042212
T27,edge,off_reconfiguration,-1,True,4.292852191039753e-07,4.561101422904789e-05,0.7425602324076536,0.321925374443521,True,0.0199990953042212
T27,edge,off_reconfiguration,-1,True,6.130681864058016e-07,7.297142969780847e-05,0.7649349634623265,0.2976375991599132,True,0.019999627074668735
T27,edge,off_reconfiguration,-1,True,5.384730865583852e-07,6.762620276563092e-05,0.75243330880082,0.29260917350368754,True,0.019999649861389746
T27,edge,off_reconfiguration,-1,True,5.359370436036375e-07,0.00022172486799241315,0.7446847223551905,0.2983072406477194,True,0.01999961447202267
T27,edge,off_reconfiguration,-1,True,6.307536516361672e-07,7.626354302057493e-05,0.730164416020305,0.28790670920353323,True,0.019999668319344632
T27,edge,off_reconfiguration,-1,True,3.074712881548853e-05,0.004000553368328754,0.7187640618929593,0.2528618305915106,True,0.019999685769393705
T27,edge,off_reconfiguration,-1,True,3.074712881548853e-05,0.003335887570874473,0.7187640618929593,0.2561416517254123,True,0.019999684125156847
T27,edge,off_reconfiguration,-1,True,3.074712881548853e-05,0.002175518786799706,0.7088884318385446,0.2588940725908787,True,0.019999677884548622
T27,edge,off_reconfiguration,-1,True,3.074712881548853e-05,0.002175518786799706,0.7096317827675586,0.2552217347495373,True,0.019999680653402296
T27,edge,off_reconfiguration,-1,True,5.664819544886155e-07,0.00010259503447852651,0.7208269332525756,0.2637958672291456,True,0.019999676363932878
T27,edge,off_reconfiguration,-1,True,2.4430766570374954e-07,0.00011183783011299866,0.7202826622031524,0.2637958672291456,True,0.019999676363932878
T27,edge,off_reconfiguration,-1,True,5.271815479055751e-07,8.318927872140471e-05,0.7184541297271803,0.26122816335467947,True,0.019999686792241955
T27,edge,off_reconfiguration,-1,True,2.169960158046635e-05,0.003335887570874473,0.7216644724898671,0.2561416517254123,True,0.019999684125156847
T27,edge,off_reconfiguration,-1,True,5.533770382280154e-07,2.8902476314888416e-05,0.7088884318385446,0.2552217347495373,True,0.019999680653402296
T27,edge,off_reconfiguration,-1,True,3.074712881548853e-05,0.002175518786799706,0.7088884318385446,0.2588940725908787,True,0.019999677884548622
T27,edge,off_reconfiguration,-1,True,3.5530059324524515e-07,6.672556491794278e-05,0.6988241622955429,0.2635043291585007,True,0.019999666901259344
T27,edge,off_reconfiguration,-1,True,1.8167767680102908e-05,0.004000553368328754,0.7088884318385446,0.2528618305915106,True,0.019999685769393705
T27,edge,off_reconfiguration,-1,True,5.749845774863657e-07,0.0002878660893850597,0.6874943991914105,0.22468573332493758,True,0.019999672738654384
T27,edge,off_reconfiguration,-1,True,4.803072905966905e-07,0.0002470255028521654,0.6973880892485651,0.22708123455119592,True,0.01999968323186943
T27,edge,off_reconfiguration,-1,True,6.132364939728045e-07,0.00035364062963123605,0.7093764698048012,0.20786088245434362,True,0.019999672738654384
T27,edge,off_reconfiguration,-1,True,4.803072905966905e-07,0.0002578014729649379,0.7093764698048012,0.21922279641108083,True,0.019999672738654384
T27,edge,off_reconfiguration,-1,True,5.664819544886155e-07,0.00010259503447852651,0.7184541297271803,0.26122816335467947,True,0.019999686792241955
T27,edge,off_reconfiguration,-1,True,5.343018811873785e-07,5.9027813093334174e-05,0.7114073550165768,0.26049889841696533,True,0.01999969355839773
T27,edge,off_reconfiguration,-1,True,5.271815479055751e-07,8.318927872140471e-05,0.7184541297271803,0.26122816335467947,True,0.019999686792241955
T27,edge,off_reconfiguration,-1,True,5.271815479055751e-07,0.00011183783011299866,0.7184541297271803,0.26122816335467947,True,0.019999686792241955
T27,edge,off_reconfiguration,-1,True,2.7787879970739537e-07,0.00014820290772105975,0.7030724607857693,0.295290524780827,True,0.019999439312644002
T27,edge,off_reconfiguration,-1,True,2.7787879970739537e-07,0.0001664968064752976,0.7030724607857693,0.2988972942758878,True,0.01999937958686357
T27,edge,off_reconfiguration,-1,True,2.7787879970739537e-07,0.0001674789682737458,0.7030724607857693,0.2988972942758878,True,0.01999937958686357
T27,edge,off_reconfiguration,-1,True,2.7787879970739537e-07,0.00014820290772105975,0.6863928098573657,0.2988972942758878,True,0.01999937958686357
T27,edge,off_reconfiguration,-1,True,6.873772362311685e-07,0.00010291071771066453,0.686705189386246,0.2357426853113617,True,0.019999697788754628
T27,edge,off_reconfiguration,-1,True,5.343018811873785e-07,4.960711426981079e-05,0.7057499403477727,0.2458469647478457,True,0.019999697788754628
T27,edge,off_reconfiguration,-1,True,5.392608360741823e-07,0.00014884827946416793,0.7057499403477727,0.23510401958359467,True,0.019999697788754628
T27,edge,off_reconfiguration,-1,True,6.626026969903562e-07,0.00012620842325998597,0.684590916053062,0.23138999600414084,True,0.019999697788754628
T27,edge,off_reconfiguration,-1,True,6.427700672291477e-07,0.00035364062963123605,0.7123306623244523,0.20419318629339667,True,0.019999643033472653
T27,edge,off_reconfiguration,-1,True,8.40831803140898e-07,0.00043605355408682015,0.687512662572014,0.20205701022567502,True,0.019999643178624904
T27,edge,off_reconfiguration,-1,True,8.102549188952939e-07,0.00041946795058905834,0.7111303138873405,0.19161200272044518,True,0.019999643033472653
T27,edge,off_reconfiguration,-1,True,7.994920139098624e-07,0.0004209372495290942,0.7123008334642241,0.190742282745064,True,0.019999643033472653
T27,edge,off_reconfiguration,-1,True,5.089965188938659e-07,4.855262923709963e-05,0.6679025291120476,0.2833372757330623,True,0.019999563723978597
T27,edge,off_reconfiguration,-1,True,5.089965188938659e-07,6.672556491794278e-05,0.6848639250190085,0.27585720066712655,True,0.019999617699955174
T27,edge,off_reconfiguration,-1,True,6.729601615389584e-07,4.855262923709963e-05,0.6771206852388353,0.27047539885964955,True,0.01999963723902512
T27,edge,off_reconfiguration,-1,True,8.08913148071313e-07,8.989389167863253e-05,0.6372466250844816,0.28166696166731664,True,0.019999571085274503
T27,edge,off_reconfiguration,-1,True,7.560358406803681e-07,0.00013663312871738684,0.6475787520371042,0.2545711720343758,True,0.019999669043106322
T27,edge,off_reconfiguration,-1,True,1.000638837365294e-06,0.0001741886560594658,0.6186456739561754,0.2545711720343758,True,0.019999669043106322
T27,edge,off_reconfiguration,-1,True,8.968534825630175e-07,0.0002061770552126899,0.6166786730691871,0.24385798644391246,True,0.019999669043106322
T27,edge,off_reconfiguration,-1,True,7.560358406803681e-07,0.00013663312871738684,0.6475787520371042,0.2545711720343758,True,0.019999669043106322
T27,edge,off_reconfiguration,-1,True,8.102549188952939e-07,0.0004209372495290942,0.7111303138873405,0.190742282745064,True,0.019999613909128328
T27,edge,off_reconfiguration,-1,True,7.994920139098624e-07,0.0004209372495290942,0.7123008334642241,0.190742282745064,True,0.019999634020665846
T27,edge,off_reconfiguration,-1,True,7.994920139098624e-07,0.0004209372495290942,0.6999520691321548,0.1772838618775823,True,0.01999961176888554
T27,edge,off_reconfiguration,-1,True,7.994920139098624e-07,0.0004209372495290942,0.7123008334642241,0.190742282745064,True,0.019999643033472653
T27,edge,off_reconfiguration,-1,True,6.873772362311685e-07,0.00012620842325998597,0.684590916053062,0.23138999600414084,True,0.019999689737803472
T27,edge,off_reconfiguration,-1,True,6.873772362311685e-07,0.00010291071771066453,0.686705189386246,0.2357426853113617,True,0.019999697788754628
T27,edge,off_reconfiguration,-1,True,6.873772362311685e-07,0.00014884827946416793,0.686705189386246,0.23510401958359467,True,0.019999689737803472
T27,edge,off_reconfiguration,-1,True,7.869856367421178e-07,0.0001276784162439265,0.6524689769414341,0.2357426853113617,True,0.019999707955509483
T27,edge,off_reconfiguration,-1,True,2.5135750338918373e-07,0.0001674789682737458,0.7060354786326245,0.3089076734513181,True,0.019999181125391147
T27,edge,off_reconfiguration,-1,True,3.036626666843945e-07,0.0001674789682737458,0.7117233206773019,0.29569421506418486,True,0.01999946509223499
T27,edge,off_reconfiguration,-1,True,2.3962766886526135e-07,0.0001674789682737458,0.7039975835815911,0.3089076734513181,True,0.019999181125391147
T27,edge,off_reconfiguration,-1,True,2.7787879970739537e-07,0.0001674789682737458,0.7030724607857693,0.2988972942758878,True,0.01999937958686357
T27,edge,off_reconfiguration,-1,True,2.4481728699053663e-07,0.00013398535078332696,0.6901204522470665,0.32401877660396194,True,0.019998529553465094
T27,edge,off_reconfiguration,-1,True,2.4481728699053663e-07,0.0001498950333693177,0.6943279416865871,0.3234271456314034,True,0.019998588401398787
T27,edge,off_reconfiguration,-1,True,2.619066474735086e-07,0.00013398535078332696,0.6863928098573657,0.31738597770193067,True,0.01999885273477478
T27,edge,off_reconfiguration,-1,True,2.4481728699053663e-07,0.00013398535078332696,0.6870611660793086,0.32401877660396194,True,0.019998529553465094
T27,edge,off_reconfiguration,-1,True,5.374006672483141e-07,7.016544328395928e-05,0.7063377236466697,0.2801105098261861,True,0.019999645326545218
T27,edge,off_reconfiguration,-1,True,7.000873209458e-07,6.165522706601063e-05,0.6967929320724804,0.277041022754688,True,0.01999967370235542
T27,edge,off_reconfiguration,-1,True,5.577237166494533e-07,6.165522706601063e-05,0.7063377236466697,0.2801105098261861,True,0.019999645326545218
T27,edge,off_reconfiguration,-1,True,5.651387841852334e-07,6.572393670280584e-05,0.7063377236466697,0.2801105098261861,True,0.019999645326545218
T27,edge,off_reconfiguration,-1,True,7.090229218167633e-07,0.0003658208368068969,0.6536758618048624,0.19637255477749335,True,0.019999630754341857
T27,edge,off_reconfiguration,-1,True,7.090229218167633e-07,0.0003658208368068969,0.6401474872146758,0.19637255477749335,True,0.01999961516971785
T27,edge,off_reconfiguration,-1,True,7.495776277714565e-07,0.00041122475414430215,0.6134135308143337,0.18857828162260554,True,0.01999961516971785
T27,edge,off_reconfiguration,-1,True,7.090229218167633e-07,0.0003658208368068969,0.6536758618048624,0.19637255477749335,True,0.019999653474658402
T27,edge,off_reconfiguration,-1,True,9.287542340969033e-07,0.00047999318404137915,0.6907565723341041,0.1772838618775823,True,0.019999620685435288
T27,edge,off_reconfiguration,-1,True,9.287542340969033e-07,0.00047999318404137915,0.6907565723341041,0.18347818316332457,True,0.019999620685435288
T27,edge,off_reconfiguration,-1,True,1.1220690918546326e-06,0.0004998857458015983,0.6885973456923028,0.1661614594190424,True,0.019999620685435288
T27,edge,off_reconfiguration,-1,True,9.287542340969033e-07,0.00047999318404137915,0.687512662572014,0.18347818316332457,True,0.019999643178624904
T27,edge,off_reconfiguration,-1,True,1.000638837365294e-06,0.0001741886560594658,0.6186456739561754,0.2572845494879417,True,0.019999662822432568
T27,edge,off_reconfiguration,-1,True,1.000638837365294e-06,0.0001741886560594658,0.6186456739561754,0.2545711720343758,True,0.019999669043106322
T27,edge,off_reconfiguration,-1,True,1.000638837365294e-06,0.0002061770552126899,0.6166786730691871,0.24385798644391246,True,0.019999667720343534
T27,edge,off_reconfiguration,-1,True,1.000638837365294e-06,0.0001741886560594658,0.598289234943599,0.2572845494879417,True,0.019999660604859776
T27,edge,off_reconfiguration,-1,True,2.8465336759773885e-07,4.074924860802876e-05,0.6544963878868656,0.31900295867465295,True,0.019998811996493893
T27,edge,off_reconfiguration,-1,True,2.8465336759773885e-07,0.0001119843831484573,0.6587486751295725,0.31738597770193067,True,0.01999885273477478
T27,edge,off_reconfiguration,-1,True,2.8465336759773885e-07,4.074924860802876e-05,0.6406771192150805,0.31900295867465295,True,0.019998811996493893
T27,edge,off_reconfiguration,-1,True,6.645530158687699e-07,0.0001036095741167429,0.6106240783286179,0.3012991162790253,True,0.019999356785589534
T27,edge,off_reconfiguration,-1,True,1.072804112740702e-06,0.0003156804244784146,0.5739138704681956,0.23041982222741508,True,0.019999667720343534
T27,edge,off_reconfiguration,-1,True,1.3690476226008611e-06,0.0003156804244784146,0.5348533113562586,0.23041982222741508,True,0.01999965399769535
T27,edge,off_reconfiguration,-1,True,1.511000181679467e-06,0.00034964715042076696,0.4902814560340501,0.23041982222741508,True,0.019999651361779558
T27,edge,off_reconfiguration,-1,True,1.072804112740702e-06,0.0003156804244784146,0.5739138704681956,0.23041982222741508,True,0.019999669043106322
T27,edge,off_reconfiguration,-1,True,1.1220690918546326e-06,0.0004998857458015983,0.6885973456923028,0.1661614594190424,True,0.01999961691977903
T27,edge,off_reconfiguration,-1,True,1.1726216530612935e-06,0.0005130675280311689,0.6751638139550461,0.15128639430610208,True,0.01999968548018724
T27,edge,off_reconfiguration,-1,True,1.1220690918546326e-06,0.0004998857458015983,0.6885973456923028,0.1661614594190424,True,0.019999620685435288
T27,edge,off_reconfiguration,-1,True,1.144560622555999e-06,0.0005728000416070937,0.6357811937406446,0.16483852664142146,True,0.019999721776606888
T27,edge,off_reconfiguration,-1,True,7.495776277714565e-07,0.00041122475414430215,0.6134135308143337,0.18857828162260554,True,0.01999961516971785
T27,edge,off_reconfiguration,-1,True,7.495776277714565e-07,0.00041122475414430215,0.6134135308143337,0.18857828162260554,True,0.019999613150111645
T27,edge,off_reconfiguration,-1,True,9.55069610931494e-07,0.0004610267014081066,0.5656711730795737,0.17624449025299974,True,0.01999958893687212
T27,edge,off_reconfiguration,-1,True,7.495776277714565e-07,0.00041122475414430215,0.6134135308143337,0.18857828162260554,True,0.019999630754341857
T27,edge,off_reconfiguration,-1,True,7.000873209458e-07,6.165522706601063e-05,0.6967929320724804,0.277041022754688,True,0.01999967370235542
T27,edge,off_reconfiguration,-1,True,7.000873209458e-07,5.136142170796373e-05,0.6967929320724804,0.277041022754688,True,0.01999967370235542
T27,edge,off_reconfiguration,-1,True,7.000873209458e-07,6.366770461126312e-05,0.6736256977427639,0.26492304037195136,True,0.019999721152115124
T27,edge,off_reconfiguration,-1,True,7.000873209458e-07,7.016544328395928e-05,0.6967929320724804,0.277041022754688,True,0.01999967370235542
T27,edge,off_reconfiguration,-1,True,2.2752503175577952e-07,0.0001276869796137196,0.6901204522470665,0.33171753204212917,True,0.019997997376090898
T27,edge,off_reconfiguration,-1,True,2.4090220616547795e-07,0.0001276869796137196,0.6870611660793086,0.33469983604075076,True,0.019997756385603527
T27,edge,off_reconfiguration,-1,True,2.3962766886526135e-07,0.0001498950333693177,0.700168290316373,0.3234271456314034,True,0.019998588401398787
T27,edge,off_reconfiguration,-1,True,1.9711597266009924e-07,0.0001276869796137196,0.6936329978831944,0.3348546628418923,True,0.019997756385603527
T27,edge,off_reconfiguration,-1,True,2.01501529899565e-07,8.123870469802312e-05,0.6779019938279393,0.33997152706379585,True,0.019997198005539646
T27,edge,off_reconfiguration,-1,True,1.9166466961678965e-07,9.713528019651261e-05,0.6817356202111502,0.34449874194616675,True,0.01999658128323739
T27,edge,off_reconfiguration,-1,True,1.7265265697673683e-07,8.123870469802312e-05,0.6747852992300644,0.34449874194616675,True,0.01999658128323739
T27,edge,off_reconfiguration,-1,True,2.4090220616547795e-07,0.000110809820866777,0.6817356202111502,0.33469983604075076,True,0.019997735244180165
T27,edge,off_reconfiguration,-1,True,4.087846569902875e-07,7.106864345873956e-05,0.7174617208369929,0.31322583259020786,True,0.019999178028068526
T27,edge,off_reconfiguration,-1,True,4.5937963979973493e-07,7.106864345873956e-05,0.7107104392232302,0.29824500781081276,True,0.019999507139650957
T27,edge,off_reconfiguration,-1,True,3.701433698457182e-07,7.106864345873956e-05,0.7184902482659452,0.31364010838745604,True,0.019999233222045054
T27,edge,off_reconfiguration,-1,True,5.651387841852334e-07,7.106864345873956e-05,0.711855123311149,0.2969781966287048,True,0.019999500937361026
T27,edge,off_reconfiguration,-1,True,6.896349809118965e-07,0.000183036406071192,0.6148524604190805,0.22773863389441765,True,0.019999695213983704
T27,edge,off_reconfiguration,-1,True,7.869856367421178e-07,0.000183036406071192,0.6148524604190805,0.22773863389441765,True,0.019999707955509483
T27,edge,off_reconfiguration,-1,True,6.555451654901955e-07,0.00021859606685957521,0.5681007129575161,0.22707155997298303,True,0.019999736214053987
T27,edge,off_reconfiguration,-1,True,6.873772362311685e-07,0.000183036406071192,0.6148524604190805,0.22773863389441765,True,0.019999695213983704
T27,edge,off_reconfiguration,-1,True,1.253541271054197e-06,0.0006708504354437988,0.6070297449234794,0.15485250990676705,True,0.019999872180383765
T27,edge,off_reconfiguration,-1,True,1.253541271054197e-06,0.0006708504354437988,0.6070297449234794,0.15485250990676705,True,0.019999872180383765
T27,edge,off_reconfiguration,-1,True,1.3526762585228307e-06,0.0007523397950904305,0.5852872950656364,0.13479664885651316,True,0.020000506828420583
T27,edge,off_reconfiguration,-1,True,1.253541271054197e-06,0.0006708504354437988,0.6070297449234794,0.14657683477665187,True,0.019999895918435928
T27,edge,off_reconfiguration,-1,True,1.3234337475566963e-06,0.000629656182914739,0.5891944173797482,0.15725649504325598,True,0.019999857917579134
T27,edge,off_reconfiguration,-1,True,1.144560622555999e-06,0.0005728000416070937,0.6357811937406446,0.16483852664142146,True,0.019999721776606888
T27,edge,off_reconfiguration,-1,True,1.144560622555999e-06,0.0005728000416070937,0.6310030386231974,0.16483852664142146,True,0.019999721776606888
T27,edge,off_reconfiguration,-1,True,1.144560622555999e-06,0.0006623148716902876,0.547429802991736,0.16483852664142146,True,0.019999780763116454
T27,edge,off_reconfiguration,-1,True,1.511000181679467e-06,0.00034964715042076696,0.4902814560340501,0.2403633281794114,True,0.01999965399769535
T27,edge,off_reconfiguration,-1,True,1.3690476226008611e-06,0.0003061442297550346,0.5348533113562586,0.24351179204032636,True,0.019999667720343534
T27,edge,off_reconfiguration,-1,True,1.3690476226008611e-06,0.0003061442297550346,0.5348533113562586,0.24351179204032636,True,0.019999660604859776
T27,edge,off_reconfiguration,-1,True,1.3690476226008611e-06,0.0003156804244784146,0.5348533113562586,0.23041982222741508,True,0.01999965399769535
T27,edge,off_reconfiguration,-1,True,2.7968213619057097e-07,2.4920832290610958e-05,0.6406771192150805,0.32984081409183874,True,0.019998325200625833
T27,edge,off_reconfiguration,-1,True,2.8465336759773885e-07,4.074924860802876e-05,0.6544963878868656,0.31900295867465295,True,0.019998811996493893
T27,edge,off_reconfiguration,-1,True,2.7968213619057097e-07,2.4920832290610958e-05,0.6544963878868656,0.32985471638528885,True,0.01999824159496788
T27,edge,off_reconfiguration,-1,True,2.7968213619057097e-07,8.095106952298053e-05,0.6544963878868656,0.32985471638528885,True,0.01999824159496788
T27,edge,off_reconfiguration,-1,True,9.725179768198296e-07,0.00027241668144459687,0.5080834497748509,0.2774201913920122,True,0.01999963321485368
T27,edge,off_reconfiguration,-1,True,7.28767995297702e-07,0.0001995639968308106,0.5446426152269697,0.285780027939054,True,0.019999562069702465
T27,edge,off_reconfiguration,-1,True,7.28767995297702e-07,0.0001995639968308106,0.5570005647185973,0.285780027939054,True,0.019999562069702465
T27,edge,off_reconfiguration,-1,True,8.509348720263714e-07,0.0001995639968308106,0.5570005647185973,0.274588134531809,True,0.019999615908575602
T27,edge,off_reconfiguration,-1,True,1.6509663712809263e-06,0.000673991974554498,0.42310119329947765,0.1861078557980684,True,0.01999963458802831
T27,edge,off_reconfiguration,-1,True,1.1746752648296893e-06,0.0006246432288446971,0.4973967295811496,0.18201755429833408,True,0.019999683750691638
T27,edge,off_reconfiguration,-1,True,1.1746752648296893e-06,0.0007306077873368526,0.4526625405356549,0.1728694348038371,True,0.01999972989727694
T27,edge,off_reconfiguration,-1,True,1.1746752648296893e-06,0.0006246432288446971,0.4973967295811496,0.1862367496298031,True,0.01999963458802831
T27,edge,off_reconfiguration,-1,True,1.2860183009664408e-06,0.0005130675280311689,0.653703892602933,0.13816221194411205,True,0.019999879912859703
T27,edge,off_reconfiguration,-1,True,1.3320743522700513e-06,0.0005113469829151309,0.6277625802278544,0.1258845902001151,True,0.020000264403437717
T27,edge,off_reconfiguration,-1,True,1.3553063167081437e-06,0.0005113469829151309,0.6293749166004596,0.1301620387832065,True,0.020000082720981638
T27,edge,off_reconfiguration,-1,True,1.3565175006846066e-06,0.0005462089884227636,0.6110020902991307,0.12173788382708269,True,0.020000658949766492
T27,edge,off_reconfiguration,-1,True,1.6602963986989573e-06,0.0006650145911064599,0.42324677897482266,0.15103380016330695,True,0.01999959059826767
T27,edge,off_reconfiguration,-1,True,1.5127665862614982e-06,0.0006433250992478776,0.4462956680166872,0.14826921614766386,True,0.01999969841047361
T27,edge,off_reconfiguration,-1,True,1.0754932335008491e-06,0.0005741359571965188,0.51006029916595,0.16172736134721535,True,0.01999959059826767
T27,edge,off_reconfiguration,-1,True,2.0263059793769917e-06,0.0006866548528298017,0.37220854896845434,0.1416629698630706,True,0.01999959059826767
T27,edge,off_reconfiguration,-1,True,7.033085324307329e-07,0.0001589189047099754,0.6067085990196521,0.24269960303205548,True,0.019999750572725322
T27,edge,off_reconfiguration,-1,True,7.033085324307329e-07,0.0001754146470793,0.6068036464643829,0.24497018047749458,True,0.019999754590876107
T27,edge,off_reconfiguration,-1,True,7.033085324307329e-07,0.00012403835563925858,0.6394473288415077,0.2514546311608143,True,0.019999741671691468
T27,edge,off_reconfiguration,-1,True,7.033085324307329e-07,0.0001661088981835818,0.591724017246269,0.24192874038291373,True,0.019999758396036876
T27,edge,off_reconfiguration,-1,True,4.4601010264065597e-07,6.186177781900159e-05,0.7246751968680183,0.3276896828905901,True,0.019998806917940953
T27,edge,off_reconfiguration,-1,True,3.2915636738660725e-07,7.444494962705206e-05,0.717508039834767,0.3311997573116538,True,0.01999840661850516
T27,edge,off_reconfiguration,-1,True,3.701433698457182e-07,6.186177781900159e-05,0.7246751968680183,0.3154133562590019,True,0.019999233222045054
T27,edge,off_reconfiguration,-1,True,4.292852191039753e-07,6.186177781900159e-05,0.7246751968680183,0.321925374443521,True,0.019999091191518076
T27,edge,off_reconfiguration,-1,True,1.6878778721659753e-07,5.332498234102691e-05,0.6656021946073066,0.34501043283852634,True,0.019995441657420038
T27,edge,off_reconfiguration,-1,True,1.7265265697673683e-07,8.123870469802312e-05,0.6747852992300644,0.34449874194616675,True,0.01999658128323739
T27,edge,off_reconfiguration,-1,True,1.6878778721659753e-07,5.332498234102691e-05,0.657131269853079,0.34204890301598573,True,0.01999715873121266
T27,edge,off_reconfiguration,-1,True,2.01501529899565e-07,8.095106952298053e-05,0.6747852992300644,0.33997152706379585,True,0.019997198005539646
T27,edge,off_reconfiguration,-1,True,1.4547320537247588e-07,4.859764791087594e-05,0.6983619070807905,0.3615192811511635,True,0.01999240588878065
T27,edge,off_reconfiguration,-1,True,1.4100773550697313e-07,4.859764791087594e-05,0.6990320633200555,0.362799080484431,True,0.01999240588878065
T27,edge,off_reconfiguration,-1,True,1.4100773550697313e-07,4.859764791087594e-05,0.6990320633200555,0.362799080484431,True,0.01999240588878065
T27,edge,off_reconfiguration,-1,True,1.4100773550697313e-07,4.859764791087594e-05,0.6990320633200555,0.3603513458206654,True,0.01999240588878065
T27,edge,off_reconfiguration,-1,True,4.958062442463377e-07,1.9931546459655188e-05,0.728500567110434,0.30665088699260606,True,0.01999946117691545
T27,edge,off_reconfiguration,-1,True,4.292852191039753e-07,1.9931546459655188e-05,0.728500567110434,0.3154133562590019,True,0.019999233222045054
T27,edge,off_reconfiguration,-1,True,4.4601010264065597e-07,1.9931546459655188e-05,0.728500567110434,0.3154133562590019,True,0.019999233222045054
T27,edge,off_reconfiguration,-1,True,3.701433698457182e-07,7.106864345873956e-05,0.7184902482659452,0.31364010838745604,True,0.019999233222045054
T27,edge,off_reconfiguration,-1,True,5.344428070183963e-07,0.00021859606685957521,0.5681007129575161,0.22707155997298303,True,0.019999750572725322
T27,edge,off_reconfiguration,-1,True,5.788176104081335e-07,0.00021859606685957521,0.5681007129575161,0.22707155997298303,True,0.01999975899595624
T27,edge,off_reconfiguration,-1,True,6.647087298545108e-07,0.00021859606685957521,0.5681007129575161,0.22707155997298303,True,0.019999754590876107
T27,edge,off_reconfiguration,-1,True,6.555451654901955e-07,0.00021859606685957521,0.5681007129575161,0.22707155997298303,True,0.019999736214053987
T27,edge,off_reconfiguration,-1,True,1.8388098349109674e-06,0.0007599707745405927,0.3750109277536397,0.13632366915356292,True,0.020000341306254332
T27,edge,off_reconfiguration,-1,True,1.5127665862614982e-06,0.0007599707745405927,0.4462956680166872,0.13786619223283833,True,0.020000341306254332
T27,edge,off_reconfiguration,-1,True,2.0263059793769917e-06,0.0007599707745405927,0.37220854896845434,0.13786619223283833,True,0.020000341306254332
T27,edge,off_reconfiguration,-1,True,1.6602963986989573e-06,0.0007599707745405927,0.42324677897482266,0.13786619223283833,True,0.020000341306254332
T27,edge,off_reconfiguration,-1,True,1.3553063167081437e-06,0.0004887747867978108,0.6277625802278544,0.1258845902001151,True,0.020000264403437717
T27,edge,off_reconfiguration,-1,True,1.3553063167081437e-06,0.0005113469829151309,0.6293749166004596,0.1301620387832065,True,0.020000082720981638
T27,edge,off_reconfiguration,-1,True,1.3679103530328776e-06,0.00046849151405492674,0.5964656521893847,0.11269615988451435,True,0.020001032339338448
T27,edge,off_reconfiguration,-1,True,1.3565175006846066e-06,0.0005462089884227636,0.6110020902991307,0.12173788382708269,True,0.020000658949766492
T27,edge,off_reconfiguration,-1,True,1.6509663712809263e-06,0.000673991974554498,0.42310119329947765,0.1861078557980684,True,0.01999963458802831
T27,edge,off_reconfiguration,-1,True,1.6509663712809263e-06,0.0007306077873368526,0.42310119329947765,0.1728694348038371,True,0.01999972989727694
T27,edge,off_reconfiguration,-1,True,4.17503442904213e-06,0.0010606583641694478,0.2790193982927691,0.17359506672872074,True,0.019999559662985666
T27,edge,off_reconfiguration,-1,True,1.6509663712809263e-06,0.000673991974554498,0.42310119329947765,0.1861078557980684,True,0.01999961542064138
T27,edge,off_reconfiguration,-1,True,7.28767995297702e-07,0.0001995639968308106,0.5446426152269697,0.285780027939054,True,0.019999562069702465
T27,edge,off_reconfiguration,-1,True,9.725179768198296e-07,0.00027241668144459687,0.5080834497748509,0.2774201913920122,True,0.01999963321485368
T27,edge,off_reconfiguration,-1,True,7.203366230218362e-07,0.00019778454761488226,0.5446426152269697,0.2937571064431668,True,0.01999950930549743
T27,edge,off_reconfiguration,-1,True,7.203366230218362e-07,0.0002715362621968565,0.4811308925386032,0.29019807134715164,True,0.019999593393449505
T27,edge,off_reconfiguration,-1,True,8.175537851947712e-08,2.745383470411562e-05,0.6462072602189688,0.3329772802032036,True,0.019997154013241064
T27,edge,off_reconfiguration,-1,True,1.0437842779433629e-07,1.878302021753515e-05,0.6537239329143983,0.33564574003913433,True,0.019996555265141047
T27,edge,off_reconfiguration,-1,True,1.0726392941932657e-07,1.878302021753515e-05,0.6511475203152166,0.33564574003913433,True,0.01999705792427081
T27,edge,off_reconfiguration,-1,True,1.1835094019776584e-07,5.470817376473804e-05,0.6474517432448842,0.3248430046781376,True,0.019997934003683826
T27,edge,off_reconfiguration,-1,True,1.3429889547472153e-06,0.0004096779263497535,0.4215837577388574,0.25656683091397187,True,0.01999972295720115
T27,edge,off_reconfiguration,-1,True,1.1013688515066567e-06,0.0003677247794850062,0.4397900321435447,0.26417304291146987,True,0.019999707938908817
T27,edge,off_reconfiguration,-1,True,1.2183153553793475e-06,0.0003677247794850062,0.4397900321435447,0.25917831596585295,True,0.019999707938908817
T27,edge,off_reconfiguration,-1,True,1.3055598456374609e-06,0.0005770669906685937,0.3433069041452943,0.2595922415053911,True,0.01999978861854712
T27,edge,off_reconfiguration,-1,True,1.2348844973743587e-06,0.0007746668025675338,0.42173030497166164,0.15404079608481067,True,0.020000123820338972
T27,edge,off_reconfiguration,-1,True,1.2348844973743587e-06,0.0007746668025675338,0.42173030497166164,0.15813733690830534,True,0.02000004100416164
T27,edge,off_reconfiguration,-1,True,1.2348844973743587e-06,0.0007746668025675338,0.42173030497166164,0.15813733690830534,True,0.02000004100416164
T27,edge,off_reconfiguration,-1,True,1.2348844973743587e-06,0.0007746668025675338,0.42173030497166164,0.15813733690830534,True,0.02000004100416164
T27,edge,off_reconfiguration,-1,True,1.3679103530328776e-06,0.000482290679688916,0.5882255802257425,0.11146655665457028,True,0.020001316153650472
T27,edge,off_reconfiguration,-1,True,1.3679103530328776e-06,0.0004887747867978108,0.5964656521893847,0.11269615988451435,True,0.020001032339338448
T27,edge,off_reconfiguration,-1,True,1.3679103530328776e-06,0.0005462089884227636,0.5964656521893847,0.11269615988451435,True,0.020001032339338448
T27,edge,off_reconfiguration,-1,True,1.3679103530328776e-06,0.00046849151405492674,0.5964656521893847,0.11269615988451435,True,0.020001032339338448
T27,edge,off_reconfiguration,-1,True,2.0263059793769917e-06,0.0007481473826845017,0.37220854896845434,0.13632366915356292,True,0.019999904008471403
T27,edge,off_reconfiguration,-1,True,1.8388098349109674e-06,0.0007481473826845017,0.3750109277536397,0.13632366915356292,True,0.019999904008471403
T27,edge,off_reconfiguration,-1,True,1.8388098349109674e-06,0.0007481473826845017,0.3750109277536397,0.13632366915356292,True,0.019999904008471403
T27,edge,off_reconfiguration,-1,True,1.8388098349109674e-06,0.0007599707745405927,0.3750109277536397,0.13632366915356292,True,0.020000341306254332
T27,edge,off_reconfiguration,-1,True,5.792210916273822e-07,0.0001899392132397363,0.5735774399362231,0.23567682178989846,True,0.01999975899595624
T27,edge,off_reconfiguration,-1,True,6.647087298545108e-07,0.0001899392132397363,0.5735774399362231,0.23567682178989846,True,0.01999975899595624
T27,edge,off_reconfiguration,-1,True,5.788176104081335e-07,0.0001899392132397363,0.5735774399362231,0.23567682178989846,True,0.01999975899595624
T27,edge,off_reconfiguration,-1,True,5.788176104081335e-07,0.00021859606685957521,0.5681007129575161,0.22707155997298303,True,0.01999975899595624
T27,edge,off_reconfiguration,-1,True,4.4601010264065597e-07,1.7203062292734435e-05,0.739730666082502,0.321925374443521,True,0.019999091191518076
T27,edge,off_reconfiguration,-1,True,4.292852191039753e-07,1.9931546459655188e-05,0.728500567110434,0.3154133562590019,True,0.019999233222045054
T27,edge,off_reconfiguration,-1,True,4.732738756293277e-07,2.382931037624239e-05,0.7425602324076536,0.321925374443521,True,0.019999091191518076
T27,edge,off_reconfiguration,-1,True,4.292852191039753e-07,5.122641877509565e-06,0.7425602324076536,0.321925374443521,True,0.019999091191518076
T27,edge,off_reconfiguration,-1,True,1.4547320537247588e-07,3.7855980731456274e-05,0.6983619070807905,0.3615192811511635,True,0.019990671182694653
T27,edge,off_reconfiguration,-1,True,1.2618042447693213e-07,2.7533372779140336e-05,0.7085118376731224,0.3603513458206654,True,0.019990222704352023
T27,edge,off_reconfiguration,-1,True,1.096094119751623e-07,2.9464469482568416e-05,0.7085118376731224,0.36535298168478697,True,0.019992111365663395
T27,edge,off_reconfiguration,-1,True,1.4100773550697313e-07,4.859764791087594e-05,0.6990320633200555,0.362799080484431,True,0.01999240588878065
T27,edge,off_reconfiguration,-1,True,6.918772018034742e-08,1.3976876963794299e-05,0.6849827536930739,0.342574046097324,True,0.01999351001490407
T27,edge,off_reconfiguration,-1,True,9.508968759647467e-08,2.4759435741296416e-05,0.6946429120495768,0.34409437915483193,True,0.01999257048097572
T27,edge,off_reconfiguration,-1,True,4.3876576069102565e-07,0.00017678887848921533,0.6946429120495768,0.33776325524072065,True,0.01999487330911051
T27,edge,off_reconfiguration,-1,True,1.3092787844642922e-07,3.0390024666916156e-05,0.6946429120495768,0.3475711360145656,True,0.01999158650820443
T27,edge,off_reconfiguration,-1,True,1.7301608068199447e-07,9.313570918021479e-06,0.7539163923756584,0.35528212895942807,True,0.019996061800359344
T27,edge,off_reconfiguration,-1,True,2.692378452231934e-07,2.9240968383187953e-05,0.7599791161377935,0.35528212895942807,True,0.019996561361709297
T27,edge,off_reconfiguration,-1,True,1.8806705480330796e-07,1.2576871163780067e-05,0.7599791161377935,0.35528212895942807,True,0.019996061800359344
T27,edge,off_reconfiguration,-1,True,1.9155277350302438e-07,3.656304953348295e-05,0.7599791161377935,0.35528212895942807,True,0.019996201094062638
T27,edge,off_reconfiguration,-1,True,5.003393256146346e-07,6.78145694586673e-05,0.692870422877221,0.28054915863697893,True,0.019999694095832632
T27,edge,off_reconfiguration,-1,True,6.307536516361672e-07,7.626354302057493e-05,0.7006865446357406,0.2840600955404751,True,0.019999679489386468
T27,edge,off_reconfiguration,-1,True,5.733762711605799e-07,8.101407698086119e-05,0.7006865446357406,0.27982920792455285,True,0.01999969952159228
T27,edge,off_reconfiguration,-1,True,5.359370436036375e-07,0.00022172486799241315,0.7006865446357406,0.2840600955404751,True,0.019999679489386468
T27,edge,off_reconfiguration,-1,True,1.1611882656744816e-06,0.0005193590073844217,0.39346226303155735,0.18664561750753403,True,0.019999830494500104
T27,edge,off_reconfiguration,-1,True,3.4485542942947953e-06,0.0008917362270506871,0.2799534131180512,0.16384599197092564,True,0.02000029951739629
T27,edge,off_reconfiguration,-1,True,9.565952436940796e-07,0.0004870933914989615,0.4033376346225152,0.19113219534280054,True,0.019999846199249965
T27,edge,off_reconfiguration,-1,True,9.565952436940796e-07,0.0004870933914989615,0.4073242035592268,0.19113219534280054,True,0.01999982400690095
T27,edge,off_reconfiguration,-1,True,1.8101988443757776e-06,0.0010220783172659408,0.38664678788605406,0.10216604877526547,True,0.020005318203237893
T27,edge,off_reconfiguration,-1,True,1.7860759725877862e-06,0.0014076894464358366,0.26329483496414235,0.09503528386111593,True,0.02001147343054288
T27,edge,off_reconfiguration,-1,True,1.7860759725877862e-06,0.0010220783172659408,0.38664678788605406,0.10354884671156998,True,0.020005318203237893
T27,edge,off_reconfiguration,-1,True,1.7860759725877862e-06,0.0010220783172659408,0.38664678788605406,0.08774795886502111,True,0.020006778110463003
T27,edge,off_reconfiguration,-1,True,1.7157188735828505e-06,0.0004326316305811901,0.5739006033491585,0.11294115230575129,True,0.02000077471022718
T27,edge,off_reconfiguration,-1,True,2.118790865840688e-06,0.0004224230080699076,0.5535872651737056,0.11070810288110083,True,0.020000922852614983
T27,edge,off_reconfiguration,-1,True,2.0703465683675524e-06,0.0004224230080699076,0.5620427757297705,0.09463811197288788,True,0.02000180892143369
T27,edge,off_reconfiguration,-1,True,1.9660113440507567e-06,0.0004809178949803945,0.5204445802376544,0.11294115230575129,True,0.02000081320210259
T27,edge,off_reconfiguration,-1,True,4.17503442904213e-06,0.0010835877703943987,0.2790193982927691,0.1698247429226044,True,0.019999571334488098
T27,edge,off_reconfiguration,-1,True,8.22480837185293e-06,0.00154445387192265,0.20270711619813817,0.16675724067073808,True,0.019999571334488098
T27,edge,off_reconfiguration,-1,True,3.518511060165739e-06,0.0010835877703943987,0.2868473795409181,0.1698247429226044,True,0.01999972989727694
T27,edge,off_reconfiguration,-1,True,3.518511060165739e-06,0.0010835877703943987,0.2868473795409181,0.1698247429226044,True,0.019999571334488098
T27,edge,off_reconfiguration,-1,True,6.454150756067347e-07,0.0002715362621968565,0.4811308925386032,0.29019807134715164,True,0.019999593393449505
T27,edge,off_reconfiguration,-1,True,6.454150756067347e-07,0.0002715362621968565,0.4711440887520755,0.29019807134715164,True,0.019999593393449505
T27,edge,off_reconfiguration,-1,True,7.203366230218362e-07,0.0002715362621968565,0.4811308925386032,0.29019807134715164,True,0.019999593393449505
T27,edge,off_reconfiguration,-1,True,6.454150756067347e-07,0.0002715362621968565,0.4811308925386032,0.29019807134715164,True,0.019999593393449505
T27,edge,off_reconfiguration,-1,True,4.3876576069102565e-07,0.00017678887848921533,0.6962575825446099,0.3372014492527794,True,0.019995384976958935
T27,edge,off_reconfiguration,-1,True,4.3876576069102565e-07,0.00017678887848921533,0.6962575825446099,0.33776325524072065,True,0.01999487330911051
T27,edge,off_reconfiguration,-1,True,4.3876576069102565e-07,0.00017678887848921533,0.6849827536930739,0.33776325524072065,True,0.01999487330911051
T27,edge,off_reconfiguration,-1,True,4.3876576069102565e-07,0.00017678887848921533,0.6946429120495768,0.33776325524072065,True,0.01999487330911051
T27,edge,off_reconfiguration,-1,True,5.945332291419523e-07,0.00025434288062777324,0.4711440887520755,0.29387867715002375,True,0.019999582842159996
T27,edge,off_reconfiguration,-1,True,3.4991003561044225e-07,0.00025434288062777324,0.4711440887520755,0.29387867715002375,True,0.019999582842159996
T27,edge,off_reconfiguration,-1,True,6.454150756067347e-07,0.0002715362621968565,0.4711440887520755,0.29019807134715164,True,0.019999593393449505
T27,edge,off_reconfiguration,-1,True,5.188164453498174e-07,0.00038080123155619024,0.3609420009490887,0.2750185168625977,True,0.019999705359230874
T27,edge,off_reconfiguration,-1,True,8.22480837185293e-06,0.00154445387192265,0.20270711619813817,0.16675724067073808,True,0.019999571334488098
T27,edge,off_reconfiguration,-1,True,8.22480837185293e-06,0.00154445387192265,0.20270711619813817,0.16675724067073808,True,0.019999388588091666
T27,edge,off_reconfiguration,-1,True,8.22480837185293e-06,0.00154445387192265,0.20270711619813817,0.16675724067073808,True,0.01999972989727694
T27,edge,off_reconfiguration,-1,True,8.22480837185293e-06,0.00154445387192265,0.20270711619813817,0.15813733690830534,True,0.02000004100416164
T27,edge,off_reconfiguration,-1,True,2.118790865840688e-06,0.0004809178949803945,0.5204445802376544,0.11070810288110083,True,0.020000922852614983
T27,edge,off_reconfiguration,-1,True,2.118790865840688e-06,0.0004326316305811901,0.5535872651737056,0.11070810288110083,True,0.020000922852614983
T27,edge,off_reconfiguration,-1,True,2.118790865840688e-06,0.0004224230080699076,0.5535872651737056,0.11070810288110083,True,0.020000922852614983
T27,edge,off_reconfiguration,-1,True,2.205524912715481e-06,0.000408745414916864,0.5535872651737056,0.09258497366493636,True,0.02000129865331371
T27,edge,off_reconfiguration,-1,True,1.8008148469534157e-06,0.0008863597401965432,0.40312541328844026,0.08660971353513462,True,0.020006778110463003
T27,edge,off_reconfiguration,-1,True,2.0211158586773987e-06,0.001220462484249927,0.2729301465218742,0.08391533283146674,True,0.020009427539664393
T27,edge,off_reconfiguration,-1,True,1.8101988443757776e-06,0.0009892599013103924,0.40046363611283325,0.08774795886502111,True,0.020006778110463003
T27,edge,off_reconfiguration,-1,True,1.7860759725877862e-06,0.0010220783172659408,0.38664678788605406,0.08774795886502111,True,0.020006778110463003
T27,edge,off_reconfiguration,-1,True,3.4485542942947953e-06,0.0008917362270506871,0.2799534131180512,0.16384599197092564,True,0.02000029951739629
T27,edge,off_reconfiguration,-1,True,3.4485542942947953e-06,0.0008917362270506871,0.2799534131180512,0.16384599197092564,True,0.02000029951739629
T27,edge,off_reconfiguration,-1,True,6.78143986205421e-06,0.0010449743003135953,0.23528887630846654,0.1428727302933598,True,0.02000029951739629
T27,edge,off_reconfiguration,-1,True,3.4485542942947953e-06,0.0008917362270506871,0.2799534131180512,0.15872466588217737,True,0.02000029951739629
T27,edge,off_reconfiguration,-1,True,6.541051403114479e-07,0.00016597280629833126,0.5948662606835168,0.2463045043990588,True,0.01999974621381681
T27,edge,off_reconfiguration,-1,True,6.541051403114479e-07,0.00013257155692134867,0.6287702186936845,0.2560999866051414,True,0.019999749321461646
T27,edge,off_reconfiguration,-1,True,6.541051403114479e-07,0.0001223699205935668,0.6430663813844342,0.2599569873006897,True,0.019999735614601083
T27,edge,off_reconfiguration,-1,True,6.541051403114479e-07,0.0001916641020368152,0.5824865692088136,0.24265335991196335,True,0.019999754681671006
T27,edge,off_reconfiguration,-1,True,4.2300106247871047e-07,4.561101422904789e-05,0.7868501047705263,0.3284125669750928,True,0.0199990953042212
T27,edge,off_reconfiguration,-1,True,4.2300106247871047e-07,2.2877310533063834e-05,0.7563563748028135,0.33526235026236584,True,0.01999864249416669
T27,edge,off_reconfiguration,-1,True,4.732738756293277e-07,2.382931037624239e-05,0.7709003212523926,0.3262144465804878,True,0.019999056019813277
T27,edge,off_reconfiguration,-1,True,4.2300106247871047e-07,2.2877310533063834e-05,0.7599791161377935,0.335983644642979,True,0.01999864249416669
T27,edge,off_reconfiguration,-1,True,1.236610884821984e-07,1.2806604693773936e-05,0.742198522268988,0.3627828430285903,True,0.01998870856063048
T27,edge,off_reconfiguration,-1,True,1.4039874612509196e-07,3.475393618684e-05,0.7458408131195695,0.3627828430285903,True,0.01999046918587083
T27,edge,off_reconfiguration,-1,True,1.2618042447693213e-07,1.4514151986277136e-05,0.7104847293212713,0.3603513458206654,True,0.019988783048303843
T27,edge,off_reconfiguration,-1,True,1.3092787844642922e-07,3.0390024666916156e-05,0.7437001335046842,0.3490471131116793,True,0.019991229941538097
T27,edge,off_reconfiguration,-1,True,1.3092787844642922e-07,3.9670627155036404e-05,0.7437001335046842,0.3465844285406566,True,0.019992397613623147
T27,edge,off_reconfiguration,-1,True,9.508968759647467e-08,3.9670627155036404e-05,0.711116537096077,0.34409437915483193,True,0.01999257048097572
T27,edge,off_reconfiguration,-1,True,1.3528018150606936e-07,4.59215947798498e-05,0.7253362321602216,0.3372014492527794,True,0.019995384976958935
T27,edge,off_reconfiguration,-1,True,9.324631046304724e-08,3.9670627155036404e-05,0.6946429120495768,0.3465844285406566,True,0.019992397613623147
T27,edge,off_reconfiguration,-1,True,2.692378452231934e-07,3.656304953348295e-05,0.8031368898402996,0.3562044902566021,True,0.019996561361709297
T27,edge,off_reconfiguration,-1,True,1.9155277350302438e-07,3.656304953348295e-05,0.7793290545144111,0.3588877205693887,True,0.019996201094062638
T27,edge,off_reconfiguration,-1,True,1.9155277350302438e-07,3.656304953348295e-05,0.7539163923756584,0.3588877205693887,True,0.019996201094062638
T27,edge,off_reconfiguration,-1,True,1.9155277350302438e-07,3.656304953348295e-05,0.7599791161377935,0.35528212895942807,True,0.019996201094062638
T27,edge,off_reconfiguration,-1,True,5.384730865583852e-07,6.762620276563092e-05,0.75243330880082,0.29260917350368754,True,0.019999649861389746
T27,edge,off_reconfiguration,-1,True,6.307536516361672e-07,7.626354302057493e-05,0.730164416020305,0.28790670920353323,True,0.019999668319344632
T27,edge,off_reconfiguration,-1,True,6.130681864058016e-07,7.297142969780847e-05,0.75243330880082,0.29260917350368754,True,0.019999649861389746
T27,edge,off_reconfiguration,-1,True,5.384730865583852e-07,0.00022172486799241315,0.7446847223551905,0.29260917350368754,True,0.019999649861389746
T27,edge,off_reconfiguration,-1,True,4.87740328952456e-07,0.00047830377841082177,0.4033376346225152,0.20198129961493283,True,0.019999846199249965
T27,edge,off_reconfiguration,-1,True,4.0760298474243724e-07,0.0005581002803065187,0.3471510308654355,0.19403413428471575,True,0.01999991024656983
T27,edge,off_reconfiguration,-1,True,6.13139713151027e-07,0.00035980456671878976,0.42396547850672384,0.20932392900378802,True,0.019999780883659835
T27,edge,off_reconfiguration,-1,True,7.134237090071698e-07,0.00035980456671878976,0.42396547850672384,0.20932392900378802,True,0.019999780883659835
T27,edge,off_reconfiguration,-1,True,2.759970318496557e-06,0.0017047972075150953,0.20134182391257768,0.0902922703497975,True,0.02001147343054288
T27,edge,off_reconfiguration,-1,True,2.759970318496557e-06,0.0017047972075150953,0.20134182391257768,0.08391533283146674,True,0.020009427539664393
T27,edge,off_reconfiguration,-1,True,2.759970318496557e-06,0.0017047972075150953,0.20134182391257768,0.0902922703497975,True,0.020005318203237893
T27,edge,off_reconfiguration,-1,True,2.759970318496557e-06,0.0017047972075150953,0.20134182391257768,0.08774795886502111,True,0.020006778110463003
T27,edge,off_reconfiguration,-1,True,2.0891474791521436e-06,0.00036963764947829176,0.5496954591441215,0.0859036021324874,True,0.02000224188775765
T27,edge,off_reconfiguration,-1,True,2.205524912715481e-06,0.00031467437421389986,0.5496954591441215,0.0859036021324874,True,0.02000224188775765
T27,edge,off_reconfiguration,-1,True,2.0891474791521436e-06,0.0004385621730647323,0.48310839813449064,0.07757427703069233,True,0.02000501733788848
T27,edge,off_reconfiguration,-1,True,2.0891474791521436e-06,0.0005693505282750211,0.5293085852713107,0.0859036021324874,True,0.02000362238399786
T27,edge,off_reconfiguration,-1,True,1.379968615534978e-06,0.0011556137750350969,0.2600880084535043,0.1408244700174753,True,0.020000652533798235
T27,edge,off_reconfiguration,-1,True,1.9846398307725473e-06,0.0007272157050027959,0.3493134188135138,0.12298407338044842,True,0.020000751933767297
T27,edge,off_reconfiguration,-1,True,1.5751731837091379e-06,0.0010715695994146118,0.3270133202147203,0.1408244700174753,True,0.020000662950804216
T27,edge,off_reconfiguration,-1,True,1.9660113440507567e-06,0.0007272157050027959,0.3493134188135138,0.11925004524142693,True,0.02000081320210259
T27,edge,off_reconfiguration,-1,True,1.3055598456374609e-06,0.0006549351008023268,0.28164968205781293,0.258063252519409,True,0.019999796992375002
T27,edge,off_reconfiguration,-1,True,1.1205326106067452e-06,0.0006549351008023268,0.28164968205781293,0.258063252519409,True,0.019999796992375002
T27,edge,off_reconfiguration,-1,True,1.1205326106067452e-06,0.0006549351008023268,0.28164968205781293,0.258063252519409,True,0.019999796992375002
T27,edge,off_reconfiguration,-1,True,1.1205326106067452e-06,0.0006549351008023268,0.28164968205781293,0.258063252519409,True,0.019999796992375002
T27,edge,off_reconfiguration,-1,True,2.9600065527536384e-07,6.963360272492761e-05,0.6580391469410556,0.3203708409698409,True,0.019998490600663082
T27,edge,off_reconfiguration,-1,True,2.9600065527536384e-07,6.963360272492761e-05,0.6474517432448842,0.3203708409698409,True,0.019998490600663082
T27,edge,off_reconfiguration,-1,True,2.9600065527536384e-07,0.00010311238915740934,0.5765147972074481,0.30809751721000894,True,0.019999266017106387
T27,edge,off_reconfiguration,-1,True,4.3876576069102565e-07,0.00017678887848921533,0.6580391469410556,0.3203708409698409,True,0.019998490600663082
T27,edge,off_reconfiguration,-1,True,4.3876576069102565e-07,0.00017678887848921533,0.6962575825446099,0.3372014492527794,True,0.019995384976958935
T27,edge,off_reconfiguration,-1,True,1.3528018150606936e-07,4.59215947798498e-05,0.711116537096077,0.3372014492527794,True,0.019995384976958935
T27,edge,off_reconfiguration,-1,True,1.3528018150606936e-07,4.59215947798498e-05,0.7253362321602216,0.3372014492527794,True,0.019995384976958935
T27,edge,off_reconfiguration,-1,True,2.3451093525153448e-07,5.761548980404436e-05,0.6895900799759377,0.32705378582767036,True,0.019997635947314463
T27,edge,off_reconfiguration,-1,True,2.169960158046635e-05,0.004000553368328754,0.7210907368946886,0.2528618305915106,True,0.019999685769393705
T27,edge,off_reconfiguration,-1,True,3.074712881548853e-05,0.004000553368328754,0.7187640618929593,0.2528618305915106,True,0.019999685769393705
T27,edge,off_reconfiguration,-1,True,1.8167767680102908e-05,0.004000553368328754,0.7096317827675586,0.2528618305915106,True,0.019999685769393705
T27,edge,off_reconfiguration,-1,True,1.8167767680102908e-05,0.004000553368328754,0.7088884318385446,0.2528618305915106,True,0.019999685769393705
T27,edge,off_reconfiguration,-1,True,5.533770382280154e-07,2.8902476314888416e-05,0.7088884318385446,0.2552217347495373,True,0.019999680653402296
T27,edge,off_reconfiguration,-1,True,3.074712881548853e-05,0.002175518786799706,0.7096317827675586,0.2552217347495373,True,0.019999680653402296
T27,edge,off_reconfiguration,-1,True,1.8167767680102908e-05,0.004000553368328754,0.7096317827675586,0.2528618305915106,True,0.019999685769393705
T27,edge,off_reconfiguration,-1,True,5.533770382280154e-07,0.00012485837542039704,0.6973880892485651,0.24302430720306176,True,0.01999968323186943
T27,edge,off_reconfiguration,-1,True,5.664819544886155e-07,0.00010259503447852651,0.7208269332525756,0.2637958672291456,True,0.019999676363932878
T27,edge,off_reconfiguration,-1,True,5.664819544886155e-07,0.00010259503447852651,0.7184541297271803,0.26122816335467947,True,0.019999686792241955
T27,edge,off_reconfiguration,-1,True,5.664819544886155e-07,0.00011183783011299866,0.7202826622031524,0.26515945951673214,True,0.019999675749682755
T27,edge,off_reconfiguration,-1,True,5.664819544886155e-07,0.00010259503447852651,0.7114073550165768,0.26049889841696533,True,0.01999969355839773
T27,edge,off_reconfiguration,-1,True,5.533770382280154e-07,0.00012485837542039704,0.6973880892485651,0.24302430720306176,True,0.01999968323186943
T27,edge,off_reconfiguration,-1,True,4.803072905966905e-07,0.0002470255028521654,0.6973880892485651,0.22708123455119592,True,0.01999968323186943
T27,edge,off_reconfiguration,-1,True,5.749845774863657e-07,0.0002878660893850597,0.6874943991914105,0.22468573332493758,True,0.01999968323186943
T27,edge,off_reconfiguration,-1,True,4.2537347665739785e-07,0.00012485837542039704,0.6973880892485651,0.24302430720306176,True,0.01999968323186943
T27,edge,off_reconfiguration,-1,True,5.392608360741823e-07,0.00014884827946416793,0.7057499403477727,0.23510401958359467,True,0.019999697788754628
T27,edge,off_reconfiguration,-1,True,6.626026969903562e-07,0.00014884827946416793,0.684590916053062,0.23138999600414084,True,0.019999685742504825
T27,edge,off_reconfiguration,-1,True,5.392608360741823e-07,0.00014884827946416793,0.71148204420753,0.23510401958359467,True,0.019999685742504825
T27,edge,off_reconfiguration,-1,True,6.873772362311685e-07,0.00014884827946416793,0.686705189386246,0.23510401958359467,True,0.019999689737803472
T27,edge,off_reconfiguration,-1,True,2.7787879970739537e-07,0.00014820290772105975,0.7030724607857693,0.295290524780827,True,0.019999439312644002
T27,edge,off_reconfiguration,-1,True,2.6014366836618766e-07,0.0001664968064752976,0.7055809353111523,0.295290524780827,True,0.019999439312644002
T27,edge,off_reconfiguration,-1,True,5.089965188938659e-07,0.00014054888045738503,0.6848639250190085,0.2833372757330623,True,0.019999563723978597
T27,edge,off_reconfiguration,-1,True,2.6014366836618766e-07,0.0001674789682737458,0.7055809353111523,0.295290524780827,True,0.019999439312644002
T27,edge,off_reconfiguration,-1,True,5.749845774863657e-07,0.0002878660893850597,0.6874943991914105,0.22468573332493758,True,0.019999672738654384
T27,edge,off_reconfiguration,-1,True,5.749845774863657e-07,0.0002878660893850597,0.6874943991914105,0.22468573332493758,True,0.01999968323186943
T27,edge,off_reconfiguration,-1,True,8.40831803140898e-07,0.00043605355408682015,0.6874943991914105,0.20205701022567502,True,0.019999670203279807
T27,edge,off_reconfiguration,-1,True,6.132364939728045e-07,0.00035364062963123605,0.6874943991914105,0.20786088245434362,True,0.019999670203279807
T27,edge,off_reconfiguration,-1,True,6.120265235790356e-07,0.00031941633603017086,0.6756401783457062,0.20370266786544683,True,0.019999653474658402
T27,edge,off_reconfiguration,-1,True,6.120265235790356e-07,0.00031941633603017086,0.6983808397455099,0.2151266081889629,True,0.019999685742504825
T27,edge,off_reconfiguration,-1,True,7.090229218167633e-07,0.0003658208368068969,0.6536758618048624,0.19637255477749335,True,0.019999653474658402
T27,edge,off_reconfiguration,-1,True,6.120265235790356e-07,0.00031941633603017086,0.6983808397455099,0.2151266081889629,True,0.019999660954461984
T27,edge,off_reconfiguration,-1,True,3.2392609765276816e-07,0.00014648377349333933,0.7165935058526105,0.286889767589193,True,0.019999565786156165
T27,edge,off_reconfiguration,-1,True,3.036626666843945e-07,0.0001674789682737458,0.7117233206773019,0.29569421506418486,True,0.01999946509223499
T27,edge,off_reconfiguration,-1,True,5.280496348976122e-07,0.00012747558191428628,0.7122735128881463,0.28588077879109325,True,0.01999959716666011
T27,edge,off_reconfiguration,-1,True,5.577237166494533e-07,0.00012747558191428628,0.7091681600998401,0.2891313734181688,True,0.019999583428986722
T27,edge,off_reconfiguration,-1,True,5.089965188938659e-07,4.855262923709963e-05,0.6679025291120476,0.2833372757330623,True,0.019999563723978597
T27,edge,off_reconfiguration,-1,True,8.08913148071313e-07,8.989389167863253e-05,0.6372466250844816,0.28166696166731664,True,0.019999571085274503
T27,edge,off_reconfiguration,-1,True,6.729601615389584e-07,3.7244499224466146e-05,0.6679025291120476,0.27047539885964955,True,0.01999963723902512
T27,edge,off_reconfiguration,-1,True,4.849472224210536e-07,6.672556491794278e-05,0.6679025291120476,0.27585720066712655,True,0.019999617699955174
T27,edge,off_reconfiguration,-1,True,8.40831803140898e-07,0.0004952991042878369,0.6581964271614724,0.19662588761152117,True,0.019999648035639
T27,edge,off_reconfiguration,-1,True,8.40831803140898e-07,0.00043605355408682015,0.687512662572014,0.20205701022567502,True,0.019999643178624904
T27,edge,off_reconfiguration,-1,True,9.287542340969033e-07,0.00047999318404137915,0.687512662572014,0.18347818316332457,True,0.019999643178624904
T27,edge,off_reconfiguration,-1,True,8.40831803140898e-07,0.00043605355408682015,0.687512662572014,0.19161200272044518,True,0.019999643178624904
T27,edge,off_reconfiguration,-1,True,7.090229218167633e-07,0.0003658208368068969,0.6536758618048624,0.19637255477749335,True,0.019999630754341857
T27,edge,off_reconfiguration,-1,True,6.120265235790356e-07,0.00031941633603017086,0.6756401783457062,0.20370266786544683,True,0.019999653474658402
T27,edge,off_reconfiguration,-1,True,5.607199870050301e-07,0.0002901097221567966,0.6401474872146758,0.2013930901275062,True,0.019999630754341857
T27,edge,off_reconfiguration,-1,True,7.495776277714565e-07,0.00041122475414430215,0.6134135308143337,0.18857828162260554,True,0.019999630754341857
T27,edge,off_reconfiguration,-1,True,5.374006672483141e-07,7.016544328395928e-05,0.7063377236466697,0.2801105098261861,True,0.019999645326545218
T27,edge,off_reconfiguration,-1,True,5.577237166494533e-07,7.016544328395928e-05,0.7091681600998401,0.28588077879109325,True,0.01999959716666011
T27,edge,off_reconfiguration,-1,True,5.280496348976122e-07,0.00014648377349333933,0.7122735128881463,0.28588077879109325,True,0.01999959716666011
T27,edge,off_reconfiguration,-1,True,7.000873209458e-07,7.016544328395928e-05,0.6967929320724804,0.277041022754688,True,0.01999967370235542
T27,edge,off_reconfiguration,-1,True,2.619066474735086e-07,0.00013398535078332696,0.6863928098573657,0.31738597770193067,True,0.01999885273477478
T27,edge,off_reconfiguration,-1,True,2.8465336759773885e-07,0.0001119843831484573,0.6587486751295725,0.31738597770193067,True,0.01999885273477478
T27,edge,off_reconfiguration,-1,True,2.619066474735086e-07,0.00011495864791169984,0.6863928098573657,0.31738597770193067,True,0.01999885273477478
T27,edge,off_reconfiguration,-1,True,2.619066474735086e-07,0.0001664968064752976,0.6863928098573657,0.3120177862963395,True,0.019999070243348904
T27,edge,off_reconfiguration,-1,True,8.968534825630175e-07,0.0002061770552126899,0.6166786730691871,0.24385798644391246,True,0.019999669043106322
T27,edge,off_reconfiguration,-1,True,1.000638837365294e-06,0.0002061770552126899,0.6166786730691871,0.24385798644391246,True,0.019999667720343534
T27,edge,off_reconfiguration,-1,True,1.072804112740702e-06,0.0003156804244784146,0.5739138704681956,0.23041982222741508,True,0.019999667720343534
T27,edge,off_reconfiguration,-1,True,8.968534825630175e-07,0.0002061770552126899,0.6166786730691871,0.24385798644391246,True,0.019999667720343534
T27,edge,off_reconfiguration,-1,True,9.287542340969033e-07,0.00047999318404137915,0.6907565723341041,0.1772838618775823,True,0.019999620685435288
T27,edge,off_reconfiguration,-1,True,1.1220690918546326e-06,0.0004998857458015983,0.6885973456923028,0.1661614594190424,True,0.01999961691977903
T27,edge,off_reconfiguration,-1,True,8.102549188952939e-07,0.00041946795058905834,0.6999520691321548,0.1772838618775823,True,0.019999613909128328
T27,edge,off_reconfiguration,-1,True,7.994920139098624e-07,0.0004209372495290942,0.6999520691321548,0.1772838618775823,True,0.01999961176888554
T27,edge,off_reconfiguration,-1,True,7.090229218167633e-07,0.0003658208368068969,0.6401474872146758,0.19637255477749335,True,0.01999961516971785
T27,edge,off_reconfiguration,-1,True,7.495776277714565e-07,0.00041122475414430215,0.6134135308143337,0.18857828162260554,True,0.019999613150111645
T27,edge,off_reconfiguration,-1,True,5.607199870050301e-07,0.0002901097221567966,0.6401474872146758,0.2013930901275062,True,0.019999630754341857
T27,edge,off_reconfiguration,-1,True,8.158773740787188e-07,0.0002955031339076468,0.556943204627908,0.1938594652128325,True,0.019999613150111645
T27,edge,off_reconfiguration,-1,True,5.651387841852334e-07,6.572393670280584e-05,0.7091681600998401,0.2891313734181688,True,0.019999583428986722
T27,edge,off_reconfiguration,-1,True,5.577237166494533e-07,7.016544328395928e-05,0.7091681600998401,0.28588077879109325,True,0.01999959716666011
T27,edge,off_reconfiguration,-1,True,5.577237166494533e-07,6.165522706601063e-05,0.7063377236466697,0.2801105098261861,True,0.019999645326545218
T27,edge,off_reconfiguration,-1,True,7.000873209458e-07,5.136142170796373e-05,0.6967929320724804,0.277041022754688,True,0.01999967370235542
T27,edge,off_reconfiguration,-1,True,2.4090220616547795e-07,0.00011495864791169984,0.6870611660793086,0.33171753204212917,True,0.019997997376090898
T27,edge,off_reconfiguration,-1,True,2.4481728699053663e-07,0.00013398535078332696,0.6901204522470665,0.32401877660396194,True,0.019998529553465094
T27,edge,off_reconfiguration,-1,True,2.2752503175577952e-07,0.0001276869796137196,0.6901204522470665,0.33171753204212917,True,0.019997997376090898
T27,edge,off_reconfiguration,-1,True,2.2752503175577952e-07,0.00011495864791169984,0.6779019938279393,0.33171753204212917,True,0.019997997376090898
T27,edge,off_reconfiguration,-1,True,8.692535899877932e-07,0.0001688918790477773,0.598289234943599,0.2713761149283948,True,0.019999625606310967
T27,edge,off_reconfiguration,-1,True,8.509348720263714e-07,0.00018892720249132354,0.5743999562078949,0.27376219287823106,True,0.019999615913331298
T27,edge,off_reconfiguration,-1,True,8.08913148071313e-07,0.00014600028625203187,0.6048521922182736,0.27376219287823106,True,0.019999615913331298
T27,edge,off_reconfiguration,-1,True,1.000638837365294e-06,0.0001741886560594658,0.6048521922182736,0.2572845494879417,True,0.019999660604859776
T27,edge,off_reconfiguration,-1,True,1.0232365336890758e-06,0.0005548175632851941,0.6310030386231974,0.18388187910716378,True,0.019999664060007583
T27,edge,off_reconfiguration,-1,True,9.981466999282839e-07,0.0006073655948952454,0.5762624298054945,0.18201755429833408,True,0.019999683750691638
T27,edge,off_reconfiguration,-1,True,8.057820044628724e-07,0.0004952991042878369,0.6310030386231974,0.1849165900637099,True,0.019999664060007583
T27,edge,off_reconfiguration,-1,True,1.144560622555999e-06,0.0005728000416070937,0.6310030386231974,0.16483852664142146,True,0.019999721776606888
T27,edge,off_reconfiguration,-1,True,1.0377625311579866e-06,0.0006053140752427509,0.6498829607646797,0.1623724409329947,True,0.019999734004531783
T27,edge,off_reconfiguration,-1,True,1.253541271054197e-06,0.0006708504354437988,0.6070297449234794,0.15485250990676705,True,0.019999872180383765
T27,edge,off_reconfiguration,-1,True,9.744921993715912e-07,0.000521722067204469,0.6512358676362158,0.1623724409329947,True,0.019999734004531783
T27,edge,off_reconfiguration,-1,True,1.013079129024196e-06,0.000521722067204469,0.6494286362037829,0.14657683477665187,True,0.019999895918435928
T27,edge,off_reconfiguration,-1,True,6.896349809118965e-07,0.000183036406071192,0.6148524604190805,0.22773863389441765,True,0.019999695213983704
T27,edge,off_reconfiguration,-1,True,7.869856367421178e-07,0.00015416703048689925,0.6305800004835047,0.2286731952735188,True,0.019999707955509483
T27,edge,off_reconfiguration,-1,True,6.896349809118965e-07,0.00015416703048689925,0.6305800004835047,0.2286731952735188,True,0.019999689737803472
T27,edge,off_reconfiguration,-1,True,6.896349809118965e-07,0.00015416703048689925,0.6305800004835047,0.2286731952735188,True,0.01999968925857315
T27,edge,off_reconfiguration,-1,True,4.087846569902875e-07,7.106864345873956e-05,0.7174617208369929,0.31322583259020786,True,0.019999178028068526
T27,edge,off_reconfiguration,-1,True,4.5937963979973493e-07,7.078602237672758e-05,0.7107104392232302,0.29824500781081276,True,0.019999507139650957
T27,edge,off_reconfiguration,-1,True,5.651387841852334e-07,7.078602237672758e-05,0.711855123311149,0.2969781966287048,True,0.019999500937361026
T27,edge,off_reconfiguration,-1,True,4.087846569902875e-07,7.078602237672758e-05,0.7174617208369929,0.31322583259020786,True,0.019999233222045054
T27,edge,off_reconfiguration,-1,True,2.01501529899565e-07,8.123870469802312e-05,0.6779019938279393,0.33997152706379585,True,0.019997198005539646
T27,edge,off_reconfiguration,-1,True,2.4090220616547795e-07,0.000110809820866777,0.6779019938279393,0.33469983604075076,True,0.019997735244180165
T27,edge,off_reconfiguration,-1,True,2.2752503175577952e-07,0.00011495864791169984,0.6779019938279393,0.33171753204212917,True,0.019997997376090898
T27,edge,off_reconfiguration,-1,True,2.01501529899565e-07,9.713528019651261e-05,0.6779019938279393,0.33997152706379585,True,0.019997198005539646
T27,edge,off_reconfiguration,-1,True,8.692535899877932e-07,0.00018892720249132354,0.5743999562078949,0.2713761149283948,True,0.019999625606310967
T27,edge,off_reconfiguration,-1,True,8.509348720263714e-07,0.00018892720249132354,0.5743999562078949,0.27376219287823106,True,0.019999615913331298
T27,edge,off_reconfiguration,-1,True,1.167688493758155e-06,0.00029890370269317556,0.5133545807895439,0.260542239190713,True,0.019999663400703138
T27,edge,off_reconfiguration,-1,True,8.509348720263714e-07,0.0001995639968308106,0.5570005647185973,0.274588134531809,True,0.019999615908575602
T27,edge,off_reconfiguration,-1,True,9.981466999282839e-07,0.0006073655948952454,0.5762624298054945,0.18201755429833408,True,0.019999683750691638
T27,edge,off_reconfiguration,-1,True,1.0232365336890758e-06,0.0006073655948952454,0.5762624298054945,0.18201755429833408,True,0.019999683750691638
T27,edge,off_reconfiguration,-1,True,1.1746752648296893e-06,0.0006246432288446971,0.4973967295811496,0.18201755429833408,True,0.019999683750691638
T27,edge,off_reconfiguration,-1,True,1.1128853329273534e-06,0.0006623148716902876,0.547429802991736,0.16877837111444838,True,0.019999780763116454
T27,edge,off_reconfiguration,-1,True,1.263956289882464e-06,0.0006116815989986131,0.6295862904591286,0.13583355307769102,True,0.020000184456641062
T27,edge,off_reconfiguration,-1,True,1.3526762585228307e-06,0.0007523397950904305,0.5852872950656364,0.13479664885651316,True,0.020000506828420583
T27,edge,off_reconfiguration,-1,True,1.013079129024196e-06,0.000521722067204469,0.6494286362037829,0.14657683477665187,True,0.019999895918435928
T27,edge,off_reconfiguration,-1,True,1.1726216530612935e-06,0.0005173818985708148,0.6494286362037829,0.14657683477665187,True,0.019999895918435928
T27,edge,off_reconfiguration,-1,True,1.1093975150198984e-06,0.00039655281447960235,0.5151385900493842,0.18159143249218676,True,0.019999567009207603
T27,edge,off_reconfiguration,-1,True,8.736234918013585e-07,0.0002955031339076468,0.5223272184111054,0.1938594652128325,True,0.0199996080702943
T27,edge,off_reconfiguration,-1,True,8.158773740787188e-07,0.0002955031339076468,0.556943204627908,0.1938594652128325,True,0.019999613150111645
T27,edge,off_reconfiguration,-1,True,8.158773740787188e-07,0.00041122475414430215,0.556943204627908,0.18857828162260554,True,0.01999958893687212
T27,edge,off_reconfiguration,-1,True,5.936073602093671e-07,3.030595804759414e-05,0.696332261528649,0.2845694361143614,True,0.01999965009482854
T27,edge,off_reconfiguration,-1,True,6.647531000641229e-07,5.616766518325544e-05,0.679263897326246,0.27394966789019953,True,0.019999706793106226
T27,edge,off_reconfiguration,-1,True,5.936073602093671e-07,4.3767871387363195e-05,0.696332261528649,0.2845694361143614,True,0.01999965009482854
T27,edge,off_reconfiguration,-1,True,7.000873209458e-07,3.2443398557561e-05,0.696332261528649,0.277041022754688,True,0.01999967370235542
T27,edge,off_reconfiguration,-1,True,1.7548765819194393e-07,8.118933992331278e-05,0.7068631795666699,0.34428435587506284,True,0.01999698463703864
T27,edge,off_reconfiguration,-1,True,1.2053151755652347e-07,8.118933992331278e-05,0.7068631795666699,0.3480214841474133,True,0.019996197184139475
T27,edge,off_reconfiguration,-1,True,1.9166466961678965e-07,9.713528019651261e-05,0.6936329978831944,0.3459036254593318,True,0.019996369824060417
T27,edge,off_reconfiguration,-1,True,1.5615491240178437e-07,8.118933992331278e-05,0.7068631795666699,0.3480214841474133,True,0.019996633007925757
T27,edge,off_reconfiguration,-1,True,2.7968213619057097e-07,2.4920832290610958e-05,0.6406771192150805,0.32984081409183874,True,0.019998325200625833
T27,edge,off_reconfiguration,-1,True,1.9895472883136778e-07,2.4027320194202514e-05,0.6406771192150805,0.32984081409183874,True,0.019998325200625833
T27,edge,off_reconfiguration,-1,True,1.9895472883136778e-07,1.747631067917769e-05,0.6406771192150805,0.32984081409183874,True,0.019998325200625833
T27,edge,off_reconfiguration,-1,True,2.8465336759773885e-07,4.074924860802876e-05,0.6406771192150805,0.31900295867465295,True,0.019998811996493893
T27,edge,off_reconfiguration,-1,True,1.511000181679467e-06,0.00034964715042076696,0.4902814560340501,0.2403633281794114,True,0.01999965399769535
T27,edge,off_reconfiguration,-1,True,1.511000181679467e-06,0.00034964715042076696,0.4902814560340501,0.2403633281794114,True,0.019999663400703138
T27,edge,off_reconfiguration,-1,True,2.8277247482330484e-06,0.0005492426133744759,0.35858477494745916,0.21945611028699394,True,0.019999651361779558
T27,edge,off_reconfiguration,-1,True,1.511000181679467e-06,0.00034964715042076696,0.4902814560340501,0.23041982222741508,True,0.019999651361779558
T27,edge,off_reconfiguration,-1,True,1.3234337475566963e-06,0.000629656182914739,0.5891944173797482,0.15725649504325598,True,0.019999857917579134
T27,edge,off_reconfiguration,-1,True,1.3234337475566963e-06,0.0006623148716902876,0.547429802991736,0.15725649504325598,True,0.019999857917579134
T27,edge,off_reconfiguration,-1,True,1.3234337475566963e-06,0.0007160570609778777,0.4937845120396136,0.15725649504325598,True,0.019999916088604658
T27,edge,off_reconfiguration,-1,True,1.3234337475566963e-06,0.000629656182914739,0.5762624298054945,0.15725649504325598,True,0.019999857917579134
T27,edge,off_reconfiguration,-1,True,1.3526762585228307e-06,0.0007523397950904305,0.5852872950656364,0.13479664885651316,True,0.020000506828420583
T27,edge,off_reconfiguration,-1,True,1.3526762585228307e-06,0.0007523397950904305,0.5852872950656364,0.13479664885651316,True,0.020000506828420583
T27,edge,off_reconfiguration,-1,True,1.3526762585228307e-06,0.0007523397950904305,0.5852872950656364,0.13479664885651316,True,0.020000506828420583
T27,edge,off_reconfiguration,-1,True,1.3526762585228307e-06,0.0007523397950904305,0.5852872950656364,0.13479664885651316,True,0.020000506828420583
T27,edge,off_reconfiguration,-1,True,8.736234918013585e-07,0.0002955031339076468,0.5223272184111054,0.1938594652128325,True,0.0199996080702943
T27,edge,off_reconfiguration,-1,True,1.1093975150198984e-06,0.00039655281447960235,0.5151385900493842,0.18159143249218676,True,0.0199996080702943
T27,edge,off_reconfiguration,-1,True,1.1611882656744816e-06,0.0005193590073844217,0.39346226303155735,0.18664561750753403,True,0.019999830494500104
T27,edge,off_reconfiguration,-1,True,8.736234918013585e-07,0.0002905051869815586,0.5223272184111054,0.19766964138854878,True,0.019999695213983704
T27,edge,off_reconfiguration,-1,True,5.936073602093671e-07,3.030595804759414e-05,0.696332261528649,0.2845694361143614,True,0.01999965009482854
T27,edge,off_reconfiguration,-1,True,5.60746970318865e-07,4.3767871387363195e-05,0.6985700948748464,0.28805037523986976,True,0.019999638507679024
T27,edge,off_reconfiguration,-1,True,6.647531000641229e-07,5.616766518325544e-05,0.679263897326246,0.27394966789019953,True,0.019999706793106226
T27,edge,off_reconfiguration,-1,True,5.60746970318865e-07,6.78145694586673e-05,0.692870422877221,0.28054915863697893,True,0.019999694095832632
T27,edge,off_reconfiguration,-1,True,1.5615491240178437e-07,5.6825675666196365e-05,0.7163118357773742,0.34829166867667744,True,0.019996633007925757
T27,edge,off_reconfiguration,-1,True,1.2053151755652347e-07,8.118933992331278e-05,0.7068631795666699,0.3480214841474133,True,0.019996197184139475
T27,edge,off_reconfiguration,-1,True,1.7548765819194393e-07,7.444494962705206e-05,0.7163118357773742,0.34428435587506284,True,0.01999698463703864
T27,edge,off_reconfiguration,-1,True,1.2053151755652347e-07,5.6825675666196365e-05,0.7163118357773742,0.352975737073925,True,0.01999549560704572
T27,edge,off_reconfiguration,-1,True,1.4698180285411635e-07,2.4027320194202514e-05,0.6511475203152166,0.33884586175889514,True,0.01999715873121266
T27,edge,off_reconfiguration,-1,True,1.0726392941932657e-07,1.5201007603895789e-05,0.6511475203152166,0.33884586175889514,True,0.01999705792427081
T27,edge,off_reconfiguration,-1,True,1.0726392941932657e-07,2.745383470411562e-05,0.6462072602189688,0.3329772802032036,True,0.019997154013241064
T27,edge,off_reconfiguration,-1,True,1.0726392941932657e-07,1.878302021753515e-05,0.6511475203152166,0.33564574003913433,True,0.01999705792427081
T27,edge,off_reconfiguration,-1,True,1.2183153553793475e-06,0.00033816227090925784,0.47457632195386723,0.25917831596585295,True,0.01999968271180047
T27,edge,off_reconfiguration,-1,True,1.3429889547472153e-06,0.0004096779263497535,0.4215837577388574,0.25656683091397187,True,0.01999972295720115
T27,edge,off_reconfiguration,-1,True,1.2183153553793475e-06,0.0003677247794850062,0.4397900321435447,0.25917831596585295,True,0.019999707938908817
T27,edge,off_reconfiguration,-1,True,1.2183153553793475e-06,0.00033816227090925784,0.47457632195386723,0.25917831596585295,True,0.01999968271180047
T27,edge,off_reconfiguration,-1,True,1.2348844973743587e-06,0.0007746668025675338,0.42173030497166164,0.15813733690830534,True,0.02000004100416164
T27,edge,off_reconfiguration,-1,True,1.1866826797610195e-06,0.0007160570609778777,0.4937845120396136,0.1609662814747691,True,0.019999916088604658
T27,edge,off_reconfiguration,-1,True,1.209604474631411e-06,0.000745029418137586,0.44247241800809933,0.15404079608481067,True,0.020000123820338972
T27,edge,off_reconfiguration,-1,True,1.1866826797610195e-06,0.0007306077873368526,0.4526625405356549,0.1609662814747691,True,0.019999916088604658
T27,edge,off_reconfiguration,-1,True,1.3565175006846066e-06,0.0005462089884227636,0.6110020902991307,0.12173788382708269,True,0.020000658949766492
T27,edge,off_reconfiguration,-1,True,1.3565175006846066e-06,0.0005462089884227636,0.5882255802257425,0.11146655665457028,True,0.020001316153650472
T27,edge,off_reconfiguration,-1,True,1.3679103530328776e-06,0.0005462089884227636,0.5964656521893847,0.11269615988451435,True,0.020001032339338448
T27,edge,off_reconfiguration,-1,True,1.3565175006846066e-06,0.0005462089884227636,0.6110020902991307,0.12173788382708269,True,0.020000658949766492
T27,edge,off_reconfiguration,-1,True,1.6602963986989573e-06,0.0006650145911064599,0.42324677897482266,0.14826921614766386,True,0.01999969841047361
T27,edge,off_reconfiguration,-1,True,2.0263059793769917e-06,0.0006866548528298017,0.37220854896845434,0.1416629698630706,True,0.019999553564544498
T27,edge,off_reconfiguration,-1,True,1.6602963986989573e-06,0.0006650145911064599,0.42324677897482266,0.15103380016330695,True,0.01999959059826767
T27,edge,off_reconfiguration,-1,True,1.8388098349109674e-06,0.0007481473826845017,0.3750109277536397,0.13632366915356292,True,0.019999904008471403
T27,edge,off_reconfiguration,-1,True,6.647087298545108e-07,0.0001754146470793,0.591724017246269,0.24192874038291373,True,0.019999758396036876
T27,edge,off_reconfiguration,-1,True,6.647087298545108e-07,0.0001754146470793,0.6067085990196521,0.24269960303205548,True,0.019999754590876107
T27,edge,off_reconfiguration,-1,True,6.647087298545108e-07,0.0001899392132397363,0.5735774399362231,0.23567682178989846,True,0.01999975899595624
T27,edge,off_reconfiguration,-1,True,7.033085324307329e-07,0.0001754146470793,0.6068036464643829,0.24497018047749458,True,0.019999754590876107
T27,edge,off_reconfiguration,-1,True,4.4601010264065597e-07,1.7203062292734435e-05,0.739730666082502,0.321925374443521,True,0.019999091191518076
T27,edge,off_reconfiguration,-1,True,4.4601010264065597e-07,1.7203062292734435e-05,0.739730666082502,0.3276896828905901,True,0.019998806917940953
T27,edge,off_reconfiguration,-1,True,4.4601010264065597e-07,6.186177781900159e-05,0.7246751968680183,0.3276896828905901,True,0.019998806917940953
T27,edge,off_reconfiguration,-1,True,4.4601010264065597e-07,1.9931546459655188e-05,0.728500567110434,0.3154133562590019,True,0.019999233222045054
T27,edge,off_reconfiguration,-1,True,1.4547320537247588e-07,3.7855980731456274e-05,0.6983619070807905,0.3615192811511635,True,0.019990671182694653
T27,edge,off_reconfiguration,-1,True,1.4547320537247588e-07,4.859764791087594e-05,0.6983619070807905,0.3615192811511635,True,0.01999240588878065
T27,edge,off_reconfiguration,-1,True,1.4547320537247588e-07,3.7855980731456274e-05,0.6983619070807905,0.3603513458206654,True,0.019990671182694653
T27,edge,off_reconfiguration,-1,True,1.4547320537247588e-07,3.7855980731456274e-05,0.6983619070807905,0.3615192811511635,True,0.019992111365663395
T27,edge,off_reconfiguration,-1,True,2.5826095587120267e-07,9.082562667852385e-05,0.6003508561676488,0.320386096371592,True,0.01999885543953389
T27,edge,off_reconfiguration,-1,True,2.5826095587120267e-07,9.082562667852385e-05,0.6003508561676488,0.3213963210716896,True,0.01999885543953389
T27,edge,off_reconfiguration,-1,True,2.5826095587120267e-07,9.082562667852385e-05,0.6003508561676488,0.3213963210716896,True,0.01999885543953389
T27,edge,off_reconfiguration,-1,True,2.5826095587120267e-07,9.082562667852385e-05,0.6003508561676488,0.3213963210716896,True,0.01999885543953389
T27,edge,off_reconfiguration,-1,True,2.8277247482330484e-06,0.0005492426133744759,0.35858477494745916,0.21945611028699394,True,0.019999651361779558
T27,edge,off_reconfiguration,-1,True,3.2978917468373985e-06,0.000724929746208048,0.3157166650749585,0.21945611028699394,True,0.019999775812139298
T27,edge,off_reconfiguration,-1,True,2.8277247482330484e-06,0.0005492426133744759,0.35858477494745916,0.21945611028699394,True,0.01999965399769535
T27,edge,off_reconfiguration,-1,True,1.4703374951152183e-05,0.002068688611903089,0.14500775275133604,0.21179100729960612,True,0.020000683020437615
T27,edge,off_reconfiguration,-1,True,1.5516560906952197e-06,0.0007105464169046903,0.4631055376874191,0.13687230901067027,True,0.020000530499190317
T27,edge,off_reconfiguration,-1,True,1.4596184363259018e-06,0.000745029418137586,0.44247241800809933,0.13687230901067027,True,0.02000034738792289
T27,edge,off_reconfiguration,-1,True,1.7130776429198553e-06,0.0005781258127069106,0.5351331868984348,0.1148019823588225,True,0.02000073743140318
T27,edge,off_reconfiguration,-1,True,1.4596184363259018e-06,0.000629656182914739,0.5351331868984348,0.13687230901067027,True,0.02000034738792289
T27,edge,off_reconfiguration,-1,True,1.6012626070558047e-06,0.0006671239984980531,0.5271886758790916,0.09613633100895713,True,0.02000362238399786
T27,edge,off_reconfiguration,-1,True,1.4144746529600321e-06,0.0006671239984980531,0.5271886758790916,0.10755066883864774,True,0.020002781712165463
T27,edge,off_reconfiguration,-1,True,1.4144746529600321e-06,0.0006671239984980531,0.5271886758790916,0.10755066883864774,True,0.020002781712165463
T27,edge,off_reconfiguration,-1,True,1.8101988443757776e-06,0.0009892599013103924,0.40046363611283325,0.10216604877526547,True,0.020005299250138914
T27,edge,off_reconfiguration,-1,True,6.78143986205421e-06,0.0010449743003135953,0.23528887630846654,0.1428727302933598,True,0.01999975464046172
T27,edge,off_reconfiguration,-1,True,2.331076874218875e-06,0.000582219793954388,0.3633912588634936,0.15872466588217737,True,0.019999513750187603
T27,edge,off_reconfiguration,-1,True,2.331076874218875e-06,0.0006650145911064599,0.3633912588634936,0.15103380016330695,True,0.019999513728474222
T27,edge,off_reconfiguration,-1,True,4.715867108574241e-06,0.0009325795761734079,0.2745942930954049,0.1354675269294595,True,0.01999943052351799
T27,edge,off_reconfiguration,-1,True,6.13139713151027e-07,0.0001916641020368152,0.5824865692088136,0.24265335991196335,True,0.019999754681671006
T27,edge,off_reconfiguration,-1,True,6.46263855000491e-07,0.00016597280629833126,0.5948662606835168,0.2463045043990588,True,0.019999749321461646
T27,edge,off_reconfiguration,-1,True,5.970569616304859e-07,0.0001661088981835818,0.591724017246269,0.24192874038291373,True,0.019999758396036876
T27,edge,off_reconfiguration,-1,True,6.541051403114479e-07,0.00013257155692134867,0.6287702186936845,0.2560999866051414,True,0.019999749321461646
T27,edge,off_reconfiguration,-1,True,4.732738756293277e-07,2.382931037624239e-05,0.7563563748028135,0.3262144465804878,True,0.019999056019813277
T27,edge,off_reconfiguration,-1,True,4.2300106247871047e-07,2.2877310533063834e-05,0.7563563748028135,0.33526235026236584,True,0.01999864249416669
T27,edge,off_reconfiguration,-1,True,4.4601010264065597e-07,1.7203062292734435e-05,0.739730666082502,0.3276896828905901,True,0.019998806917940953
T27,edge,off_reconfiguration,-1,True,4.292852191039753e-07,5.122641877509565e-06,0.7425602324076536,0.321925374443521,True,0.019999091191518076
T27,edge,off_reconfiguration,-1,True,1.2618042447693213e-07,2.7533372779140336e-05,0.7085118376731224,0.3603513458206654,True,0.019990222704352023
T27,edge,off_reconfiguration,-1,True,1.4547320537247588e-07,3.7855980731456274e-05,0.6983619070807905,0.3603513458206654,True,0.019990671182694653
T27,edge,off_reconfiguration,-1,True,1.2618042447693213e-07,1.4514151986277136e-05,0.7104847293212713,0.3603513458206654,True,0.019988783048303843
T27,edge,off_reconfiguration,-1,True,1.2618042447693213e-07,1.4514151986277136e-05,0.7104847293212713,0.3603513458206654,True,0.019988783048303843
T27,edge,off_reconfiguration,-1,True,2.5826095587120267e-07,9.082562667852385e-05,0.6003508561676488,0.320386096371592,True,0.01999885543953389
T27,edge,off_reconfiguration,-1,True,1.7088666840420584e-07,7.617747215646152e-05,0.6086789438043185,0.320386096371592,True,0.01999866873858791
T27,edge,off_reconfiguration,-1,True,1.7088666840420584e-07,7.617747215646152e-05,0.6086789438043185,0.320386096371592,True,0.01999866873858791
T27,edge,off_reconfiguration,-1,True,2.4523979451109924e-07,0.00010311238915740934,0.5765147972074481,0.30809751721000894,True,0.019999266017106387
T27,edge,off_reconfiguration,-1,True,1.4703374951152183e-05,0.002068688611903089,0.14500775275133604,0.21179100729960612,True,0.020000683020437615
T27,edge,off_reconfiguration,-1,True,3.2978917468373985e-06,0.000724929746208048,0.3157166650749585,0.21945611028699394,True,0.019999775812139298
T27,edge,off_reconfiguration,-1,True,3.2978917468373985e-06,0.000724929746208048,0.3157166650749585,0.22978965797069092,True,0.019999775812139298
T27,edge,off_reconfiguration,-1,True,3.2978917468373985e-06,0.000724929746208048,0.3157166650749585,0.22978965797069092,True,0.019999775812139298
T27,edge,off_reconfiguration,-1,True,1.5516560906952197e-06,0.0007105464169046903,0.4631055376874191,0.13687230901067027,True,0.020000530499190317
T27,edge,off_reconfiguration,-1,True,1.5751731837091379e-06,0.0010715695994146118,0.3270133202147203,0.13725732817504396,True,0.020000662950804216
T27,edge,off_reconfiguration,-1,True,1.9660113440507567e-06,0.0007105464169046903,0.4631055376874191,0.11925004524142693,True,0.02000081320210259
T27,edge,off_reconfiguration,-1,True,1.5516560906952197e-06,0.000745029418137586,0.44247241800809933,0.13725732817504396,True,0.020000530499190317
T27,edge,off_reconfiguration,-1,True,1.8008148469534157e-06,0.0006995407799540166,0.459623696392117,0.08660971353513462,True,0.020005888327608745
T27,edge,off_reconfiguration,-1,True,1.6012626070558047e-06,0.0005693505282750211,0.5293085852713107,0.09613633100895713,True,0.02000362238399786
T27,edge,off_reconfiguration,-1,True,1.6012626070558047e-06,0.0006671239984980531,0.5271886758790916,0.09613633100895713,True,0.02000362238399786
T27,edge,off_reconfiguration,-1,True,1.6012626070558047e-06,0.0005693505282750211,0.5293085852713107,0.09613633100895713,True,0.02000362238399786
T27,edge,off_reconfiguration,-1,True,4.715867108574241e-06,0.0009325795761734079,0.2745942930954049,0.1354675269294595,True,0.019999553564544498
T27,edge,off_reconfiguration,-1,True,4.715867108574241e-06,0.0009325795761734079,0.2745942930954049,0.1354675269294595,True,0.019999513728474222
T27,edge,off_reconfiguration,-1,True,4.715867108574241e-06,0.0009325795761734079,0.2745942930954049,0.1354675269294595,True,0.019999904008471403
T27,edge,off_reconfiguration,-1,True,3.108368553378584e-05,0.002258364117742015,0.11562653254176604,0.11652244878220999,True,0.020000720545655465
T27,edge,off_reconfiguration,-1,True,6.46263855000491e-07,0.0001916641020368152,0.5824865692088136,0.24265335991196335,True,0.019999754681671006
T27,edge,off_reconfiguration,-1,True,6.13139713151027e-07,0.0001916641020368152,0.5824865692088136,0.24265335991196335,True,0.019999754681671006
T27,edge,off_reconfiguration,-1,True,6.13139713151027e-07,0.0001916641020368152,0.5824865692088136,0.24192874038291373,True,0.019999758396036876
T27,edge,off_reconfiguration,-1,True,6.13139713151027e-07,0.0001916641020368152,0.5735774399362231,0.23567682178989846,True,0.01999975899595624
T27,edge,off_reconfiguration,-1,True,4.732738756293277e-07,2.382931037624239e-05,0.7563563748028135,0.3262144465804878,True,0.019999056019813277
T27,edge,off_reconfiguration,-1,True,4.732738756293277e-07,2.382931037624239e-05,0.7709003212523926,0.3262144465804878,True,0.019999056019813277
T27,edge,off_reconfiguration,-1,True,4.732738756293277e-07,4.561101422904789e-05,0.7709003212523926,0.3262144465804878,True,0.0199990953042212
T27,edge,off_reconfiguration,-1,True,4.732738756293277e-07,2.382931037624239e-05,0.7425602324076536,0.321925374443521,True,0.019999091191518076
T27,edge,off_reconfiguration,-1,True,1.236610884821984e-07,1.2806604693773936e-05,0.742198522268988,0.3627828430285903,True,0.01998870856063048
T27,edge,off_reconfiguration,-1,True,1.4039874612509196e-07,3.475393618684e-05,0.742198522268988,0.36595328366190244,True,0.01999046918587083
T27,edge,off_reconfiguration,-1,True,1.2618042447693213e-07,1.4514151986277136e-05,0.7104847293212713,0.3603513458206654,True,0.019988783048303843
T27,edge,off_reconfiguration,-1,True,1.096094119751623e-07,2.7533372779140336e-05,0.7085118376731224,0.36535298168478697,True,0.019990222704352023
T27,edge,off_reconfiguration,-1,True,2.9600065527536384e-07,6.963360272492761e-05,0.6474517432448842,0.3203708409698409,True,0.019998490600663082
T27,edge,off_reconfiguration,-1,True,2.3451093525153448e-07,5.761548980404436e-05,0.6474517432448842,0.3248430046781376,True,0.019997934003683826
T27,edge,off_reconfiguration,-1,True,1.1835094019776584e-07,5.470817376473804e-05,0.6462072602189688,0.3248430046781376,True,0.019997934003683826
T27,edge,off_reconfiguration,-1,True,1.1835094019776584e-07,5.470817376473804e-05,0.6474517432448842,0.3248430046781376,True,0.019997934003683826
T27,edge,off_reconfiguration,-1,True,1.3055598456374609e-06,0.0006549351008023268,0.28164968205781293,0.258063252519409,True,0.019999796992375002
T27,edge,off_reconfiguration,-1,True,1.3055598456374609e-06,0.0005770669906685937,0.3433069041452943,0.2595922415053911,True,0.01999978861854712
T27,edge,off_reconfiguration,-1,True,1.3429889547472153e-06,0.0005770669906685937,0.3433069041452943,0.25656683091397187,True,0.01999978861854712
T27,edge,off_reconfiguration,-1,True,1.3055598456374609e-06,0.0005770669906685937,0.3433069041452943,0.2595922415053911,True,0.01999978861854712
T27,edge,off_reconfiguration,-1,True,1.5751731837091379e-06,0.0011556137750350969,0.2600880084535043,0.14662497758031948,True,0.020000662950804216
T27,edge,off_reconfiguration,-1,True,1.5751731837091379e-06,0.0010715695994146118,0.3270133202147203,0.13725732817504396,True,0.020000662950804216
T27,edge,off_reconfiguration,-1,True,1.5751731837091379e-06,0.0010715695994146118,0.3270133202147203,0.1408244700174753,True,0.020000662950804216
T27,edge,off_reconfiguration,-1,True,1.5751731837091379e-06,0.0010715695994146118,0.3270133202147203,0.14662497758031948,True,0.020000662950804216
T27,edge,off_reconfiguration,-1,True,2.0891474791521436e-06,0.00036963764947829176,0.5496954591441215,0.0859036021324874,True,0.02000224188775765
T27,edge,off_reconfiguration,-1,True,2.205524912715481e-06,0.00036963764947829176,0.5620427757297705,0.09258497366493636,True,0.02000180892143369
T27,edge,off_reconfiguration,-1,True,2.0703465683675524e-06,0.0004224230080699076,0.5620427757297705,0.09463811197288788,True,0.02000180892143369
T27,edge,off_reconfiguration,-1,True,2.0703465683675524e-06,0.0004326316305811901,0.5620427757297705,0.09463811197288788,True,0.02000180892143369
T27,edge,off_reconfiguration,-1,True,2.759970318496557e-06,0.0017047972075150953,0.20134182391257768,0.0902922703497975,True,0.02001147343054288
T27,edge,off_reconfiguration,-1,True,1.7860759725877862e-06,0.0014076894464358366,0.26329483496414235,0.09503528386111593,True,0.02001147343054288
T27,edge,off_reconfiguration,-1,True,1.8101988443757776e-06,0.0014076894464358366,0.26329483496414235,0.09503528386111593,True,0.02001147343054288
T27,edge,off_reconfiguration,-1,True,2.0211158586773987e-06,0.0014076894464358366,0.26329483496414235,0.08391533283146674,True,0.02001147343054288
T27,edge,off_reconfiguration,-1,True,4.87740328952456e-07,0.0005581002803065187,0.3471510308654355,0.19403413428471575,True,0.01999991024656983
T27,edge,off_reconfiguration,-1,True,4.87740328952456e-07,0.00047830377841082177,0.4033376346225152,0.20198129961493283,True,0.019999846199249965
T27,edge,off_reconfiguration,-1,True,9.565952436940796e-07,0.0004870933914989615,0.4033376346225152,0.19113219534280054,True,0.019999846199249965
T27,edge,off_reconfiguration,-1,True,5.788176104081335e-07,0.00047830377841082177,0.4033376346225152,0.20198129961493283,True,0.019999846199249965
T27,edge,off_reconfiguration,-1,True,6.307536516361672e-07,8.101407698086119e-05,0.7194181007380855,0.27982920792455285,True,0.01999969952159228
T27,edge,off_reconfiguration,-1,True,6.307536516361672e-07,7.626354302057493e-05,0.730164416020305,0.28790670920353323,True,0.019999668319344632
T27,edge,off_reconfiguration,-1,True,6.307536516361672e-07,0.00022172486799241315,0.730164416020305,0.28790670920353323,True,0.019999668319344632
T27,edge,off_reconfiguration,-1,True,6.307536516361672e-07,7.626354302057493e-05,0.730164416020305,0.28790670920353323,True,0.019999668319344632
T27,edge,off_reconfiguration,-1,True,2.692378452231934e-07,3.656304953348295e-05,0.8031368898402996,0.3562044902566021,True,0.019996561361709297
T27,edge,off_reconfiguration,-1,True,2.692378452231934e-07,2.9240968383187953e-05,0.7793290545144111,0.3562044902566021,True,0.019996561361709297
T27,edge,off_reconfiguration,-1,True,2.692378452231934e-07,2.9240968383187953e-05,0.7599791161377935,0.35528212895942807,True,0.019996561361709297
T27,edge,off_reconfiguration,-1,True,2.692378452231934e-07,2.9240968383187953e-05,0.7539163923756584,0.3562044902566021,True,0.019996561361709297
T27,edge,off_reconfiguration,-1,True,1.3092787844642922e-07,3.9670627155036404e-05,0.7437001335046842,0.3465844285406566,True,0.019992397613623147
T27,edge,off_reconfiguration,-1,True,1.3092787844642922e-07,3.0390024666916156e-05,0.711116537096077,0.34409437915483193,True,0.01999257048097572
T27,edge,off_reconfiguration,-1,True,1.3092787844642922e-07,3.0390024666916156e-05,0.6946429120495768,0.3475711360145656,True,0.01999158650820443
T27,edge,off_reconfiguration,-1,True,1.3528018150606936e-07,4.59215947798498e-05,0.7253362321602216,0.3372014492527794,True,0.019995384976958935
T27,edge,off_reconfiguration,-1,True,2.6106895416823743e-07,0.00017560154344272864,0.5264413379603506,0.30391661062988895,True,0.019999431988663025
T27,edge,off_reconfiguration,-1,True,2.4523979451109924e-07,0.00010311238915740934,0.5765147972074481,0.30809751721000894,True,0.019999266017106387
T27,edge,off_reconfiguration,-1,True,2.9600065527536384e-07,0.00010311238915740934,0.5765147972074481,0.30809751721000894,True,0.019999266017106387
T27,edge,off_reconfiguration,-1,True,2.4523979451109924e-07,0.00010311238915740934,0.5765147972074481,0.30809751721000894,True,0.019999266017106387
T27,edge,off_reconfiguration,-1,True,1.4703374951152183e-05,0.002068688611903089,0.14500775275133604,0.21179100729960612,True,0.020000683020437615
T27,edge,off_reconfiguration,-1,True,1.4703374951152183e-05,0.002068688611903089,0.14500775275133604,0.21179100729960612,True,0.020000683020437615
T27,edge,off_reconfiguration,-1,True,1.4703374951152183e-05,0.002068688611903089,0.14500775275133604,0.21179100729960612,True,0.020000683020437615
T27,edge,off_reconfiguration,-1,True,1.4703374951152183e-05,0.002068688611903089,0.14500775275133604,0.21179100729960612,True,0.020000683020437615
T27,edge,off_reconfiguration,-1,True,1.9846398307725473e-06,0.0004809178949803945,0.48627256017654397,0.11925004524142693,True,0.02000081320210259
T27,edge,off_reconfiguration,-1,True,1.9846398307725473e-06,0.0007272157050027959,0.3493134188135138,0.12298407338044842,True,0.020000751933767297
T27,edge,off_reconfiguration,-1,True,2.118790865840688e-06,0.00042200866296332104,0.48627256017654397,0.11070810288110083,True,0.020000922852614983
T27,edge,off_reconfiguration,-1,True,1.9846398307725473e-06,0.0011556137750350969,0.2600880084535043,0.12298407338044842,True,0.020000751933767297
T27,edge,off_reconfiguration,-1,True,1.9483090092119704e-06,0.0006995407799540166,0.459623696392117,0.07757427703069233,True,0.020005888327608745
T27,edge,off_reconfiguration,-1,True,2.0891474791521436e-06,0.0004385621730647323,0.48310839813449064,0.07757427703069233,True,0.02000501733788848
T27,edge,off_reconfiguration,-1,True,1.9483090092119704e-06,0.0005693505282750211,0.48310839813449064,0.07757427703069233,True,0.02000501733788848
T27,edge,off_reconfiguration,-1,True,1.9483090092119704e-06,0.0008863597401965432,0.40312541328844026,0.07757427703069233,True,0.020006778110463003
T27,edge,off_reconfiguration,-1,True,3.108368553378584e-05,0.002258364117742015,0.11562653254176604,0.11652244878220999,True,0.020000720545655465
T27,edge,off_reconfiguration,-1,True,3.108368553378584e-05,0.002258364117742015,0.11562653254176604,0.11652244878220999,True,0.020000720545655465
T27,edge,off_reconfiguration,-1,True,3.108368553378584e-05,0.002258364117742015,0.11562653254176604,0.11652244878220999,True,0.020000720545655465
T27,edge,off_reconfiguration,-1,True,3.108368553378584e-05,0.002258364117742015,0.11562653254176604,0.11652244878220999,True,0.020000720545655465
T27,edge,off_reconfiguration,-1,True,7.134237090071698e-07,0.00017806247164879014,0.5579799218790228,0.23616185435551051,True,0.01999974621381681
T27,edge,off_reconfiguration,-1,True,7.134237090071698e-07,0.00017806247164879014,0.5579799218790228,0.23616185435551051,True,0.019999735614601083
T27,edge,off_reconfiguration,-1,True,7.134237090071698e-07,0.0001916641020368152,0.5579799218790228,0.23616185435551051,True,0.019999754681671006
T27,edge,off_reconfiguration,-1,True,7.134237090071698e-07,0.00017806247164879014,0.5579799218790228,0.23616185435551051,True,0.019999749321461646
T27,edge,off_reconfiguration,-1,True,6.130681864058016e-07,7.297142969780847e-05,0.7649349634623265,0.2976375991599132,True,0.019999627074668735
T27,edge,off_reconfiguration,-1,True,6.130681864058016e-07,7.297142969780847e-05,0.75243330880082,0.29260917350368754,True,0.019999649861389746
T27,edge,off_reconfiguration,-1,True,6.130681864058016e-07,0.00022172486799241315,0.7446847223551905,0.2976375991599132,True,0.019999627074668735
T27,edge,off_reconfiguration,-1,True,6.307536516361672e-07,7.626354302057493e-05,0.730164416020305,0.28790670920353323,True,0.019999668319344632
T33,edge,source,0,True,1.0314157562677101e-05,0.0017836459446383516,0.7062114241007972,0.22992963886116194,True,2.6197652874260235e-06
T33,edge,source_reverse,1,True,1.0314157562677101e-05,0.0017836459446383516,0.7062114241007972,0.22992963886116194,True,2.6197652874260235e-06
T33,edge,source,2,True,4.279239247514471e-07,0.0001668401285314812,0.6956833983000847,0.22695667257051258,True,3.2543187464262324e-07
T33,edge,source_reverse,3,True,4.279239247514471e-07,0.0001668401285314812,0.6956833983000847,0.22695667257051258,True,3.2543187464262324e-07
T33,edge,source,4,True,5.419460381479357e-07,0.0002756340484089662,0.6843840207324366,0.25849322647065126,True,4.061607530858602e-07
T33,edge,source_reverse,5,True,5.419460381479357e-07,0.0002756340484089662,0.6843840207324366,0.25849322647065126,True,4.061607530858602e-07
T33,edge,source,6,True,5.78538063930361e-07,0.0002752781259439542,0.6794776722575013,0.2124169018190304,True,5.279645896583141e-07
T33,edge,source_reverse,7,True,5.78538063930361e-07,0.0002752781259439542,0.6794776722575013,0.2124169018190304,True,5.279645896583141e-07
T33,edge,source,8,True,6.272222358771436e-07,0.0002807721316338534,0.6918284922923725,0.2133352110768183,True,5.180663172343891e-07
T33,edge,source_reverse,9,True,6.272222358771436e-07,0.0002807721316338534,0.6918284922923725,0.2133352110768183,True,5.180663172343891e-07
T33,edge,source,10,True,8.117801231225392e-07,0.00036804279614907273,0.6842451731328629,0.19803884229229926,True,7.811191009010621e-07
T33,edge,source_reverse,11,True,8.117801231225392e-07,0.00036804279614907273,0.6842451731328629,0.19803884229229926,True,7.811191009010621e-07
T33,edge,source,12,True,8.963557970916595e-07,0.0003640140811656568,0.6571853046039535,0.1986506264971564,True,7.024133331368088e-07
T33,edge,source_reverse,13,True,8.963557970916595e-07,0.0003640140811656568,0.6571853046039535,0.1986506264971564,True,7.024133331368088e-07
T33,edge,source,14,True,7.95848449800156e-07,0.00019529967185562933,0.6613991004849017,0.27062661889177275,True,4.0750544305634406e-07
T33,edge,source_reverse,15,True,7.95848449800156e-07,0.00019529967185562933,0.6613991004849017,0.27062661889177275,True,4.0750544305634406e-07
T33,edge,source,16,True,7.046169391842106e-07,0.00028349399328780883,0.682737215203752,0.27051525248590164,True,6.342622657362629e-07
T33,edge,source_reverse,17,True,7.046169391842106e-07,0.00028349399328780883,0.682737215203752,0.27051525248590164,True,6.342622657362629e-07
T33,edge,source,18,True,9.454145243553777e-07,0.00019161085038505967,0.6309750174552924,0.2600171191383302,True,3.182544918711727e-07
T33,edge,source_reverse,19,True,9.454145243553777e-07,0.00019161085038505967,0.6309750174552924,0.2600171191383302,True,3.182544918711727e-07
T33,edge,source,20,True,9.766073132984839e-07,0.00044144886310683567,0.6281773569285732,0.18648413500733832,True,8.109955733637264e-07
T33,edge,source_reverse,21,True,9.766073132984839e-07,0.00044144886310683567,0.6281773569285732,0.18648413500733832,True,8.109955733637264e-07
T33,edge,source,22,True,9.307977826507184e-07,0.0004565645877114684,0.6592834470993015,0.1838895466175932,True,9.129129745766296e-07
T33,edge,source_reverse,23,True,9.307977826507184e-07,0.0004565645877114684,0.6592834470993015,0.1838895466175932,True,9.129129745766296e-07
T33,edge,source,24,True,8.735524810286395e-07,0.00028402958966689814,0.6585385218524981,0.22488170119655151,True,7.023630288760518e-07
T33,edge,source_reverse,25,True,8.735524810286395e-07,0.00028402958966689814,0.6585385218524981,0.22488170119655151,True,7.023630288760518e-07
T33,edge,source,26,True,1.138594928450086e-06,0.0005362344227879168,0.6248653724869956,0.17526894480482635,True,1.1109101936690458e-06
T33,edge,source_reverse,27,True,1.138594928450086e-06,0.0005362344227879168,0.6248653724869956,0.17526894480482635,True,1.1109101936690458e-06
T33,edge,source,28,True,1.174396842948823e-06,0.0005408020903868637,0.6359526392777491,0.17005166672588423,True,1.1604800108089286e-06
T33,edge,source_reverse,29,True,1.174396842948823e-06,0.0005408020903868637,0.6359526392777491,0.17005166672588423,True,1.1604800108089286e-06
T33,edge,source,30,True,1.2931557417556421e-06,0.0005106629941599103,0.5918656695658319,0.19423279786695827,True,6.950308512054804e-07
T33,edge,source_reverse,31,True,1.2931557417556421e-06,0.0005106629941599103,0.5918656695658319,0.19423279786695827,True,6.950308512054804e-07
T33,edge,source,32,True,9.430841935235045e-07,0.0001762934045621281,0.6180295723089899,0.2851515324538782,True,5.497112010588445e-07
T33,edge,source_reverse,33,True,9.430841935235045e-07,0.0001762934045621281,0.6180295723089899,0.2851515324538782,True,5.497112010588445e-07
T33,edge,source,34,True,7.590625341528915e-07,0.00028266226457143246,0.6733365341579006,0.28159829673501535,True,7.357517173567363e-07
T33,edge,source_reverse,35,True,7.590625341528915e-07,0.00028266226457143246,0.6733365341579006,0.28159829673501535,True,7.357517173567363e-07
T33,edge,source,36,True,7.078769341326392e-07,0.00015506983350832223,0.6525052772258226,0.29700436813863085,True,6.865781288223349e-07
T33,edge,source_reverse,37,True,7.078769341326392e-07,0.00015506983350832223,0.6525052772258226,0.29700436813863085,True,6.865781288223349e-07
T33,edge,source,38,True,1.0480349134263878e-06,0.00016938103137881152,0.5775516868644379,0.2758920435948863,True,4.048053500183002e-07
T33,edge,source_reverse,39,True,1.0480349134263878e-06,0.00016938103137881152,0.5775516868644379,0.2758920435948863,True,4.048053500183002e-07
T33,edge,source,40,True,1.4515493394591301e-06,0.0005784314878150768,0.5478990317560265,0.182108566595252,True,1.004863407205736e-06
T33,edge,source_reverse,41,True,1.4515493394591301e-06,0.0005784314878150768,0.5478990317560265,0.182108566595252,True,1.004863407205736e-06
T33,edge,source,42,True,1.296300006828497e-06,0.0006138941244764909,0.6107026057695844,0.15662299194053572,True,1.2091761591448424e-06
T33,edge,source_reverse,43,True,1.296300006828497e-06,0.0006138941244764909,0.6107026057695844,0.15662299194053572,True,1.2091761591448424e-06
T33,edge,source,44,True,1.186843450826441e-06,0.0006225344857318694,0.5807340156143054,0.15987535811021553,True,1.1845882053052037e-06
T33,edge,source_reverse,45,True,1.186843450826441e-06,0.0006225344857318694,0.5807340156143054,0.15987535811021553,True,1.1845882053052037e-06
T33,edge,source,46,True,9.795603642586725e-07,0.00027974867726889447,0.615989681401227,0.23373725335806353,True,8.02736021265904e-07
T33,edge,source_reverse,47,True,9.795603642586725e-07,0.00027974867726889447,0.615989681401227,0.23373725335806353,True,8.02736021265904e-07
T33,edge,source,48,True,1.316579840437183e-06,0.0005469524799819027,0.5271593739285207,0.16775172561217064,True,8.756214596450373e-07
T33,edge,source_reverse,49,True,1.316579840437183e-06,0.0005469524799819027,0.5271593739285207,0.16775172561217064,True,8.756214596450373e-07
T33,edge,source,50,True,1.4572497570818852e-06,0.0006983581393890276,0.5317673303359547,0.1436969525698435,True,1.4478154015951095e-06
T33,edge,source_reverse,51,True,1.4572497570818852e-06,0.0006983581393890276,0.5317673303359547,0.1436969525698435,True,1.4478154015951095e-06
T33,edge,source,52,True,1.521557168934894e-06,0.00064411040082757,0.5026112065025103,0.14762467230273993,True,1.2229180330336487e-06
T33,edge,source_reverse,53,True,1.521557168934894e-06,0.00064411040082757,0.5026112065025103,0.14762467230273993,True,1.2229180330336487e-06
T33,edge,source,54,True,1.8828059014449571e-06,0.000519446719819475,0.4961541549326498,0.20614013634112768,True,6.359560857371882e-07
T33,edge,source_reverse,55,True,1.8828059014449571e-06,0.000519446719819475,0.4961541549326498,0.20614013634112768,True,6.359560857371882e-07
T33,edge,source,56,True,7.559476354649991e-07,0.00012504213876641732,0.5875292723610855,0.30941538190689544,True,5.910617875137802e-07
T33,edge,source_reverse,57,True,7.559476354649991e-07,0.00012504213876641732,0.5875292723610855,0.30941538190689544,True,5.910617875137802e-07
T33,edge,source,58,True,5.824254712092096e-07,0.00012903285363416843,0.6483552555818272,0.2993183049558135,True,5.68368947073683e-07
T33,edge,source_reverse,59,True,5.824254712092096e-07,0.00012903285363416843,0.6483552555818272,0.2993183049558135,True,5.68368947073683e-07
T33,edge,source,60,True,7.267232956090513e-07,0.000275663136980582,0.6637011786915916,0.2915408356679132,True,7.252523094025687e-07
T33,edge,source_reverse,61,True,7.267232956090513e-07,0.000275663136980582,0.6637011786915916,0.2915408356679132,True,7.252523094025687e-07
T33,edge,source,62,True,3.570300735714552e-07,0.0001028859237877118,0.6140198219131192,0.34410113810450715,True,3.388045297925135e-07
T33,edge,source_reverse,63,True,3.570300735714552e-07,0.0001028859237877118,0.6140198219131192,0.34410113810450715,True,3.388045297925135e-07
T33,edge,source,64,True,1.3719571464052849e-06,0.0003058619511074426,0.4906001191209148,0.2681204677272994,True,4.2706760844390956e-07
T33,edge,source_reverse,65,True,1.3719571464052849e-06,0.0003058619511074426,0.4906001191209148,0.2681204677272994,True,4.2706760844390956e-07
T33,edge,source,66,True,2.3494872142949103e-06,0.0007087648089119699,0.43685281724099595,0.16979955004725006,True,1.2463019456177005e-06
T33,edge,source_reverse,67,True,2.3494872142949103e-06,0.0007087648089119699,0.43685281724099595,0.16979955004725006,True,1.2463019456177005e-06
T33,edge,source,68,True,1.53836170363476e-06,0.000698668593731778,0.512980033394998,0.13167743434813617,True,1.3292343143955776e-06
T33,edge,source_reverse,69,True,1.53836170363476e-06,0.000698668593731778,0.512980033394998,0.13167743434813617,True,1.3292343143955776e-06
T33,edge,source,70,True,1.6907629444432515e-06,0.0007733686032783652,0.46501158639434303,0.1314929250394371,True,1.3767172015455298e-06
T33,edge,source_reverse,71,True,1.6907629444432515e-06,0.0007733686032783652,0.46501158639434303,0.1314929250394371,True,1.3767172015455298e-06
T33,edge,source,72,True,1.7031583141635411e-06,0.0004834032909568831,0.4666365150991181,0.17301264334700475,True,7.740310070947221e-07
T33,edge,source_reverse,73,True,1.7031583141635411e-06,0.0004834032909568831,0.4666365150991181,0.17301264334700475,True,7.740310070947221e-07
T33,edge,source,74,True,7.854783112724773e-07,0.00027082663632668915,0.5510851356564876,0.24065552016031166,True,7.702393679531738e-07
T33,edge,source_reverse,75,True,7.854783112724773e-07,0.00027082663632668915,0.5510851356564876,0.24065552016031166,True,7.702393679531738e-07
T33,edge,source,76,True,2.374442508262643e-06,0.0007776204865947584,0.3954969381523678,0.13984854979395966,True,1.2752015197126099e-06
T33,edge,source_reverse,77,True,2.374442508262643e-06,0.0007776204865947584,0.3954969381523678,0.13984854979395966,True,1.2752015197126099e-06
T33,edge,source,78,True,1.8407666136257356e-06,0.0008424760436322998,0.4101349289278482,0.12021759737059319,True,1.583379885733427e-06
T33,edge,source_reverse,79,True,1.8407666136257356e-06,0.0008424760436322998,0.4101349289278482,0.12021759737059319,True,1.583379885733427e-06
T33,edge,source,80,True,1.5338912463600149e-06,0.0007919333921196607,0.4113812515741004,0.12494873007794426,True,1.3804150769403112e-06
T33,edge,source_reverse,81,True,1.5338912463600149e-06,0.0007919333921196607,0.4113812515741004,0.12494873007794426,True,1.3804150769403112e-06
T33,edge,source,82,True,3.227504001895658e-06,0.0007912178847863956,0.3707331130629866,0.17606013330937953,True,9.369163923023116e-07
T33,edge,source_reverse,83,True,3.227504001895658e-06,0.0007912178847863956,0.3707331130629866,0.17606013330937953,True,9.369163923023116e-07
T33,edge,source,84,True,1.0865626881447533e-06,0.00025377048307448656,0.4883040943878866,0.28827549717671463,True,6.162934959030864e-07
T33,edge,source_reverse,85,True,1.0865626881447533e-06,0.00025377048307448656,0.4883040943878866,0.28827549717671463,True,6.162934959030864e-07
T33,edge,source,86,True,2.819500110955387e-07,7.630176557304134e-05,0.6075554085682144,0.34661027555774754,True,2.566463686293208e-07
T33,edge,source_reverse,87,True,2.819500110955387e-07,7.630176557304134e-05,0.6075554085682144,0.34661027555774754,True,2.566463686293208e-07
T33,edge,source,88,True,6.411366681401811e-07,0.00026570198550252396,0.6628557865986586,0.30001634784035724,True,6.305055166022644e-07
T33,edge,source_reverse,89,True,6.411366681401811e-07,0.00026570198550252396,0.6628557865986586,0.30001634784035724,True,6.305055166022644e-07
T33,edge,source,90,True,6.289957624388667e-07,5.2477570643749016e-05,0.6351835279995388,0.3131721862931896,True,6.205056293506761e-07
T33,edge,source_reverse,91,True,6.289957624388667e-07,5.2477570643749016e-05,0.6351835279995388,0.3131721862931896,True,6.205056293506761e-07
T33,edge,source,92,True,2.419807480685581e-07,5.2540039832693054e-05,0.5939417883337738,0.33446658486005787,True,2.3765757617422167e-07
T33,edge,source_reverse,93,True,2.419807480685581e-07,5.2540039832693054e-05,0.5939417883337738,0.33446658486005787,True,2.3765757617422167e-07
T33,edge,source,94,True,1.3953713708324838e-06,0.000398015135638738,0.40262329027100197,0.2687007805052586,True,3.7105231062706245e-07
T33,edge,source_reverse,95,True,1.3953713708324838e-06,0.000398015135638738,0.40262329027100197,0.2687007805052586,True,3.7105231062706245e-07
T33,edge,source,96,True,4.682421093082213e-06,0.0008981840782619593,0.29847925420133437,0.15918004340122566,True,1.2913607705389296e-06
T33,edge,source_reverse,97,True,4.682421093082213e-06,0.0008981840782619593,0.29847925420133437,0.15918004340122566,True,1.2913607705389296e-06
T33,edge,source,98,True,1.6555379134756158e-06,0.0007999758835250927,0.4059940534013757,0.11345333515229908,True,1.45216339725307e-06
T33,edge,source_reverse,99,True,1.6555379134756158e-06,0.0007999758835250927,0.4059940534013757,0.11345333515229908,True,1.45216339725307e-06
T33,edge,source,100,True,2.4404185937421537e-06,0.0009301373109743329,0.3299252503996815,0.11028973047669552,True,1.3861982854634913e-06
T33,edge,source_reverse,101,True,2.4404185937421537e-06,0.0009301373109743329,0.3299252503996815,0.11028973047669552,True,1.3861982854634913e-06
T33,edge,source,102,True,3.443980554878936e-06,0.0008741816673038509,0.3206255027626681,0.13293997037155564,True,7.746591898227795e-07
T33,edge,source_reverse,103,True,3.443980554878936e-06,0.0008741816673038509,0.3206255027626681,0.13293997037155564,True,7.746591898227795e-07
T33,edge,source,104,True,6.786425671026355e-07,0.0002608107309752959,0.5307302134033998,0.24153902466244526,True,6.465489903462185e-07
T33,edge,source_reverse,105,True,6.786425671026355e-07,0.0002608107309752959,0.5307302134033998,0.24153902466244526,True,6.465489903462185e-07
T33,edge,source,106,True,2.723189386181492e-06,0.0007106448937608657,0.31292292789554543,0.18127846618674565,True,5.480206762276119e-07
T33,edge,source_reverse,107,True,2.723189386181492e-06,0.0007106448937608657,0.31292292789554543,0.18127846618674565,True,5.480206762276119e-07
T33,edge,source,108,True,6.819180152313854e-06,0.0012291343039617121,0.24229924700259098,0.10419388595470923,True,1.8015951121497231e-06
T33,edge,source_reverse,109,True,6.819180152313854e-06,0.0012291343039617121,0.24229924700259098,0.10419388595470923,True,1.8015951121497231e-06
T33,edge,source,110,True,1.8698367375881907e-06,0.0007864413955692369,0.42561571546964827,0.10222984967861397,True,1.7699511130064849e-06
T33,edge,source_reverse,111,True,1.8698367375881907e-06,0.0007864413955692369,0.42561571546964827,0.10222984967861397,True,1.7699511130064849e-06
T33,edge,source,112,True,7.059964137454438e-06,0.0012902378638907587,0.22930894941205368,0.12269504203640745,True,1.6669904541743996e-06
T33,edge,source_reverse,113,True,7.059964137454438e-06,0.0012902378638907587,0.22930894941205368,0.12269504203640745,True,1.6669904541743996e-06
T33,edge,source,114,True,9.24528515846957e-06,0.0012404611257111318,0.22134621734028306,0.18075511204129688,True,6.164730143309871e-07
T33,edge,source_reverse,115,True,9.24528515846957e-06,0.0012404611257111318,0.22134621734028306,0.18075511204129688,True,6.164730143309871e-07
T33,edge,source,116,True,6.823626941937714e-07,0.00018273149630889017,0.48005385293264213,0.30256167249858473,True,5.607843992783135e-07
T33,edge,source_reverse,117,True,6.823626941937714e-07,0.00018273149630889017,0.48005385293264213,0.30256167249858473,True,5.607843992783135e-07
T33,edge,source,118,True,2.832766189588401e-07,3.543932030182262e-05,0.5976961364987647,0.34467855932166713,True,2.828146854760849e-07
T33,edge,source_reverse,119,True,2.832766189588401e-07,3.543932030182262e-05,0.5976961364987647,0.34467855932166713,True,2.828146854760849e-07
T33,edge,source,120,True,5.567117683387025e-07,0.0002567815613839622,0.660419985470228,0.30651984068759014,True,5.368272423256215e-07
T33,edge,source_reverse,121,True,5.567117683387025e-07,0.0002567815613839622,0.660419985470228,0.30651984068759014,True,5.368272423256215e-07
T33,edge,source,122,True,7.074428810741264e-07,0.00025365412434119096,0.6707756247398228,0.3088263203493496,True,6.588155485875991e-07
T33,edge,source_reverse,123,True,7.074428810741264e-07,0.00025365412434119096,0.6707756247398228,0.3088263203493496,True,6.588155485875991e-07
T33,edge,source,124,True,4.288536989420803e-07,1.6400456182785054e-05,0.6003490618007227,0.3464793432639586,True,4.131093964965249e-07
T33,edge,source_reverse,125,True,4.288536989420803e-07,1.6400456182785054e-05,0.6003490618007227,0.3464793432639586,True,4.131093964965249e-07
T33,edge,source,126,True,4.239857443014608e-07,0.00010128648935057209,0.5110156570805169,0.3053768074857002,True,3.705482729265963e-07
T33,edge,source_reverse,127,True,4.239857443014608e-07,0.00010128648935057209,0.5110156570805169,0.3053768074857002,True,3.705482729265963e-07
T33,edge,source,128,True,2.09230124090627e-05,0.0018371832146210725,0.14699347510083258,0.2002612335903644,True,1.790863703415857e-06
T33,edge,source_reverse,129,True,2.09230124090627e-05,0.0018371832146210725,0.14699347510083258,0.2002612335903644,True,1.790863703415857e-06
T33,edge,source,130,True,2.3823960753342648e-05,0.0020476756625439647,0.14042623201510868,0.13229994939490236,True,2.672769521955276e-06
T33,edge,source_reverse,131,True,2.3823960753342648e-05,0.0020476756625439647,0.14042623201510868,0.13229994939490236,True,2.672769521955276e-06
T33,edge,source,132,True,2.2070900762944003e-06,0.00040568355476233427,0.5131084294542717,0.09676346685455735,True,1.973751849904115e-06
T33,edge,source_reverse,133,True,2.2070900762944003e-06,0.00040568355476233427,0.5131084294542717,0.09676346685455735,True,1.973751849904115e-06
T33,edge,source,134,True,1.568223810754763e-05,0.0018028798690507635,0.1626034443031096,0.0967116840670157,True,1.7478394620518145e-06
T33,edge,source_reverse,135,True,1.568223810754763e-05,0.0018028798690507635,0.1626034443031096,0.0967116840670157,True,1.7478394620518145e-06
T33,edge,source,136,True,1.5834873262195965e-05,0.00155660918719272,0.163136899136725,0.13077488904257106,True,8.575881341732483e-07
T33,edge,source_reverse,137,True,1.5834873262195965e-05,0.00155660918719272,0.163136899136725,0.13077488904257106,True,8.575881341732483e-07
T33,edge,source,138,True,7.14887964937785e-07,0.00025437726948878623,0.529885189878762,0.25085325375775325,True,6.586540699515808e-07
T33,edge,source_reverse,139,True,7.14887964937785e-07,0.00025437726948878623,0.529885189878762,0.25085325375775325,True,6.586540699515808e-07
T33,edge,source,140,True,6.334142709413108e-07,0.0006558871194516682,0.2618085620273278,0.19758124221864717,True,5.213170714835069e-07
T33,edge,source_reverse,141,True,6.334142709413108e-07,0.0006558871194516682,0.2618085620273278,0.19758124221864717,True,5.213170714835069e-07
T33,edge,source,142,True,6.200440074739066e-05,0.003244241895418476,0.08324963974176822,0.1003176731044714,True,7.358677291346982e-06
T33,edge,source_reverse,143,True,6.200440074739066e-05,0.003244241895418476,0.08324963974176822,0.1003176731044714,True,7.358677291346982e-06
T33,edge,source,144,True,2.241022445295143e-06,0.0006119877844247959,0.36119860184364644,0.09423286593325411,True,2.1084586274422445e-06
T33,edge,source_reverse,145,True,2.241022445295143e-06,0.0006119877844247959,0.36119860184364644,0.09423286593325411,True,2.1084586274422445e-06
T33,edge,source,146,True,2.2560484229659693e-06,0.0009308634982888687,0.23607785288230468,0.10939079091308712,True,2.123970405804032e-06
T33,edge,source_reverse,147,True,2.2560484229659693e-06,0.0009308634982888687,0.23607785288230468,0.10939079091308712,True,2.123970405804032e-06
T33,edge,source,148,False,9.88235455576121e-05,0.005193207392467686,0.056986978008719796,0.16997765381304936,True,5.445634462419857e-06
T33,edge,source,150,True,3.911124883387066e-06,0.0052224753328569285,0.3697282231795643,0.2854498845821904,True,2.9992142390744547e-06
T33,edge,source_reverse,151,True,3.911124883387066e-06,0.0052224753328569285,0.3697282231795643,0.2854498845821904,True,2.9992142390744547e-06
T33,edge,source,152,True,4.766739271571161e-07,1.6533255566816085e-05,0.6137106405490231,0.3294920541208411,True,4.470311180670983e-07
T33,edge,source_reverse,153,True,4.766739271571161e-07,1.6533255566816085e-05,0.6137106405490231,0.3294920541208411,True,4.470311180670983e-07
T33,edge,source,154,True,5.287012600653539e-07,1.548605131859321e-05,0.6349505009356683,0.34496794008947607,True,4.865661226705065e-07
T33,edge,source_reverse,155,True,5.287012600653539e-07,1.548605131859321e-05,0.6349505009356683,0.34496794008947607,True,4.865661226705065e-07
T33,edge,source,156,True,5.9529029521076e-07,2.9402556261217092e-05,0.7022627658103722,0.31038132282532305,True,5.306296121110332e-07
T33,edge,source_reverse,157,True,5.9529029521076e-07,2.9402556261217092e-05,0.7022627658103722,0.31038132282532305,True,5.306296121110332e-07
T33,edge,source,158,True,2.37164723099589e-05,0.005499974511269511,0.6990060747388475,0.24159919691545753,True,6.024495660172935e-06
T33,edge,source_reverse,159,True,2.37164723099589e-05,0.005499974511269511,0.6990060747388475,0.24159919691545753,True,6.024495660172935e-06
T33,edge,source,160,True,4.279082556099889e-07,0.00016684231303191706,0.6956832074740802,0.22695355593157687,True,3.2540069916375813e-07
T33,edge,source_reverse,161,True,4.279082556099889e-07,0.00016684231303191706,0.6956832074740802,0.22695355593157687,True,3.2540069916375813e-07
T33,edge,source,162,True,6.887965403525649e-07,0.00025261746891137664,0.6794779381484801,0.2231980083251748,True,4.803837656552901e-07
T33,edge,source_reverse,163,True,6.887965403525649e-07,0.00025261746891137664,0.6794779381484801,0.2231980083251748,True,4.803837656552901e-07
T33,edge,source,164,True,6.267385166166157e-07,0.0002752728299441471,0.69668647602038,0.2124129974693388,True,5.278602986380498e-07
T33,edge,source_reverse,165,True,6.267385166166157e-07,0.0002752728299441471,0.69668647602038,0.2124129974693388,True,5.278602986380498e-07
T33,edge,source,166,True,6.623571296605307e-07,0.0002028354885072763,0.677457085093845,0.2568407055299549,True,5.013611961424136e-07
T33,edge,source_reverse,167,True,6.623571296605307e-07,0.0002028354885072763,0.677457085093845,0.2568407055299549,True,5.013611961424136e-07
T33,edge,source,168,True,6.465662477335793e-07,0.00019535005226968959,0.6846839126076708,0.24023515480887048,True,4.647552536152233e-07
T33,edge,source_reverse,169,True,6.465662477335793e-07,0.00019535005226968959,0.6846839126076708,0.24023515480887048,True,4.647552536152233e-07
T33,edge,source,170,True,8.115716509261412e-07,0.0003680923067237074,0.6842421609456958,0.19803626701140337,True,7.810460808110875e-07
T33,edge,source_reverse,171,True,8.115716509261412e-07,0.0003680923067237074,0.6842421609456958,0.19803626701140337,True,7.810460808110875e-07
T33,edge,source,172,True,8.9620663747001e-07,0.00036399906228628084,0.6571827348034038,0.203193317330828,True,5.612120063669401e-07
T33,edge,source_reverse,173,True,8.9620663747001e-07,0.00036399906228628084,0.6571827348034038,0.203193317330828,True,5.612120063669401e-07
T33,edge,source,174,True,9.68358099406496e-07,0.00020039506145433782,0.629440179086452,0.25508238180160536,True,5.15129028849648e-07
T33,edge,source_reverse,175,True,9.68358099406496e-07,0.00020039506145433782,0.629440179086452,0.25508238180160536,True,5.15129028849648e-07
T33,edge,source,176,True,9.769158930473505e-07,0.00044151077953572763,0.6281921967546082,0.18535096401326578,True,8.328462214046706e-07
T33,edge,source_reverse,177,True,9.769158930473505e-07,0.00044151077953572763,0.6281921967546082,0.18535096401326578,True,8.328462214046706e-07
T33,edge,source,178,True,9.239102869078653e-07,0.00045653664718374654,0.6592717297813003,0.18389149826981915,True,9.128880724962318e-07
T33,edge,source_reverse,179,True,9.239102869078653e-07,0.00045653664718374654,0.6592717297813003,0.18389149826981915,True,9.128880724962318e-07
T33,edge,source,180,True,8.736237611127314e-07,0.00018868397582168752,0.6630419211908748,0.22948795829032964,True,7.021338905843777e-07
T33,edge,source_reverse,181,True,8.736237611127314e-07,0.00018868397582168752,0.6630419211908748,0.22948795829032964,True,7.021338905843777e-07
T33,edge,source,182,True,6.330945505680591e-07,0.0001967628758059741,0.6516509397225245,0.3075405183544969,True,5.22170655270493e-07
T33,edge,source_reverse,183,True,6.330945505680591e-07,0.0001967628758059741,0.6516509397225245,0.3075405183544969,True,5.22170655270493e-07
T33,edge,source,184,True,6.353797658545877e-07,0.00017683010531653043,0.6663335047864263,0.27775732403129816,True,5.807771361610037e-07
T33,edge,source_reverse,185,True,6.353797658545877e-07,0.00017683010531653043,0.6663335047864263,0.27775732403129816,True,5.807771361610037e-07
T33,edge,source,186,True,9.246205289414828e-07,0.00042047636982302526,0.6248932543234491,0.18856152581125765,True,7.126133216295294e-07
T33,edge,source_reverse,187,True,9.246205289414828e-07,0.00042047636982302526,0.6248932543234491,0.18856152581125765,True,7.126133216295294e-07
T33,edge,source,188,True,1.1749176319306057e-06,0.0005405944789762247,0.6307494363509409,0.17006149290812614,True,1.1603328163301008e-06
T33,edge,source_reverse,189,True,1.1749176319306057e-06,0.0005405944789762247,0.6307494363509409,0.17006149290812614,True,1.1603328163301008e-06
T33,edge,source,190,True,1.2937584834644896e-06,0.000513158446572023,0.5918716414743104,0.17962342240235307,True,8.722090783230829e-07
T33,edge,source_reverse,191,True,1.2937584834644896e-06,0.000513158446572023,0.5918716414743104,0.17962342240235307,True,8.722090783230829e-07
T33,edge,source,192,True,1.2399854166085887e-06,0.00019237208396838352,0.5984953661563791,0.2593485656611941,True,5.609392025873738e-07
T33,edge,source_reverse,193,True,1.2399854166085887e-06,0.00019237208396838352,0.5984953661563791,0.2593485656611941,True,5.609392025873738e-07
T33,edge,source,194,True,1.451724908333376e-06,0.0003168593145467044,0.5479664231166422,0.23217719077237872,True,4.04958400396227e-07
T33,edge,source_reverse,195,True,1.451724908333376e-06,0.0003168593145467044,0.5479664231166422,0.23217719077237872,True,4.04958400396227e-07
T33,edge,source,196,True,1.4464190169782864e-06,0.0005782739435044622,0.5479156481220224,0.1621519551845564,True,1.0869795707968422e-06
T33,edge,source_reverse,197,True,1.4464190169782864e-06,0.0005782739435044622,0.5479156481220224,0.1621519551845564,True,1.0869795707968422e-06
T33,edge,source,198,True,1.2706331382618519e-06,0.0006222639476336412,0.5841402410439009,0.15661320428881653,True,1.2089657195069048e-06
T33,edge,source_reverse,199,True,1.2706331382618519e-06,0.0006222639476336412,0.5841402410439009,0.15661320428881653,True,1.2089657195069048e-06
T33,edge,source,200,True,1.0850089800714465e-06,0.0004809285047951726,0.5807558456231326,0.18039126740927305,True,8.02652325382347e-07
T33,edge,source_reverse,201,True,1.0850089800714465e-06,0.0004809285047951726,0.5807558456231326,0.18039126740927305,True,8.02652325382347e-07
T33,edge,source,202,True,8.234876636555029e-07,0.00015511448328135076,0.6636400928311416,0.2749993558185721,True,7.878531681770884e-07
T33,edge,source_reverse,203,True,8.234876636555029e-07,0.00015511448328135076,0.6636400928311416,0.2749993558185721,True,7.878531681770884e-07
T33,edge,source,204,True,5.963642260530868e-07,0.00018758361018625068,0.625877829841166,0.3323914919581783,True,5.156948636175773e-07
T33,edge,source_reverse,205,True,5.963642260530868e-07,0.00018758361018625068,0.625877829841166,0.3323914919581783,True,5.156948636175773e-07
T33,edge,source,206,True,4.868943699030705e-07,0.00012905544836421673,0.6386316141512137,0.3165577356204164,True,4.614222115228994e-07
T33,edge,source_reverse,207,True,4.868943699030705e-07,0.00012905544836421673,0.6386316141512137,0.3165577356204164,True,4.614222115228994e-07
T33,edge,source,208,True,9.281567436064003e-07,0.000227320339746818,0.5703339404529882,0.2219775811608377,True,6.567729582407367e-07
T33,edge,source_reverse,209,True,9.281567436064003e-07,0.000227320339746818,0.5703339404529882,0.2219775811608377,True,6.567729582407367e-07
T33,edge,source,210,True,1.432740131715067e-06,0.0006983356978452592,0.5272032501254392,0.14781652077022966,True,1.4300254917165578e-06
T33,edge,source_reverse,211,True,1.432740131715067e-06,0.0006983356978452592,0.5272032501254392,0.14781652077022966,True,1.4300254917165578e-06
T33,edge,source,212,True,1.457479125705389e-06,0.0006863766661889473,0.5901682630341137,0.14370061368226453,True,1.4482955303651845e-06
T33,edge,source_reverse,213,True,1.457479125705389e-06,0.0006863766661889473,0.5901682630341137,0.14370061368226453,True,1.4482955303651845e-06
T33,edge,source,214,True,1.8833513840439206e-06,0.0006444532098564772,0.4961615563418293,0.16335502884021139,True,1.1159527407988978e-06
T33,edge,source_reverse,215,True,1.8833513840439206e-06,0.0006444532098564772,0.4961615563418293,0.16335502884021139,True,1.1159527407988978e-06
T33,edge,source,216,True,1.7337148310160686e-06,0.00031923029340019703,0.5092519145071636,0.24792624424021154,True,6.361399287335701e-07
T33,edge,source_reverse,217,True,1.7337148310160686e-06,0.00031923029340019703,0.5092519145071636,0.24792624424021154,True,6.361399287335701e-07
T33,edge,source,218,True,8.321782476788341e-07,0.00018274146872147308,0.5357380285775013,0.2949717002942246,True,4.987702278691497e-07
T33,edge,source_reverse,219,True,8.321782476788341e-07,0.00018274146872147308,0.5357380285775013,0.2949717002942246,True,4.987702278691497e-07
T33,edge,source,220,True,2.346334020062372e-06,0.0006571162478897193,0.436898747311587,0.18822958814348897,True,1.0524975401215997e-06
T33,edge,source_reverse,221,True,2.346334020062372e-06,0.0006571162478897193,0.436898747311587,0.18822958814348897,True,1.0524975401215997e-06
T33,edge,source,222,True,1.6325547234644246e-06,0.0007083142044060754,0.4593609495317533,0.1354962411234101,True,1.3284518692313618e-06
T33,edge,source_reverse,223,True,1.6325547234644246e-06,0.0007083142044060754,0.4593609495317533,0.1354962411234101,True,1.3284518692313618e-06
T33,edge,source,224,True,1.4325515147600623e-06,0.0007734878251690912,0.474109113121457,0.13148988285589155,True,1.3762795955940543e-06
T33,edge,source_reverse,225,True,1.4325515147600623e-06,0.0007734878251690912,0.474109113121457,0.13148988285589155,True,1.3762795955940543e-06
T33,edge,source,226,True,1.7026086359386708e-06,0.0006839259828102345,0.46500367128076425,0.15313401872473692,True,8.295973742966645e-07
T33,edge,source_reverse,227,True,1.7026086359386708e-06,0.0006839259828102345,0.46500367128076425,0.15313401872473692,True,8.295973742966645e-07
T33,edge,source,228,True,8.271216480947297e-07,0.00015357249753764779,0.5915872153965506,0.24890487858686355,True,7.741888134182862e-07
T33,edge,source_reverse,229,True,8.271216480947297e-07,0.00015357249753764779,0.5915872153965506,0.24890487858686355,True,7.741888134182862e-07
T33,edge,source,230,True,5.164015956308422e-07,0.00010290717608740922,0.6226499535824473,0.3378184067166806,True,5.071936389211551e-07
T33,edge,source_reverse,231,True,5.164015956308422e-07,0.00010290717608740922,0.6226499535824473,0.3378184067166806,True,5.071936389211551e-07
T33,edge,source,232,True,5.267724771502701e-07,0.00017813614251319535,0.6052268622747695,0.3429498596003677,True,4.6879126555654516e-07
T33,edge,source_reverse,233,True,5.267724771502701e-07,0.00017813614251319535,0.6052268622747695,0.3429498596003677,True,4.6879126555654516e-07
T33,edge,source,234,True,4.986994863702164e-07,7.627310045441415e-05,0.6264754849373227,0.321277741574733,True,4.916699029855476e-07
T33,edge,source_reverse,235,True,4.986994863702164e-07,7.627310045441415e-05,0.6264754849373227,0.321277741574733,True,4.916699029855476e-07
T33,edge,source,236,True,7.784191358472415e-07,0.0002738365009497854,0.5088297526138982,0.2233929151487829,True,5.899940767051248e-07
T33,edge,source_reverse,237,True,7.784191358472415e-07,0.0002738365009497854,0.5088297526138982,0.2233929151487829,True,5.899940767051248e-07
T33,edge,source,238,True,2.3737636050879394e-06,0.000838687801023281,0.395516109395377,0.13080162647414045,True,1.4624328743273463e-06
T33,edge,source_reverse,239,True,2.3737636050879394e-06,0.000838687801023281,0.395516109395377,0.13080162647414045,True,1.4624328743273463e-06
T33,edge,source,240,True,1.6260765439959218e-06,0.0008425366070479081,0.4419995558714545,0.12022215619589559,True,1.5835094891725188e-06
T33,edge,source_reverse,241,True,1.6260765439959218e-06,0.0008425366070479081,0.4419995558714545,0.12022215619589559,True,1.5835094891725188e-06
T33,edge,source,242,True,2.4684888997329586e-06,0.0007926900948551086,0.3808074772628244,0.1300639065683417,True,1.360397764216259e-06
T33,edge,source_reverse,243,True,2.4684888997329586e-06,0.0007926900948551086,0.3808074772628244,0.1300639065683417,True,1.360397764216259e-06
T33,edge,source,244,True,3.229586515786869e-06,0.0007205318475260362,0.3706947781395613,0.18994141979621393,True,6.918874115857676e-07
T33,edge,source_reverse,245,True,3.229586515786869e-06,0.0007205318475260362,0.3706947781395613,0.18994141979621393,True,6.918874115857676e-07
T33,edge,source,246,True,8.172804668261851e-07,0.00017402956433444354,0.5237333444362869,0.30562031453540933,True,6.094589865834887e-07
T33,edge,source_reverse,247,True,8.172804668261851e-07,0.00017402956433444354,0.5237333444362869,0.30562031453540933,True,6.094589865834887e-07
T33,edge,source,248,True,1.1350428929808115e-06,0.0003441946920113007,0.42216467197353014,0.2767134389696101,True,3.7109665218526544e-07
T33,edge,source_reverse,249,True,1.1350428929808115e-06,0.0003441946920113007,0.42216467197353014,0.2767134389696101,True,3.7109665218526544e-07
T33,edge,source,250,True,4.688805931724356e-06,0.0008973368167549794,0.29851119851068225,0.1632474634673048,True,1.2811750388086462e-06
T33,edge,source_reverse,251,True,4.688805931724356e-06,0.0008973368167549794,0.29851119851068225,0.1632474634673048,True,1.2811750388086462e-06
T33,edge,source,252,True,1.654823943093667e-06,0.0008472476453905181,0.3820729283301777,0.11503834519826471,True,1.4516713332246578e-06
T33,edge,source_reverse,253,True,1.654823943093667e-06,0.0008472476453905181,0.3820729283301777,0.11503834519826471,True,1.4516713332246578e-06
T33,edge,source,254,True,1.958608891569968e-06,0.0009294054583462631,0.3406904160093993,0.11028840547018423,True,1.385989815194666e-06
T33,edge,source_reverse,255,True,1.958608891569968e-06,0.0009294054583462631,0.3406904160093993,0.11028840547018423,True,1.385989815194666e-06
T33,edge,source,256,True,3.448818182509476e-06,0.0009145302729495852,0.3205931837726655,0.12837807999901982,True,8.977280964161949e-07
T33,edge,source_reverse,257,True,3.448818182509476e-06,0.0009145302729495852,0.3205931837726655,0.12837807999901982,True,8.977280964161949e-07
T33,edge,source,258,True,6.917249797978641e-07,0.00022832499764660714,0.5107513391354722,0.23463077783816214,True,6.46476363580506e-07
T33,edge,source_reverse,259,True,6.917249797978641e-07,0.00022832499764660714,0.5107513391354722,0.23463077783816214,True,6.46476363580506e-07
T33,edge,source,260,True,5.874705944330934e-07,5.2540039832693054e-05,0.617658818887506,0.3304951830978431,True,5.818502702426009e-07
T33,edge,source_reverse,261,True,5.874705944330934e-07,5.2540039832693054e-05,0.617658818887506,0.3304951830978431,True,5.818502702426009e-07
T33,edge,source,262,True,4.2426490533408406e-07,0.00017068427839107825,0.5977213163209439,0.3406789502943165,True,3.6761345775793153e-07
T33,edge,source_reverse,263,True,4.2426490533408406e-07,0.00017068427839107825,0.5977213163209439,0.3406789502943165,True,3.6761345775793153e-07
T33,edge,source,264,True,3.2279017787279106e-07,3.545988271742089e-05,0.597696183012465,0.34979195773071503,True,3.0238127177173446e-07
T33,edge,source_reverse,265,True,3.2279017787279106e-07,3.545988271742089e-05,0.597696183012465,0.34979195773071503,True,3.0238127177173446e-07
T33,edge,source,266,True,5.699502746335051e-07,4.683320063857104e-05,0.6446130509001108,0.28997075171991815,True,5.471317310878909e-07
T33,edge,source_reverse,267,True,5.699502746335051e-07,4.683320063857104e-05,0.6446130509001108,0.28997075171991815,True,5.471317310878909e-07
T33,edge,source,268,True,2.2245592968778023e-06,0.000661911937430303,0.3272328092960524,0.18652192474692075,True,5.480317867845308e-07
T33,edge,source_reverse,269,True,2.2245592968778023e-06,0.000661911937430303,0.3272328092960524,0.18652192474692075,True,5.480317867845308e-07
T33,edge,source,270,True,6.808312469014772e-06,0.0012292045775429358,0.24228847773197604,0.10492896194771202,True,1.8000558694719615e-06
T33,edge,source_reverse,271,True,6.808312469014772e-06,0.0012292045775429358,0.24228847773197604,0.10492896194771202,True,1.8000558694719615e-06
T33,edge,source,272,True,1.8703797398552883e-06,0.0008376320116299456,0.4094997079341085,0.1022270486286275,True,1.7698917755826216e-06
T33,edge,source_reverse,273,True,1.8703797398552883e-06,0.0008376320116299456,0.4094997079341085,0.1022270486286275,True,1.7698917755826216e-06
T33,edge,source,274,True,5.836455668882647e-06,0.001291963502223874,0.2371237748979183,0.1207095323510847,True,1.6736812604167817e-06
T33,edge,source_reverse,275,True,5.836455668882647e-06,0.001291963502223874,0.2371237748979183,0.1207095323510847,True,1.6736812604167817e-06
T33,edge,source,276,True,9.254951053210597e-06,0.0012781946740107319,0.22136410400418235,0.17683127506415394,True,7.066700974112106e-07
T33,edge,source_reverse,277,True,9.254951053210597e-06,0.0012781946740107319,0.22136410400418235,0.17683127506415394,True,7.066700974112106e-07
T33,edge,source,278,True,7.158495352369668e-07,0.00020538358675290677,0.46781840095435123,0.3007790438058576,True,5.607023318143778e-07
T33,edge,source_reverse,279,True,7.158495352369668e-07,0.00020538358675290677,0.46781840095435123,0.3007790438058576,True,5.607023318143778e-07
T33,edge,source,280,True,4.422067675732453e-07,0.0001667658384906033,0.46319887070526305,0.29837955120154025,True,3.704812638061217e-07
T33,edge,source_reverse,281,True,4.422067675732453e-07,0.0001667658384906033,0.46319887070526305,0.29837955120154025,True,3.704812638061217e-07
T33,edge,source,282,True,2.3822249219205433e-05,0.002018421840522951,0.1404331479751573,0.17576922248399765,True,2.670087453970904e-06
T33,edge,source_reverse,283,True,2.3822249219205433e-05,0.002018421840522951,0.1404331479751573,0.17576922248399765,True,2.670087453970904e-06
T33,edge,source,284,True,1.7032640846224163e-05,0.0020465978305837266,0.14949187479419293,0.12334178070056306,True,2.4835321436045277e-06
T33,edge,source_reverse,285,True,1.7032640846224163e-05,0.0020465978305837266,0.14949187479419293,0.12334178070056306,True,2.4835321436045277e-06
T33,edge,source,286,True,2.20668872202739e-06,0.0005463010628732172,0.45982281241614203,0.09671089011150132,True,1.97398842094465e-06
T33,edge,source_reverse,287,True,2.20668872202739e-06,0.0005463010628732172,0.45982281241614203,0.09671089011150132,True,1.97398842094465e-06
T33,edge,source,288,True,1.5826757645036346e-05,0.001804079271664601,0.16259227018089994,0.0972423420031001,True,1.7153749124754203e-06
T33,edge,source_reverse,289,True,1.5826757645036346e-05,0.001804079271664601,0.16259227018089994,0.0972423420031001,True,1.7153749124754203e-06
T33,edge,source,290,True,1.0133034974752082e-05,0.0013438342949908533,0.19258128886886833,0.15569646570081142,True,8.162955670854011e-07
T33,edge,source_reverse,291,True,1.0133034974752082e-05,0.0013438342949908533,0.19258128886886833,0.15569646570081142,True,8.162955670854011e-07
T33,edge,source,292,True,7.148983433544491e-07,0.00010329955497492638,0.5816127456834747,0.26571262883421976,True,6.5887225386696e-07
T33,edge,source_reverse,293,True,7.148983433544491e-07,0.00010329955497492638,0.5816127456834747,0.26571262883421976,True,6.5887225386696e-07
T33,edge,source,294,True,6.293148252582539e-07,1.6400456182785054e-05,0.6113323999280001,0.35135587144545677,True,6.04165419915148e-07
T33,edge,source_reverse,295,True,6.293148252582539e-07,1.6400456182785054e-05,0.6113323999280001,0.35135587144545677,True,6.04165419915148e-07
T33,edge,source,296,True,4.355454609256738e-07,0.00016747026331943892,0.6003476361555495,0.3397390149003827,True,3.437846349818585e-07
T33,edge,source_reverse,297,True,4.355454609256738e-07,0.00016747026331943892,0.6003476361555495,0.3397390149003827,True,3.437846349818585e-07
T33,edge,source,298,True,3.4238509376948224e-07,8.494940521530481e-06,0.6137119800895334,0.34920996467576765,True,3.1269664019228927e-07
T33,edge,source_reverse,299,True,3.4238509376948224e-07,8.494940521530481e-06,0.6137119800895334,0.34920996467576765,True,3.1269664019228927e-07
T33,edge,source,300,True,6.010974677036041e-07,3.3384623890087823e-05,0.690959103710595,0.3040037449632496,True,5.310683464099242e-07
T33,edge,source_reverse,301,True,6.010974677036041e-07,3.3384623890087823e-05,0.690959103710595,0.3040037449632496,True,5.310683464099242e-07
T33,edge,source,302,True,6.093551804592508e-07,0.00034984410451133896,0.34604658908036784,0.2141081772285721,True,5.301934419277288e-07
T33,edge,source_reverse,303,True,6.093551804592508e-07,0.00034984410451133896,0.34604658908036784,0.2141081772285721,True,5.301934419277288e-07
T33,edge,source,304,True,6.201957404474772e-05,0.0032412403006224695,0.08324295384819269,0.10470571912800414,True,7.3564261799108355e-06
T33,edge,source_reverse,305,True,6.201957404474772e-05,0.0032412403006224695,0.08324295384819269,0.10470571912800414,True,7.3564261799108355e-06
T33,edge,source,306,True,2.1370113725500715e-06,0.0009695267974507575,0.2727722227902866,0.09423290774763142,True,2.0486891529614137e-06
T33,edge,source_reverse,307,True,2.1370113725500715e-06,0.0009695267974507575,0.2727722227902866,0.09423290774763142,True,2.0486891529614137e-06
T33,edge,source,308,True,2.2554876957310633e-06,0.0004805729484871256,0.3416035922237607,0.10249124664603215,True,2.1239706431974703e-06
T33,edge,source_reverse,309,True,2.2554876957310633e-06,0.0004805729484871256,0.3416035922237607,0.10249124664603215,True,2.1239706431974703e-06
T33,edge,source,310,False,9.892561799370506e-05,0.0051944647442145105,0.05698777074467136,0.16103334611529252,True,5.4476059010433175e-06
T33,edge,source,312,True,7.877244862816967e-07,0.00036646586596652544,0.29247064656840444,0.27767683477101873,True,4.960459770442238e-07
T33,edge,source_reverse,313,True,7.877244862816967e-07,0.00036646586596652544,0.29247064656840444,0.27767683477101873,True,4.960459770442238e-07
T33,edge,source,314,True,5.290903010117887e-07,2.23942727958561e-05,0.6056041548816627,0.32273720092714653,True,4.827419979036573e-07
T33,edge,source_reverse,315,True,5.290903010117887e-07,2.23942727958561e-05,0.6056041548816627,0.32273720092714653,True,4.827419979036573e-07
T33,edge,source,316,True,1.2928363778638103e-05,0.0016293133163195076,0.6972579150863768,0.23873785421479546,True,7.4783909327358344e-06
T33,edge,source_reverse,317,True,1.2928363778638103e-05,0.0016293133163195076,0.6972579150863768,0.23873785421479546,True,7.4783909327358344e-06
T33,edge,source,318,True,7.485965843116619e-07,0.00021898919561039594,0.6972745756117804,0.22425435644136657,True,4.995098076554516e-07
T33,edge,source_reverse,319,True,7.485965843116619e-07,0.00021898919561039594,0.6972745756117804,0.22425435644136657,True,4.995098076554516e-07
T33,edge,source,320,True,6.515313205433523e-07,0.00024974448003889686,0.6813915406168111,0.2404524753278852,True,4.859046777716536e-07
T33,edge,source_reverse,321,True,6.515313205433523e-07,0.00024974448003889686,0.6813915406168111,0.2404524753278852,True,4.859046777716536e-07
T33,edge,source,322,True,6.717293076898758e-07,0.0003326650980106172,0.6837717860753201,0.20977151200247854,True,6.371356962853181e-07
T33,edge,source_reverse,323,True,6.717293076898758e-07,0.0003326650980106172,0.6837717860753201,0.20977151200247854,True,6.371356962853181e-07
T33,edge,source,324,True,8.565281584261169e-07,0.00017661768431851508,0.688074598791155,0.22903369800098133,True,6.648023996025376e-07
T33,edge,source_reverse,325,True,8.565281584261169e-07,0.00017661768431851508,0.688074598791155,0.22903369800098133,True,6.648023996025376e-07
T33,edge,source,326,True,7.56960317948643e-07,0.0002874809400088639,0.6592921201639556,0.2218679020014244,True,2.9196048317858825e-07
T33,edge,source_reverse,327,True,7.56960317948643e-07,0.0002874809400088639,0.6592921201639556,0.2218679020014244,True,2.9196048317858825e-07
T33,edge,source,328,True,8.639168084151886e-07,0.0004319537805255912,0.6716923536347732,0.19544710982436397,True,8.40702066601251e-07
T33,edge,source_reverse,329,True,8.639168084151886e-07,0.0004319537805255912,0.6716923536347732,0.19544710982436397,True,8.40702066601251e-07
T33,edge,source,330,True,7.590724567063832e-07,0.00035952386955121965,0.6764646928019125,0.2081669283485443,True,5.544535698343012e-07
T33,edge,source_reverse,331,True,7.590724567063832e-07,0.00035952386955121965,0.6764646928019125,0.2081669283485443,True,5.544535698343012e-07
T33,edge,source,332,True,5.62942650907425e-07,0.00017433087822200986,0.6504184535582874,0.28600320770283766,True,3.1794021854159027e-07
T33,edge,source_reverse,333,True,5.62942650907425e-07,0.00017433087822200986,0.6504184535582874,0.28600320770283766,True,3.1794021854159027e-07
T33,edge,source,334,True,9.57513775797245e-07,0.0004490914304578126,0.6303971188182548,0.1986218391683227,True,6.827743537496378e-07
T33,edge,source_reverse,335,True,9.57513775797245e-07,0.0004490914304578126,0.6303971188182548,0.1986218391683227,True,6.827743537496378e-07
T33,edge,source,336,True,1.0216319254847023e-06,0.0004580803931027828,0.6558835252323117,0.18133221838103705,True,9.370954767717876e-07
T33,edge,source_reverse,337,True,1.0216319254847023e-06,0.0004580803931027828,0.6558835252323117,0.18133221838103705,True,9.370954767717876e-07
T33,edge,source,338,True,7.642712299463878e-07,0.0003280980029759357,0.6486521943568045,0.196208001191667,True,6.422225907187773e-07
T33,edge,source_reverse,339,True,7.642712299463878e-07,0.0003280980029759357,0.6486521943568045,0.196208001191667,True,6.422225907187773e-07
T33,edge,source,340,True,6.327883135049083e-07,0.00016665871517853868,0.6616656981473902,0.28390375566247594,True,5.85312828899065e-07
T33,edge,source_reverse,341,True,6.327883135049083e-07,0.00016665871517853868,0.6616656981473902,0.28390375566247594,True,5.85312828899065e-07
T33,edge,source,342,True,1.1710626868639305e-06,0.00020557337657747793,0.5953825394826691,0.24494088624811697,True,3.394658201205658e-07
T33,edge,source_reverse,343,True,1.1710626868639305e-06,0.00020557337657747793,0.5953825394826691,0.24494088624811697,True,3.394658201205658e-07
T33,edge,source,344,True,1.1761230106993613e-06,0.0005159986417993523,0.5941500527776057,0.1726912047025686,True,8.42134784156956e-07
T33,edge,source_reverse,345,True,1.1761230106993613e-06,0.0005159986417993523,0.5941500527776057,0.1726912047025686,True,8.42134784156956e-07
T33,edge,source,346,True,9.112774529513127e-07,0.00046710704461429427,0.6125995102638481,0.16753826720586804,True,8.959555361509608e-07
T33,edge,source_reverse,347,True,9.112774529513127e-07,0.00046710704461429427,0.6125995102638481,0.16753826720586804,True,8.959555361509608e-07
T33,edge,source,348,True,8.402006871433273e-07,0.0003298584066465915,0.6113756084462687,0.19355353475345238,True,6.988539747732059e-07
T33,edge,source_reverse,349,True,8.402006871433273e-07,0.0003298584066465915,0.6113756084462687,0.19355353475345238,True,6.988539747732059e-07
T33,edge,source,350,True,6.767641005408641e-07,0.00015023505300113457,0.6575975810576827,0.28797142609283016,True,6.483618650299228e-07
T33,edge,source_reverse,351,True,6.767641005408641e-07,0.00015023505300113457,0.6575975810576827,0.28797142609283016,True,6.483618650299228e-07
T33,edge,source,352,True,9.57783154512875e-07,0.00014458550197741048,0.5843810094221025,0.2782026415157305,True,3.794531220624453e-07
T33,edge,source_reverse,353,True,9.57783154512875e-07,0.00014458550197741048,0.5843810094221025,0.2782026415157305,True,3.794531220624453e-07
T33,edge,source,354,True,1.445513048816678e-06,0.0004998806421032394,0.5501836140008327,0.18332008705733774,True,8.084855339096642e-07
T33,edge,source_reverse,355,True,1.445513048816678e-06,0.0004998806421032394,0.5501836140008327,0.18332008705733774,True,8.084855339096642e-07
T33,edge,source,356,True,1.0775446237739063e-06,0.0005124413151612747,0.6044682236076594,0.15416183359229685,True,1.0246484777043374e-06
T33,edge,source_reverse,357,True,1.0775446237739063e-06,0.0005124413151612747,0.6044682236076594,0.15416183359229685,True,1.0246484777043374e-06
T33,edge,source,358,True,1.0246051169654317e-06,0.0005467518702274379,0.564470641851167,0.1555808150729594,True,1.0241524945053815e-06
T33,edge,source_reverse,359,True,1.0246051169654317e-06,0.0005467518702274379,0.564470641851167,0.1555808150729594,True,1.0241524945053815e-06
T33,edge,source,360,True,9.11263170104564e-07,0.00018829338539947193,0.590784199563895,0.22260131563654356,True,7.242572445942397e-07
T33,edge,source_reverse,361,True,9.11263170104564e-07,0.00018829338539947193,0.590784199563895,0.22260131563654356,True,7.242572445942397e-07
T33,edge,source,362,True,5.61291817423309e-07,0.00012884629592658248,0.6389684677848233,0.3156541854125201,True,5.459803084084669e-07
T33,edge,source_reverse,363,True,5.61291817423309e-07,0.00012884629592658248,0.6389684677848233,0.3156541854125201,True,5.459803084084669e-07
T33,edge,source,364,True,1.000523924116381e-06,0.00018537311459582975,0.5530566171577189,0.2808501434378746,True,4.0408101056876866e-07
T33,edge,source_reverse,365,True,1.000523924116381e-06,0.00018537311459582975,0.5530566171577189,0.2808501434378746,True,4.0408101056876866e-07
T33,edge,source,366,True,1.812430065874369e-06,0.0006340572847170037,0.49836969642768175,0.1819937901966534,True,1.0996958032805093e-06
T33,edge,source_reverse,367,True,1.812430065874369e-06,0.0006340572847170037,0.49836969642768175,0.1819937901966534,True,1.0996958032805093e-06
T33,edge,source,368,True,1.2759672516048167e-06,0.0006482115815114535,0.5440491208367406,0.14138199733792392,True,1.2097420173939888e-06
T33,edge,source_reverse,369,True,1.2759672516048167e-06,0.0006482115815114535,0.5440491208367406,0.14138199733792392,True,1.2097420173939888e-06
T33,edge,source,370,True,1.2283459021960685e-06,0.0006236516985898659,0.5083906437575408,0.14133181483110824,True,1.1249043596894825e-06
T33,edge,source_reverse,371,True,1.2283459021960685e-06,0.0006236516985898659,0.5083906437575408,0.14133181483110824,True,1.1249043596894825e-06
T33,edge,source,372,True,1.227188597313765e-06,0.0003555267647401705,0.5116900946667684,0.18576194298363288,True,7.202190435151579e-07
T33,edge,source_reverse,373,True,1.227188597313765e-06,0.0003555267647401705,0.5116900946667684,0.18576194298363288,True,7.202190435151579e-07
T33,edge,source,374,True,7.153847995718445e-07,0.0001040623646967925,0.655411245355623,0.28470865868044964,True,7.06975285230671e-07
T33,edge,source_reverse,375,True,7.153847995718445e-07,0.0001040623646967925,0.655411245355623,0.28470865868044964,True,7.06975285230671e-07
T33,edge,source,376,True,2.8658217195117904e-07,0.00010510435599231581,0.6064699918877998,0.33697128038389546,True,2.4335453083224046e-07
T33,edge,source_reverse,377,True,2.8658217195117904e-07,0.00010510435599231581,0.6064699918877998,0.33697128038389546,True,2.4335453083224046e-07
T33,edge,source,378,True,1.875298567455145e-06,0.00037468116915970927,0.4632700166028673,0.2463456195996643,True,4.1120562851992837e-07
T33,edge,source_reverse,379,True,1.875298567455145e-06,0.00037468116915970927,0.4632700166028673,0.2463456195996643,True,4.1120562851992837e-07
T33,edge,source,380,True,2.3434895371709335e-06,0.000712344546485174,0.4391507991779204,0.157653543369277,True,1.3504425494803574e-06
T33,edge,source_reverse,381,True,2.3434895371709335e-06,0.000712344546485174,0.4391507991779204,0.157653543369277,True,1.3504425494803574e-06
T33,edge,source,382,True,1.595592445007779e-06,0.000674352561869322,0.5598098667110045,0.12923584957110257,True,1.440675691660731e-06
T33,edge,source_reverse,383,True,1.595592445007779e-06,0.000674352561869322,0.5598098667110045,0.12923584957110257,True,1.440675691660731e-06
T33,edge,source,384,True,1.6313746637995583e-06,0.0008435819376915607,0.4440290918041364,0.12968874265203045,True,1.447259133174894e-06
T33,edge,source_reverse,385,True,1.6313746637995583e-06,0.0008435819376915607,0.4440290918041364,0.12968874265203045,True,1.447259133174894e-06
T33,edge,source,386,True,1.4168217587556545e-06,0.0003541586458549521,0.4659785377470386,0.19027812693384497,True,6.89355074856568e-07
T33,edge,source_reverse,387,True,1.4168217587556545e-06,0.0003541586458549521,0.4659785377470386,0.19027812693384497,True,6.89355074856568e-07
T33,edge,source,388,True,6.807412201070693e-07,7.848683131121497e-05,0.6533720016160386,0.2898811481294537,True,6.766875047248266e-07
T33,edge,source_reverse,389,True,6.807412201070693e-07,7.848683131121497e-05,0.6533720016160386,0.2898811481294537,True,6.766875047248266e-07
T33,edge,source,390,True,2.8632030732434907e-07,8.095557168196308e-05,0.6043324710164142,0.3401034925476971,True,2.7170338701143493e-07
T33,edge,source_reverse,391,True,2.8632030732434907e-07,8.095557168196308e-05,0.6043324710164142,0.3401034925476971,True,2.7170338701143493e-07
T33,edge,source,392,True,1.3672077885263343e-06,0.00033919643668149256,0.45270699935577585,0.2686638985352582,True,3.978121614622854e-07
T33,edge,source_reverse,393,True,1.3672077885263343e-06,0.00033919643668149256,0.45270699935577585,0.2686638985352582,True,3.978121614622854e-07
T33,edge,source,394,True,3.188434881417526e-06,0.0007885231723175712,0.37298814775526057,0.16386460935188382,True,1.3292710460688362e-06
T33,edge,source_reverse,395,True,3.188434881417526e-06,0.0007885231723175712,0.37298814775526057,0.16386460935188382,True,1.3292710460688362e-06
T33,edge,source,396,True,1.6670195865496272e-06,0.0007631623736695143,0.45708238937080004,0.12062645385596317,True,1.4545165156476525e-06
T33,edge,source_reverse,397,True,1.6670195865496272e-06,0.0007631623736695143,0.45708238937080004,0.12062645385596317,True,1.4545165156476525e-06
T33,edge,source,398,True,2.116697147066835e-06,0.000920508559546933,0.3797446129772699,0.11815635299344654,True,1.4573408760043538e-06
T33,edge,source_reverse,399,True,2.116697147066835e-06,0.000920508559546933,0.3797446129772699,0.11815635299344654,True,1.4573408760043538e-06
T33,edge,source,400,True,2.7446616864916614e-06,0.0008293728761312818,0.3728921129839277,0.1421377846403769,True,8.043834663074012e-07
T33,edge,source_reverse,401,True,2.7446616864916614e-06,0.0008293728761312818,0.3728921129839277,0.1421377846403769,True,8.043834663074012e-07
T33,edge,source,402,True,7.905472088637205e-07,0.00020955230198286924,0.5494574638126615,0.2438463722098142,True,7.510080024530907e-07
T33,edge,source_reverse,403,True,7.905472088637205e-07,0.00020955230198286924,0.5494574638126615,0.2438463722098142,True,7.510080024530907e-07
T33,edge,source,404,True,6.403678970356522e-07,6.860537433642813e-05,0.6139246155339713,0.3362649801270337,True,6.366249756528664e-07
T33,edge,source_reverse,405,True,6.403678970356522e-07,6.860537433642813e-05,0.6139246155339713,0.3362649801270337,True,6.366249756528664e-07
T33,edge,source,406,True,4.160402700456754e-07,6.600062369149342e-05,0.5683351235395058,0.32228141105372893,True,3.8967669185874243e-07
T33,edge,source_reverse,407,True,4.160402700456754e-07,6.600062369149342e-05,0.5683351235395058,0.32228141105372893,True,3.8967669185874243e-07
T33,edge,source,408,True,3.4967779586687054e-06,0.0006216152311804921,0.3265519497587255,0.22872682234908118,True,4.3252566103713086e-07
T33,edge,source_reverse,409,True,3.4967779586687054e-06,0.0006216152311804921,0.3265519497587255,0.22872682234908118,True,4.3252566103713086e-07
T33,edge,source,410,True,4.6664743918603204e-06,0.0008959267305309338,0.3007982122818186,0.1415989699673089,True,1.4365492302936822e-06
T33,edge,source_reverse,411,True,4.6664743918603204e-06,0.0008959267305309338,0.3007982122818186,0.1415989699673089,True,1.4365492302936822e-06
T33,edge,source,412,True,1.7039582770905765e-06,0.0005570583536330611,0.5149086604342714,0.10862055330413871,True,1.4976390266263628e-06
T33,edge,source_reverse,413,True,1.7039582770905765e-06,0.0005570583536330611,0.5149086604342714,0.10862055330413871,True,1.4976390266263628e-06
T33,edge,source,414,True,4.131406319961404e-06,0.0010161778780360872,0.29679928189995114,0.10851499514095224,True,1.4327206840636375e-06
T33,edge,source_reverse,415,True,4.131406319961404e-06,0.0010161778780360872,0.29679928189995114,0.10851499514095224,True,1.4327206840636375e-06
T33,edge,source,416,True,4.168060266037995e-06,0.0007604952511108499,0.2987019984738089,0.14906963544508411,True,6.466686366668473e-07
T33,edge,source_reverse,417,True,4.168060266037995e-06,0.0007604952511108499,0.2987019984738089,0.14906963544508411,True,6.466686366668473e-07
T33,edge,source,418,True,6.893943536504294e-07,0.00014291211968303107,0.569950411634083,0.25801369363446913,True,6.627030106898246e-07
T33,edge,source_reverse,419,True,6.893943536504294e-07,0.00014291211968303107,0.569950411634083,0.25801369363446913,True,6.627030106898246e-07
T33,edge,source,420,True,5.783982222617382e-07,4.259466367698032e-05,0.6057283516878905,0.3471075432393214,True,5.69432043018292e-07
T33,edge,source_reverse,421,True,5.783982222617382e-07,4.259466367698032e-05,0.6057283516878905,0.3471075432393214,True,5.69432043018292e-07
T33,edge,source,422,True,3.50956775255657e-07,4.061486575791463e-05,0.5715857455326522,0.3217547279050787,True,3.396282104162207e-07
T33,edge,source_reverse,423,True,3.50956775255657e-07,4.061486575791463e-05,0.5715857455326522,0.3217547279050787,True,3.396282104162207e-07
T33,edge,source,424,True,3.352938103989115e-06,0.0007650107255203857,0.29292934581285424,0.24346522635791723,True,3.7967384980408525e-07
T33,edge,source_reverse,425,True,3.352938103989115e-06,0.0007650107255203857,0.29292934581285424,0.24346522635791723,True,3.7967384980408525e-07
T33,edge,source,426,True,9.129677511004906e-06,0.001267909344409339,0.22364898855080334,0.145787545975409,True,1.6399662854660324e-06
T33,edge,source_reverse,427,True,9.129677511004906e-06,0.001267909344409339,0.22364898855080334,0.145787545975409,True,1.6399662854660324e-06
T33,edge,source,428,True,1.994121950845646e-06,0.0006866341519809465,0.44435175766596047,0.10257974305089432,True,1.7689247517604922e-06
T33,edge,source_reverse,429,True,1.994121950845646e-06,0.0006866341519809465,0.44435175766596047,0.10257974305089432,True,1.7689247517604922e-06
T33,edge,source,430,True,6.43340160852538e-06,0.0013800785541503038,0.22261676754062365,0.10090367929266734,True,1.6284250594078564e-06
T33,edge,source_reverse,431,True,6.43340160852538e-06,0.0013800785541503038,0.22261676754062365,0.10090367929266734,True,1.6284250594078564e-06
T33,edge,source,432,True,8.491127028144085e-06,0.001320233893124049,0.21791439490811232,0.12561031382751892,True,6.087630883833128e-07
T33,edge,source_reverse,433,True,8.491127028144085e-06,0.001320233893124049,0.21791439490811232,0.12561031382751892,True,6.087630883833128e-07
T33,edge,source,434,True,7.136954615269928e-07,0.00020235516113448405,0.51703818070852,0.24543522093034417,True,6.684489433639307e-07
T33,edge,source_reverse,435,True,7.136954615269928e-07,0.00020235516113448405,0.51703818070852,0.24543522093034417,True,6.684489433639307e-07
T33,edge,source,436,True,6.58379168180619e-07,2.382931037624239e-05,0.6162226224705197,0.3387613571751656,True,6.349112536274681e-07
T33,edge,source_reverse,437,True,6.58379168180619e-07,2.382931037624239e-05,0.6162226224705197,0.3387613571751656,True,6.349112536274681e-07
T33,edge,source,438,True,3.214109331298741e-07,2.3660469335537736e-05,0.592919403667913,0.32679499980025656,True,3.1465365121774447e-07
T33,edge,source_reverse,439,True,3.214109331298741e-07,2.3660469335537736e-05,0.592919403667913,0.32679499980025656,True,3.1465365121774447e-07
T33,edge,source,440,True,9.55599476631862e-07,0.00043060080408476546,0.3388105193934776,0.2776149685382914,True,3.7207550293572034e-07
T33,edge,source_reverse,441,True,9.55599476631862e-07,0.00043060080408476546,0.3388105193934776,0.2776149685382914,True,3.7207550293572034e-07
T33,edge,source,442,True,2.321090129244018e-05,0.002025237832286639,0.14275301913159186,0.1594632314168614,True,2.6439726563132204e-06
T33,edge,source_reverse,443,True,2.321090129244018e-05,0.002025237832286639,0.14275301913159186,0.1594632314168614,True,2.6439726563132204e-06
T33,edge,source,444,True,2.2480676932586213e-06,0.0011136435720058417,0.29751220171507287,0.10700392298421663,True,2.0178667221593116e-06
T33,edge,source_reverse,445,True,2.2480676932586213e-06,0.0011136435720058417,0.29751220171507287,0.10700392298421663,True,2.0178667221593116e-06
T33,edge,source,446,True,2.1770939384265236e-06,0.0010050090865317183,0.31113287613641977,0.09596984163013518,True,1.9428262169052246e-06
T33,edge,source_reverse,447,True,2.1770939384265236e-06,0.0010050090865317183,0.31113287613641977,0.09596984163013518,True,1.9428262169052246e-06
T33,edge,source,448,True,2.2235418815912354e-05,0.0021101236321776373,0.13811037921948238,0.10243289381762957,True,1.385141301102344e-06
T33,edge,source_reverse,449,True,2.2235418815912354e-05,0.0021101236321776373,0.13811037921948238,0.10243289381762957,True,1.385141301102344e-06
T33,edge,source,450,True,8.325619230507385e-07,0.0005919644363278953,0.32086433878067383,0.2034938333982921,True,6.468035350648549e-07
T33,edge,source_reverse,451,True,8.325619230507385e-07,0.0005919644363278953,0.32086433878067383,0.2034938333982921,True,6.468035350648549e-07
T33,edge,source,452,True,7.239130313754499e-07,4.707383025272853e-05,0.670235250231358,0.2975466181634648,True,6.56745250932067e-07
T33,edge,source_reverse,453,True,7.239130313754499e-07,4.707383025272853e-05,0.670235250231358,0.2975466181634648,True,6.56745250932067e-07
T33,edge,source,454,True,5.213666146449596e-07,3.7215130446689423e-06,0.6084541880531041,0.35164593118253495,True,4.966247580395766e-07
T33,edge,source_reverse,455,True,5.213666146449596e-07,3.7215130446689423e-06,0.6084541880531041,0.35164593118253495,True,4.966247580395766e-07
T33,edge,source,456,True,4.075617882350984e-07,3.657301629107123e-05,0.5537487411125541,0.3102095261165688,True,3.504495922901363e-07
T33,edge,source_reverse,457,True,4.075617882350984e-07,3.657301629107123e-05,0.5537487411125541,0.3102095261165688,True,3.504495922901363e-07
T33,edge,source,458,True,6.06505127930546e-06,0.0016086307681922574,0.1371233507058734,0.2406972904954357,True,4.2324190083209423e-07
T33,edge,source_reverse,459,True,6.06505127930546e-06,0.0016086307681922574,0.1371233507058734,0.2406972904954357,True,4.2324190083209423e-07
T33,edge,source,460,False,9.964506877547448e-05,0.004791153606157116,0.05937099474610346,0.14160090634181824,True,8.017369478668934e-06
T33,edge,source,462,True,2.426140619782815e-06,0.0002297063675726168,0.5059923281375069,0.09483754389566544,True,2.208363676203806e-06
T33,edge,source_reverse,463,True,2.426140619782815e-06,0.0002297063675726168,0.5059923281375069,0.09483754389566544,True,2.208363676203806e-06
T33,edge,source,464,True,1.7252603952945086e-05,0.0035104666158484667,0.09282219830560504,0.09411840424978142,True,1.8868630042301326e-06
T33,edge,source_reverse,465,True,1.7252603952945086e-05,0.0035104666158484667,0.09282219830560504,0.09411840424978142,True,1.8868630042301326e-06
T33,edge,source,466,False,9.82703791578274e-05,0.004717943591434927,0.05907424079697425,0.11071708393419843,True,8.132268867838688e-06
T33,edge,source,468,True,7.901688144830721e-07,0.0005431584204642452,0.49233057089419624,0.2437949993932968,True,6.212308110431497e-07
T33,edge,source_reverse,469,True,7.901688144830721e-07,0.0005431584204642452,0.49233057089419624,0.2437949993932968,True,6.212308110431497e-07
T33,edge,cross_port,491,False,0.0002471285533827736,0.1010933939409457,0.650740399946597,0.2750278856833489,True,2.7997574106319867e-07
T33,edge,cross_port,497,False,0.0002313959422627819,0.0947873373219605,0.6633569029703974,0.22969033148284745,True,4.448398286394095e-07
T33,edge,cross_port,501,False,0.00024282272801635717,0.0992903835834816,0.6976423026735834,0.18664996678962087,True,8.491007936761719e-07
T33,edge,cross_port,520,False,0.0002381756914457394,0.09749980748256389,0.6642596675284955,0.3137675373005879,True,6.452191126660178e-07
T33,edge,cross_port,523,False,0.0002416904365428876,0.0990298409685414,0.5958518449749477,0.24511625019285765,True,2.3752059946646753e-07
T33,edge,cross_port,529,False,0.00024919161403025964,0.10192833253795615,0.6840432859710649,0.17287824917191583,True,1.1169622602391627e-06
T33,edge,cross_port,537,False,0.00024308116616861866,0.09952039045469523,0.6165107700740303,0.2339277778379027,True,5.465065295306992e-07
T33,edge,cross_port,538,False,0.0002412303470775728,0.09859737514800102,0.6585385218524981,0.25262100064453397,True,7.063642339377729e-07
T33,edge,cross_port,539,False,0.00024328960534576618,0.09950176398359738,0.6585385218524981,0.25262100064453397,True,7.524795128388551e-07
T33,edge,cross_port,545,False,0.00024950518766213753,0.10203217899540074,0.6558840829419864,0.17526894480482635,True,1.1109101936690458e-06
T33,edge,cross_port,546,False,0.00024072222495944006,0.09826231572345398,0.5907576386156183,0.14801845364041658,True,1.1109101936690458e-06
T33,edge,cross_port,551,False,0.0002277360645936285,0.09319310470857167,0.5848525436303547,0.2782938630263261,True,4.1725132435277423e-07
T33,edge,cross_port,559,False,0.0002484302077743201,0.1016815116776606,0.6664617816790709,0.3269585236707581,True,2.74441625869315e-07
T33,edge,cross_port,564,False,0.0002465257604278209,0.1008710005244894,0.6733640706921521,0.29700436813863085,True,6.057755057853331e-07
T33,edge,cross_port,572,False,0.00024807108191932337,0.1014825548897815,0.6525052772258226,0.3286000766187278,True,4.2355740306754264e-07
T33,edge,cross_port,581,False,0.000242801916894172,0.09917883685425752,0.544896010159126,0.18197496928871354,True,1.004863407205736e-06
T33,edge,cross_port,586,False,0.00024274329378479902,0.09903673295397668,0.5909020338802258,0.14799656016897067,True,1.1845882053052037e-06
T33,edge,cross_port,588,False,0.00022226363388246228,0.09107982622537904,0.5912899663140235,0.22280868950810287,True,6.011891793555879e-07
T33,edge,cross_port,589,False,0.00022938183894866276,0.09381986291229606,0.5709701553778617,0.22212392889186605,True,6.011891793555879e-07
T33,edge,cross_port,590,False,0.0002433038576170051,0.09953610229972412,0.615989681401227,0.23373725335806353,True,6.011891793555879e-07
T33,edge,cross_port,591,False,0.00022857115822645066,0.0934520104724105,0.6336671330609935,0.26257347885929094,True,6.03217377687093e-07
T33,edge,cross_port,595,False,0.0002429647115522908,0.099576789632598,0.5317673303359547,0.16775172561217064,True,8.756214596450373e-07
T33,edge,cross_port,597,False,0.00024476643720253025,0.0997461886403793,0.4672417391545662,0.16775172561217064,True,9.234148202752479e-07
T33,edge,cross_port,602,False,0.00022949384937861206,0.09410418797558784,0.6581816823548069,0.14762467230273993,True,1.2229180330336487e-06
T33,edge,cross_port,606,False,0.0002298048876989108,0.09408175622502125,0.4598366349596678,0.18842835517417705,True,9.180925619467484e-07
T33,edge,cross_port,607,False,0.00024768574706907797,0.10104150772595952,0.5026112065025103,0.20614013634112768,True,4.921077640662741e-07
T33,edge,cross_port,615,False,0.00024006338698384018,0.0982354024548119,0.6483552555818272,0.34178734467185984,True,2.1705785877013106e-07
T33,edge,cross_port,617,False,0.0002313599012429482,0.09467975104360091,0.6483552555818272,0.35499903607633054,True,2.1442512551650417e-07
T33,edge,cross_port,620,False,0.00023190739007080804,0.09491935031867016,0.6562377898092067,0.28487760283630226,True,5.684851831777582e-07
T33,edge,cross_port,626,False,0.00022924410319517328,0.09382270425438774,0.6648996016358075,0.35326844423707826,True,2.9252963329451376e-07
T33,edge,cross_port,627,False,0.00024516107324375777,0.1003552150486296,0.6555316053802874,0.35326844423707826,True,2.715060173352768e-07
T33,edge,cross_port,628,False,0.00023282685103207608,0.09524762849978007,0.6650846002437745,0.3379690984352413,True,4.0963535319349376e-07
T33,edge,cross_port,629,False,0.00022721173857921884,0.09298709237288362,0.6044782551282666,0.34016842992314617,True,1.861108076817164e-07
T33,edge,cross_port,635,False,0.00024276423843536948,0.09998494813974404,0.46358706316032355,0.2466190725686845,True,3.380667427943518e-07
T33,edge,cross_port,639,False,0.0002332497414925452,0.0951812393914085,0.4906001191209148,0.2681204677272994,True,6.013683518935053e-07
T33,edge,cross_port,641,False,0.00022926640724779226,0.09350604949017743,0.45787452721843835,0.16393995415531848,True,1.2463019456177005e-06
T33,edge,cross_port,647,False,0.0002326867285538556,0.0951793132280249,0.5766877575066863,0.12970222520795546,True,1.3292343143955776e-06
T33,edge,cross_port,648,False,0.0002330982176393529,0.09528659050398425,0.606430262289637,0.12072552301682737,True,1.9611530833185675e-06
T33,edge,cross_port,649,False,0.0002323570508132675,0.09522273755332454,0.6194342489213269,0.13167743434813617,True,1.3292343143955776e-06
T33,edge,cross_port,650,False,0.00024783224778960884,0.101393177184673,0.6186732276005261,0.12498473114485774,True,1.7894625295444833e-06
T33,edge,cross_port,656,False,0.0002399411157517939,0.09818304559902363,0.6351607910925519,0.2736344818494289,True,7.23101703986595e-07
T33,edge,cross_port,658,False,0.0002281866062179404,0.09351759372840893,0.6336670927739368,0.2627120535085431,True,7.23101703986595e-07
T33,edge,cross_port,660,False,0.0002261088036481357,0.09236078701400939,0.5494837922970252,0.24065552016031166,True,4.897276453530441e-07
T33,edge,cross_port,662,False,0.0002358633669190306,0.09678861006239164,0.5094407949476701,0.22363606941249045,True,5.449541813640213e-07
T33,edge,cross_port,665,False,0.00022988714421760494,0.09397031891240457,0.5510851356564876,0.24065552016031166,True,5.116166569840708e-07
T33,edge,cross_port,666,False,0.00022967738081675488,0.09353315744451632,0.3804812684239039,0.13984854979395966,True,1.2752015197126099e-06
T33,edge,cross_port,670,False,0.0002359577292694029,0.09653890224836122,0.4101349289278482,0.1309111508594413,True,1.4442766869682266e-06
T33,edge,cross_port,673,False,0.00024568621889306297,0.1003921803850448,0.5988395318221197,0.1151770102323485,True,2.473803678959552e-06
T33,edge,cross_port,674,False,0.000235921124082564,0.09670786091995393,0.615693835583781,0.12494873007794426,True,1.3804150769403112e-06
T33,edge,cross_port,683,False,0.00023676490269134058,0.09666813444173224,0.4883040943878866,0.28827549717671463,True,6.124062860712876e-07
T33,edge,cross_port,685,False,0.00024249475147509878,0.09927834794569843,0.4883040943878866,0.28827549717671463,True,5.120246443779397e-07
T33,edge,cross_port,687,False,0.00024728947432772395,0.10170120259131607,0.48750539411141397,0.26834415872795236,True,5.120246443779397e-07
T33,edge,cross_port,688,False,0.00024200609740586057,0.0991099316577662,0.4035081289518271,0.2688841823378987,True,5.120246443779397e-07
T33,edge,cross_port,689,False,0.000244282366846437,0.0999856840769379,0.6044071969851474,0.34019451367664594,True,2.871855886987795e-07
T33,edge,cross_port,694,False,0.00023801688672060178,0.09739661922832143,0.5981754425420711,0.34468878466915137,True,4.4035171911649407e-07
T33,edge,cross_port,695,False,0.00022906029820300974,0.09374060959371348,0.6648992800269085,0.35336606554421107,True,2.1921138390612604e-07
T33,edge,cross_port,697,False,0.00024207743634241407,0.09903489854788726,0.6657457551508968,0.3380240613109612,True,5.297693468631071e-07
T33,edge,cross_port,698,False,0.0002382292315235889,0.09749627437859147,0.6657318505697702,0.35956274146445766,True,3.257505456211174e-07
T33,edge,cross_port,699,False,0.00023549117005480913,0.09638234677451513,0.6760198286010438,0.3131721862931896,True,6.359596141647383e-07
T33,edge,cross_port,703,False,0.00023547500332334455,0.09638572920203996,0.617829983570098,0.36791900314778103,True,2.154929244213566e-07
T33,edge,cross_port,704,False,0.0002325041010776058,0.0951548381590407,0.626507313300942,0.3680397331639744,True,1.8877658566895938e-07
T33,edge,cross_port,705,False,0.00023706640162206741,0.09698491694483327,0.6351835279995388,0.364944825514029,True,3.7383051779138476e-07
T33,edge,cross_port,706,False,0.0002500403432713338,0.10230887656671855,0.6351835279995388,0.3759063541761858,True,2.3034803678378957e-07
T33,edge,cross_port,707,False,0.00023714962885405144,0.09706015758238921,0.6140339970236519,0.36392488851641513,True,1.938081636565503e-07
T33,edge,cross_port,709,False,0.00024386171448424537,0.09981130890685992,0.5939417883337738,0.33446658486005787,True,2.51098171283326e-07
T33,edge,cross_port,710,False,0.00023496754614910333,0.09618432098945792,0.5718267143246877,0.32185168819990123,True,2.911634907620808e-07
T33,edge,cross_port,712,False,0.00023660212033440673,0.09683171050770632,0.5909265859896716,0.32684811468609,True,2.5106245740702526e-07
T33,edge,cross_port,714,False,0.0002476119529669722,0.10090950720899246,0.40262329027100197,0.2687007805052586,True,6.282521881617598e-07
T33,edge,cross_port,715,False,0.0002451206668295756,0.10053339194112784,0.40262329027100197,0.2685083022853972,True,4.739391094299439e-07
T33,edge,cross_port,717,False,0.00024680007367306275,0.10127179796960811,0.29402138275333245,0.2437104200975968,True,2.7853234813024486e-07
T33,edge,cross_port,720,False,0.0002473137350680955,0.10118203232988857,0.3829136979459591,0.15918004340122566,True,1.2913607705389296e-06
T33,edge,cross_port,722,False,0.00023575802651096343,0.09637479261513644,0.4042739941239102,0.15918004340122566,True,1.2913607705389296e-06
T33,edge,cross_port,726,False,0.00024641995557911687,0.10099509966454215,0.5921737055621181,0.11345333515229908,True,1.641072381014519e-06
T33,edge,cross_port,731,False,0.00024543031258107223,0.10077836131286068,0.3299252503996815,0.12853090575546286,True,1.602693719987558e-06
T33,edge,cross_port,735,False,0.0002326552563789083,0.09405088822106697,0.298834479765663,0.13293997037155564,True,7.746591898227795e-07
T33,edge,cross_port,736,False,0.0002310513071831297,0.09477790981305925,0.3299252503996815,0.1307945892994765,True,1.2036186820552075e-06
T33,edge,cross_port,737,False,0.0002464943913745608,0.10105673811991243,0.5114800715689147,0.23487913982000644,True,6.016550377074825e-07
T33,edge,cross_port,739,False,0.00023780031767075776,0.09746097487964209,0.5307302134033998,0.24066354392248349,True,5.564535353885791e-07
T33,edge,cross_port,740,False,0.00024485252742203,0.10008418715764048,0.5307302134033998,0.24153902466244526,True,6.538013936630005e-07
T33,edge,cross_port,741,False,0.00023286630687544398,0.09519947930648928,0.5170912736742019,0.24153902466244526,True,5.564535353885791e-07
T33,edge,cross_port,746,False,0.00024425969117851853,0.1000113294060179,0.5821632803879404,0.26587994473004734,True,5.099109235684463e-07
T33,edge,cross_port,747,False,0.00022946902804613458,0.09400902049206686,0.5705085463849456,0.2582322600800191,True,5.644378909264169e-07
T33,edge,cross_port,748,False,0.0002378977158900546,0.09736824292382101,0.636571257069594,0.2860879843263504,True,4.7415327056321566e-07
T33,edge,cross_port,749,False,0.0002410573114570731,0.09787312289752559,0.31292292789554543,0.18127846618674565,True,5.550751963068201e-07
T33,edge,cross_port,750,False,0.0002439794131636492,0.10048755356753634,0.19382132750410214,0.15598467723980106,True,5.707516372299715e-07
T33,edge,cross_port,752,False,0.00023267622142816055,0.09642028793214939,0.29438462194136716,0.14927076680988258,True,1.052446775284821e-06
T33,edge,cross_port,756,False,0.00023861781017110462,0.09730198651173683,0.31208455066744056,0.10212559424068303,True,1.7343599126584675e-06
T33,edge,cross_port,759,False,0.0002398526750379475,0.09831809440676618,0.5733511856282114,0.12255882324078797,True,1.723453796564911e-06
T33,edge,cross_port,760,False,0.00023379787214626617,0.09579362317837052,0.5310895771091686,0.12269504203640745,True,1.662882333275384e-06
T33,edge,cross_port,761,False,0.0002416381152241115,0.09858178558447404,0.5785354256353193,0.10710724040414744,True,2.1502877103618534e-06
T33,edge,cross_port,763,False,0.00023999529677254817,0.09687787746102783,0.1507172431512273,0.17584725581691446,True,1.3567295463201567e-06
T33,edge,cross_port,765,False,0.00023968523509592128,0.09855901508068186,0.22930894941205368,0.18075511204129688,True,7.18267729571398e-07
T33,edge,cross_port,768,False,0.0002447139310700284,0.10000163188213915,0.48005385293264213,0.30256167249858473,True,5.318501831719225e-07
T33,edge,cross_port,771,False,0.00023271609020398694,0.0952191613241648,0.5982277180287522,0.34467855932166713,True,3.941792806050337e-07
T33,edge,cross_port,774,False,0.00023785004682022135,0.09736225250847726,0.5981746425964386,0.34467855932166713,True,2.1049266071826445e-07
T33,edge,cross_port,779,False,0.0002379016243575323,0.09737412933260596,0.6846704816935981,0.3088263203493496,True,3.9399208043300327e-07
T33,edge,cross_port,782,False,0.0002452897222704847,0.10040801679801614,0.6846704816935981,0.3088263203493496,True,4.474950756616636e-07
T33,edge,cross_port,783,False,0.0002461360710141127,0.1007455531382179,0.6450178824237339,0.29016598327281773,True,5.106975863866658e-07
T33,edge,cross_port,784,False,0.00023430914175176208,0.09590631572010302,0.6369932917359473,0.28628417698978437,True,4.97658308618032e-07
T33,edge,cross_port,792,False,0.00024131577425058146,0.09873959941481954,0.6021725060841242,0.3464793432639586,True,3.323991384640568e-07
T33,edge,cross_port,794,False,0.00023606403143190338,0.09661790879379634,0.6021725060841242,0.3398082781244132,True,2.490823597101066e-07
T33,edge,cross_port,799,False,0.00023287464501831848,0.100211627098337,0.14061339492882008,0.1760043901793376,True,2.6685343878507517e-06
T33,edge,cross_port,805,False,0.00024606005800419816,0.10099286394327123,0.4450928441862297,0.13229994939490236,True,1.8559120732730694e-06
T33,edge,cross_port,806,False,0.00023486263395756035,0.09595574976488261,0.5305863370660296,0.12275208016453389,True,1.8519037669750826e-06
T33,edge,cross_port,808,False,0.0002417675340612699,0.09876307686259181,0.5305863370660296,0.12077268471602841,True,1.8519037669750826e-06
T33,edge,cross_port,810,False,0.00023855201755354773,0.09782817337266636,0.5131084294542717,0.09676346685455735,True,1.9169040272326576e-06
T33,edge,cross_port,811,False,0.00023304266623421185,0.09533681691728632,0.5131084294542717,0.09479672534161421,True,2.0743403078560263e-06
T33,edge,cross_port,815,False,0.000229342372326423,0.09995173995157706,0.09251460934279936,0.11049650240861124,True,5.033600481207934e-06
T33,edge,cross_port,816,False,0.0002445358560062634,0.10053876201941538,0.163136899136725,0.13077488904257106,True,4.7442554673704507e-07
T33,edge,cross_port,817,False,0.00022929504743758966,0.09399380241571441,0.517281502638998,0.24555903303479065,True,4.756454558274559e-07
T33,edge,cross_port,819,False,0.00022941025301233777,0.0939195185081299,0.49261817403026453,0.24385064481667829,True,4.756454558274559e-07
T33,edge,cross_port,819,False,0.00023004838519252304,0.0940656851255109,0.4926153961517463,0.24385049747298515,True,4.756454558274559e-07
T33,edge,cross_port,825,False,0.0002288025740417277,0.09365900471180505,0.6592387390048614,0.28984452498032826,True,5.537143186185034e-07
T33,edge,cross_port,828,False,0.00022920008573694834,0.09389937074231904,0.2618085620273278,0.19758124221864717,True,2.9825301200991916e-07
T33,edge,cross_port,829,False,0.000249056282966388,0.10182205716282887,0.2618085620273278,0.19758124221864717,True,3.6981548570680367e-07
T33,edge,cross_port,830,False,0.0002401809822248358,0.10188915363244229,0.19266389989285604,0.15603828516344254,True,1.2365157018301431e-06
T33,edge,cross_port,838,False,0.0002474612889380572,0.10153331791655863,0.5739673783750444,0.10939079091308712,True,2.1824416122639967e-06
T33,edge,cross_port,843,False,0.0002389013510097596,0.09838853545975655,0.33900328478939884,0.2778505107630171,True,2.1595990240541596e-07
T33,edge,cross_port,843,False,0.00023890135100977886,0.0983885354449392,0.33900328478939895,0.2778505107630171,True,2.9992142390744547e-06
T33,edge,cross_port,846,False,0.00023554420090454495,0.09644871945423018,0.5931346924680955,0.32682142418198395,True,2.799752267523825e-07
T33,edge,cross_port,852,False,0.00024225110592712807,0.09913743646917696,0.7040647791128669,0.3388401808034751,True,4.343786005334138e-07
T33,edge,cross_port,853,False,0.00023340482357526898,0.09550749174559484,0.6913409500690244,0.3042036265254687,True,4.908569803951934e-07
T33,edge,cross_port,854,False,0.00024532392915412515,0.10042201194352199,0.7022627658103722,0.31038132282532305,True,4.475532736081256e-07
T33,edge,cross_port,855,False,0.00023755879002223697,0.09737420687118639,0.6848944211894339,0.30885566123421193,True,4.3001367638906274e-07
T33,edge,cross_port,887,False,0.00023677977897369867,0.09692902264970044,0.6618719858038943,0.2995318263495047,True,4.747935556104199e-07
T33,edge,cross_port,891,False,0.00024302768405713715,0.09942351002774254,0.6634378732534446,0.22963785055383326,True,3.386621125478495e-07
T33,edge,cross_port,907,False,0.0002455541496578857,0.10053058946705361,0.5959171909303583,0.2450851736838596,True,3.5364801800885637e-07
T33,edge,cross_port,912,False,0.0002464640833653588,0.10080508395905582,0.6840623524894062,0.17284440306463522,True,1.1438134280838952e-06
T33,edge,cross_port,922,False,0.00024101974496227818,0.09859458873356326,0.6881756601659231,0.2948539971541938,True,3.467443216720323e-07
T33,edge,cross_port,926,False,0.00024762978617905775,0.10133165257973632,0.6617516423152334,0.3216293641513101,True,2.586525558734287e-07
T33,edge,cross_port,929,False,0.00024332835139829104,0.09960207401989016,0.6641353104422896,0.3283960274294723,True,3.006588870368976e-07
T33,edge,cross_port,935,False,0.00023114462716482967,0.09470616310719097,0.6307494363509409,0.18856152581125765,True,7.126133216295294e-07
T33,edge,cross_port,941,False,0.00022777600420366054,0.0930388514170162,0.6725027122167732,0.1727939659879427,True,8.722090783230829e-07
T33,edge,cross_port,947,False,0.00024000167765088928,0.09859422702784137,0.595428273416194,0.24517994929318646,True,3.767523797937322e-07
T33,edge,cross_port,953,False,0.000246614062716381,0.10086717076464258,0.6215825842343105,0.3260041699516194,True,5.912771586236154e-07
T33,edge,cross_port,954,False,0.000237020218420442,0.09697850252464736,0.6066558693464196,0.3260041699516194,True,2.648032867147432e-07
T33,edge,cross_port,966,False,0.0002458850697551089,0.10075893506184544,0.5841402410439009,0.18039126740927305,True,5.763479096754232e-07
T33,edge,cross_port,970,False,0.00023225592157053593,0.09503002537347477,0.6341585287871234,0.26270428377237753,True,7.353641773566455e-07
T33,edge,cross_port,977,False,0.00024318838012024784,0.09950751058736912,0.6641069749308569,0.3285316617481362,True,1.803939927991216e-07
T33,edge,cross_port,979,False,0.00023771917890653749,0.09729798689665975,0.6554666999135631,0.3407925516058115,True,4.032560304845223e-07
T33,edge,cross_port,982,False,0.00022846444367321674,0.09352023284803448,0.6228400633679128,0.3543099649650706,True,3.577478785432575e-07
T33,edge,cross_port,987,False,0.00023209681849396726,0.09502873345341512,0.6794456683777625,0.2972114387627417,True,5.802064464155432e-07
T33,edge,cross_port,988,False,0.0002440004904293555,0.09988166611007512,0.6773272194852796,0.3165577356204164,True,7.719840975084491e-07
T33,edge,cross_port,994,False,0.0002323738791437946,0.09483437618200288,0.576189612498897,0.1298388292367726,True,1.6690276995190434e-06
T33,edge,cross_port,995,False,0.00023954246786041377,0.09797223908123275,0.5901682630341137,0.14141535992877916,True,1.4300254917165578e-06
T33,edge,cross_port,998,False,0.00023258622314863223,0.09526901831271882,0.6096686103732268,0.16335502884021139,True,1.1316304726893822e-06
T33,edge,cross_port,1001,False,0.00023877553481148933,0.09771492266277511,0.5445891828503846,0.16335502884021139,True,1.1149663194931492e-06
T33,edge,cross_port,1002,False,0.0002423957882210388,0.09892074785826004,0.4640650559610792,0.24636937556137112,True,4.980634928375416e-07
T33,edge,cross_port,1004,False,0.0002458678462724194,0.10013336669263406,0.49071392173483475,0.24792624424021154,True,3.7751755874171344e-07
T33,edge,cross_port,1005,False,0.00023971089326673043,0.09776387448882777,0.5092519145071636,0.24792624424021154,True,5.883952890473054e-07
T33,edge,cross_port,1006,False,0.00024140263623687473,0.0987878293785779,0.6066966001679329,0.337061171423753,True,2.4314809610181953e-07
T33,edge,cross_port,1008,False,0.0002460436078309539,0.1006489029295559,0.6141236250270816,0.33952683395151717,True,6.843707387738096e-07
T33,edge,cross_port,1009,False,0.00023120619037702124,0.0945992194280927,0.6044439617935369,0.33952683395151717,True,4.410292447631914e-07
T33,edge,cross_port,1010,False,0.00024084242129607302,0.09857572879507351,0.6214306020182594,0.33952683395151717,True,2.8240247698652077e-07
T33,edge,cross_port,1011,False,0.00022948216020123808,0.09371630750550963,0.5238542605141829,0.2949717002942246,True,4.7071044059765477e-07
T33,edge,cross_port,1014,False,0.00023188794665838844,0.09532022513087425,0.4910433727259256,0.2683717225753506,True,3.979013031008005e-07
T33,edge,cross_port,1026,False,0.00023829866081458894,0.09725625518050453,0.6067124035831368,0.12077187071075515,True,1.8669932064507844e-06
T33,edge,cross_port,1030,False,0.00023304182735591107,0.09548338993634678,0.474109113121457,0.15313401872473692,True,8.295973742966645e-07
T33,edge,cross_port,1032,False,0.00023390928737952057,0.09527126257072019,0.4662556656410158,0.15313401872473692,True,8.295973742966645e-07
T33,edge,cross_port,1037,False,0.00024141673753672228,0.09871447642002058,0.5498983506656039,0.24389302411788313,True,7.040177951167514e-07
T33,edge,cross_port,1038,False,0.0002328789500314337,0.09521185653986845,0.5915872153965506,0.24890487858686355,True,7.400027200177295e-07
T33,edge,cross_port,1039,False,0.0002478195079286818,0.10148906010480989,0.5096396899729936,0.2236074724098082,True,7.040177951167514e-07
T33,edge,cross_port,1042,False,0.0002419654430961713,0.09906906150220975,0.6658878640811275,0.3378184067166806,True,7.270302909423432e-07
T33,edge,cross_port,1045,False,0.0002283705680608629,0.09343383273464953,0.6226499535824473,0.3544029950507409,True,1.8018188432944449e-07
T33,edge,cross_port,1049,False,0.0002449018086165335,0.10025657711213283,0.614118875509964,0.3639007733072032,True,4.314342363920254e-07
T33,edge,cross_port,1059,False,0.0002409587248840394,0.09839197112989796,0.5088297526138982,0.2233929151487829,True,6.883314330741186e-07
T33,edge,cross_port,1065,False,0.00023295951326199056,0.09491894973776269,0.3802020605722667,0.13080162647414045,True,1.4624328743273463e-06
T33,edge,cross_port,1069,False,0.00024855787873891085,0.1017346033466772,0.6155257337482589,0.1300639065683417,True,1.6851904675319052e-06
T33,edge,cross_port,1070,False,0.00024273418407549138,0.09906289553366605,0.598846575357818,0.11516392281202424,True,1.9392073450363867e-06
T33,edge,cross_port,1075,False,0.00023821406808887597,0.0968092304848375,0.23824281946778111,0.17692803378198957,True,9.76021740983768e-07
T33,edge,cross_port,1077,False,0.00024097399793550863,0.09765530174766797,0.23052283825290504,0.18082550229347852,True,8.064281349640101e-07
T33,edge,cross_port,1078,False,0.00022877626261144765,0.09386440640158249,0.5237333444362869,0.29511774705828353,True,5.12765146898353e-07
T33,edge,cross_port,1081,False,0.00024500469882072606,0.10029201732458225,0.5966081373271014,0.33723263304058204,True,1.8174337035326005e-07
T33,edge,cross_port,1084,False,0.00024585998990934467,0.10110344164948877,0.4033264065382262,0.26899087395323346,True,3.673460500230874e-07
T33,edge,cross_port,1085,False,0.0002442809247407107,0.10032273480960334,0.42216467197353014,0.2687644364712525,True,4.7210158479749076e-07
T33,edge,cross_port,1087,False,0.000250472746631451,0.10219522775205486,0.42216467197353014,0.2767134389696101,True,6.038266129881897e-07
T33,edge,cross_port,1088,False,0.00023576068014678685,0.09622199542416868,0.42216467197353014,0.2767134389696101,True,5.72003489185402e-07
T33,edge,cross_port,1096,False,0.00024722404762535737,0.10100269597918471,0.5924493751567711,0.11350611987589931,True,1.5685856861735736e-06
T33,edge,cross_port,1102,False,0.00024857663077141077,0.10120608180314589,0.3302567648919629,0.12837807999901982,True,1.0429112184684453e-06
T33,edge,cross_port,1105,False,0.00023443478000720962,0.0962566018714869,0.3406904160093993,0.12837807999901982,True,1.177349796099847e-06
T33,edge,cross_port,1107,False,0.00024362983954169022,0.09850984327851381,0.29878823700040813,0.12837807999901982,True,9.71044114783659e-07
T33,edge,cross_port,1108,False,0.0002470670280585431,0.10094955397456777,0.5107513391354722,0.23463077783816214,True,7.09520433267441e-07
T33,edge,cross_port,1109,False,0.00024717190313458076,0.10113390368544851,0.5107513391354722,0.23463077783816214,True,5.974073279402248e-07
T33,edge,cross_port,1110,False,0.0002372948113613794,0.09718683060841898,0.5107513391354722,0.23463077783816214,True,5.432336515620584e-07
T33,edge,cross_port,1112,False,0.00024898965717783876,0.10175511882494524,0.510153106652254,0.23463077783816214,True,5.432336515620584e-07
T33,edge,cross_port,1113,False,0.0002420948460365066,0.09896100498539856,0.5107513391354722,0.23463077783816214,True,6.578009305868715e-07
T33,edge,cross_port,1118,False,0.00024431020187666255,0.09999908860781676,0.6862081591881272,0.3304951830978431,True,5.043193999632045e-07
T33,edge,cross_port,1120,False,0.00023786996456588166,0.09734943393747579,0.617658818887506,0.3678269774538349,True,2.566997278352634e-07
T33,edge,cross_port,1122,False,0.0002355770812111692,0.09638567172602097,0.617658818887506,0.3678269774538349,True,1.7486061143490161e-07
T33,edge,cross_port,1123,False,0.0002387925983646735,0.0977154926687721,0.6143409413682556,0.3678269774538349,True,4.1957478558174444e-07
T33,edge,cross_port,1124,False,0.0002419382049145616,0.09900351855003403,0.6099725691735792,0.36548093995229564,True,4.624941910558178e-07
T33,edge,cross_port,1126,False,0.0002405017948488406,0.09841477407256008,0.5976966859865436,0.3465236062045251,True,2.2239622629594002e-07
T33,edge,cross_port,1129,False,0.00023801237224082075,0.09738257591013955,0.5976751880631714,0.3492108371716858,True,3.299534242218183e-07
T33,edge,cross_port,1133,False,0.00023809963641193774,0.09744382737655898,0.6657314145579852,0.3596817937688956,True,2.2706183563925286e-07
T33,edge,cross_port,1138,False,0.00024024163077222333,0.09832877597631831,0.6446130509001108,0.28985180772949903,True,4.7405427627822405e-07
T33,edge,cross_port,1141,False,0.00023158484831937794,0.09572024492378499,0.19372670858337684,0.15599352011274614,True,5.73237379175584e-07
T33,edge,cross_port,1143,False,0.00023980654258968508,0.09795731652298292,0.4094997079341085,0.10423237015052722,True,1.7319779147539904e-06
T33,edge,cross_port,1145,False,0.00023296872561915554,0.0949618159562446,0.3119805609226209,0.10232389817675844,True,1.7172185129976647e-06
T33,edge,cross_port,1147,False,0.00024386104770588894,0.09998796551597901,0.5735032953112338,0.1207095323510847,True,1.7259716885154042e-06
T33,edge,cross_port,1148,False,0.0002363609569714013,0.09643758234318414,0.5844477359271165,0.10710328252893615,True,2.0935827449997113e-06
T33,edge,cross_port,1149,False,0.0002406854190097594,0.09861752947992775,0.5311483087911043,0.1207095323510847,True,1.6692867178258464e-06
T33,edge,cross_port,1150,False,0.00024475785459902275,0.0982951072879583,0.22968452542165807,0.17683127506415394,True,7.066700974112106e-07
T33,edge,cross_port,1151,False,0.00023576907669018598,0.09438922896679522,0.1507426513585644,0.17578498141664306,True,1.2112989576373856e-06
T33,edge,cross_port,1153,False,0.00023781201893392298,0.0977261505106543,0.2371237748979183,0.17683127506415394,True,7.066700974112106e-07
T33,edge,cross_port,1155,False,0.00023995725707618015,0.09801446320717035,0.46781840095435123,0.3007790438058576,True,5.603557405031712e-07
T33,edge,cross_port,1157,False,0.00023396577316241025,0.09560838202700615,0.46781840095435123,0.3007790438058576,True,5.307222006034618e-07
T33,edge,cross_port,1159,False,0.00023798869217430026,0.0973814497451256,0.6044203593930924,0.33974127429301065,True,2.7790390641491136e-07
T33,edge,cross_port,1162,False,0.00023422952086754213,0.0958656562017207,0.5977170489560464,0.34004282040200523,True,1.716904073634229e-07
T33,edge,cross_port,1163,False,0.00023737224089558903,0.09715001904986834,0.6044203593930924,0.34004282040200523,True,4.179772386536662e-07
T33,edge,cross_port,1166,False,0.000245998145219477,0.10056921848150904,0.46319887070526305,0.29837955120154025,True,5.3039861791504e-07
T33,edge,cross_port,1173,False,0.00024537640886077515,0.10058894509457134,0.5313785102375904,0.12334178070056306,True,1.954551612670663e-06
T33,edge,cross_port,1176,False,0.0002483138176885057,0.10136386541634343,0.5734095190465311,0.10949369130253783,True,2.243533182511026e-06
T33,edge,cross_port,1182,False,0.0002467396009174692,0.10081332631061843,0.19258128886886833,0.15569646570081142,True,6.213589545667197e-07
T33,edge,cross_port,1183,False,0.00023492257711989475,0.09592986673431596,0.19258128886886833,0.15569646570081142,True,6.356149136466094e-07
T33,edge,cross_port,1184,False,0.00023704844665050156,0.09788533702107138,0.19258128886886833,0.14903357005748313,True,1.1350952558997207e-06
T33,edge,cross_port,1187,False,0.0002456647485576529,0.10059734278980055,0.5307289264332783,0.25108032411694203,True,5.667484986593418e-07
T33,edge,cross_port,1190,False,0.0002444911956598838,0.10003855302103545,0.5816127456834747,0.26571262883421976,True,5.33066890656686e-07
T33,edge,cross_port,1192,False,0.00024356198529225026,0.0996429730143162,0.7039635274513233,0.33895728462090025,True,5.555092075504309e-07
T33,edge,cross_port,1193,False,0.00023545043266221734,0.0963608622653599,0.7103972439937843,0.34505762042386695,True,4.954575529292349e-07
T33,edge,cross_port,1197,False,0.0002487347705729202,0.10182065670126694,0.6055383849325974,0.3628335419500812,True,1.854844965398783e-07
T33,edge,cross_port,1204,False,0.00024908291768272123,0.10189832427973552,0.6975693892469171,0.3736107372508917,True,3.8238427232939465e-07
T33,edge,cross_port,1205,False,0.00024121841344853465,0.09873888370493981,0.6711043330429443,0.37471863121465493,True,2.777601505188354e-07
T33,edge,cross_port,1209,False,0.0002462393184581104,0.10081649435817107,0.690959103710595,0.3040037449632496,True,5.336125342703113e-07
T33,edge,cross_port,1211,False,0.00024094093379969627,0.09878496014670343,0.6847398206000369,0.3040037449632496,True,4.2881675349493165e-07
T33,edge,cross_port,1212,False,0.00022268394456509484,0.09180912000152668,0.32120932226833887,0.203694569324121,True,2.5038652246012205e-07
T33,edge,cross_port,1213,False,0.00024851852843817764,0.10195437038265728,0.26311544682495286,0.19784909674316262,True,2.77840881302005e-07
T33,edge,cross_port,1216,False,0.000249142232403555,0.10181955179956466,0.2727722227902866,0.10038194932348894,True,1.7342595757807722e-06
T33,edge,cross_port,1220,False,0.00023379269665520894,0.09555616318323508,0.567260885884047,0.09486524461052454,True,2.0486891529614137e-06
T33,edge,cross_port,1221,False,0.00024902291972016006,0.10194932532878602,0.23772483332848798,0.16103334611529252,True,1.2879162121504084e-06
T33,edge,cross_port,1223,False,0.00023098858497367234,0.09440847332140037,0.3416035922237607,0.14175135894505356,True,1.606507365858878e-06
T33,edge,cross_port,1223,False,0.00023071894696417947,0.09441363784418046,0.3416035922237607,0.14175130037861952,True,1.606507365858878e-06
T33,edge,cross_port,1224,False,0.00024927633797073776,0.10185284785647154,0.2924750237263871,0.2776770789219114,True,3.533757806095661e-07
T33,edge,cross_port,1224,False,0.00024832804986661325,0.10326104386071744,0.2924750237263871,0.2776770789219114,True,1.22213767608792e-06
T33,edge,cross_port,1224,False,0.00024927633797088597,0.10185284785647154,0.29247064656840444,0.27767683477101873,True,3.533757807205884e-07
T33,edge,cross_port,1224,False,0.00024832804986655807,0.10326104386071744,0.29247064656840444,0.27767683477101873,True,1.22213767608792e-06
T33,edge,cross_port,1225,False,0.00023620675087080738,0.09686896795048956,0.2924750237263871,0.27761522834747443,True,3.9146601182871166e-07
T33,edge,cross_port,1225,False,0.00023620675087070668,0.09686896794672711,0.29247064656840444,0.27761522834747443,True,3.914660116621782e-07
T33,edge,cross_port,1227,False,0.00024895849537170776,0.10186185115408485,0.6056041548816627,0.32273720092714653,True,4.825973197453148e-07
T33,edge,cross_port,1228,False,0.00023486436984896313,0.09613356802549029,0.5929979118702174,0.32273720092714653,True,3.2308138797620956e-07
T33,edge,cross_port,1230,False,0.00023766588353425799,0.09738211722614074,0.6045824423219843,0.3397392106614883,True,2.1289890503317643e-07
T33,edge,cross_port,1234,False,0.00022986468259788358,0.09408353733432241,0.6089578380091428,0.3397392106614883,True,2.981585247030516e-07
T33,edge,cross_port,1272,False,0.00024336449098451195,0.099444190288049,0.6313463818962833,0.18873920996410612,True,5.004109630279974e-07
T33,edge,cross_port,1276,False,0.00024250340935762,0.09921782052628911,0.6868329331831305,0.2840002669846856,True,4.1608276935001243e-07
T33,edge,cross_port,1288,False,0.00023092117649759912,0.0943393808959502,0.6313263495075069,0.18872052169667072,True,4.590528644987657e-07
T33,edge,cross_port,1290,False,0.00024518487608390276,0.10017212906466899,0.6131980434120633,0.19358165350020579,True,7.772957192619945e-07
T33,edge,cross_port,1303,False,0.00023994111255820277,0.09819707257839701,0.6391475285626501,0.32152517449646867,True,6.572408059180024e-07
T33,edge,cross_port,1307,False,0.00024242046862265097,0.09908389950281972,0.5953825394826691,0.24494088624811697,True,2.7693087159552654e-07
T33,edge,cross_port,1320,False,0.00023289631476973416,0.09532469984649365,0.663887574037126,0.2751641150575659,True,5.940367219792186e-07
T33,edge,cross_port,1321,False,0.00024694126159675796,0.10103465141337525,0.673313398554562,0.28797142609283016,True,5.876236121304945e-07
T33,edge,cross_port,1324,False,0.00024978509508252956,0.10219369208041762,0.6575975810576827,0.32861132093438916,True,4.73172127785082e-07
T33,edge,cross_port,1327,False,0.00024844015267989536,0.10167474586856512,0.6575975810576827,0.3377824937311957,True,2.4405930457160885e-07
T33,edge,cross_port,1328,False,0.0002341647453977169,0.09583467337420966,0.6575975810576827,0.32170214083691495,True,2.834886495828304e-07
T33,edge,cross_port,1332,False,0.00024253353763695822,0.0995990102370082,0.5843810094221025,0.2595596404119975,True,3.337226502919677e-07
T33,edge,cross_port,1337,False,0.00023841888489452347,0.09736912643654137,0.5448833659902679,0.18200816303797773,True,9.251739032378747e-07
T33,edge,cross_port,1340,False,0.00022862876686335473,0.09370448334386573,0.6338775977069094,0.1555808150729594,True,1.0191829367678373e-06
T33,edge,cross_port,1343,False,0.00022888287944359832,0.09352694013981955,0.6362710257506764,0.14149896297028455,True,1.429610224090716e-06
T33,edge,cross_port,1344,False,0.0002409128649729588,0.09831183327081562,0.576562528620836,0.12987157903826646,True,1.6959682435091494e-06
T33,edge,cross_port,1350,False,0.0002465714707761235,0.10092514905067361,0.6773135761714127,0.3156541854125201,True,6.938319074278887e-07
T33,edge,cross_port,1352,False,0.00022989931987463648,0.09409860564162677,0.6386451434487863,0.34907126935093263,True,3.427159063484897e-07
T33,edge,cross_port,1354,False,0.0002296456782779787,0.09398770905314721,0.6228296563635249,0.34907126935093263,True,5.475562132040146e-07
T33,edge,cross_port,1357,False,0.00023296917812353553,0.09529087066926885,0.6389684677848233,0.32856138891117403,True,2.688182359211755e-07
T33,edge,cross_port,1358,False,0.0002293177730740163,0.09403849775036778,0.5530566171577189,0.27597332591900176,True,3.945047294950932e-07
T33,edge,cross_port,1360,False,0.0002474298119842535,0.10100323075620582,0.5359052413070701,0.2808501434378746,True,4.142772110915516e-07
T33,edge,cross_port,1366,False,0.0002431691754158309,0.09957617279842233,0.5440491208367406,0.18197497919978675,True,1.0996958032805093e-06
T33,edge,cross_port,1371,False,0.00023627677559276582,0.09638556340253861,0.5768418361431099,0.12980352346573945,True,1.2673828981568658e-06
T33,edge,cross_port,1372,False,0.00022910174048237174,0.0938921849998792,0.6363048343439319,0.14138199733792392,True,1.2919234097241716e-06
T33,edge,cross_port,1374,False,0.00023441173883901922,0.0959362843058231,0.6368522597042088,0.13552526125476008,True,1.4161927288924847e-06
T33,edge,cross_port,1376,False,0.0002490747272514379,0.10199973203658652,0.4675097500845646,0.17325049183723748,True,2.1157482574252207e-07
T33,edge,cross_port,1379,False,0.000228171825536815,0.09357114154973467,0.5116900946667684,0.18041725075219855,True,8.739621419895371e-07
T33,edge,cross_port,1381,False,0.0002400699748353975,0.09821399321064493,0.6533852473754506,0.28470865868044964,True,6.620865702078316e-07
T33,edge,cross_port,1383,False,0.00024367099095998397,0.09986185165505028,0.6340479420637427,0.26280679666512313,True,6.63858192195832e-07
T33,edge,cross_port,1385,False,0.0002433779409960917,0.09960696549508619,0.654205520570361,0.3575368663715375,True,2.8304282323476926e-07
T33,edge,cross_port,1386,False,0.00024534785051217407,0.10038491956489916,0.655411245355623,0.35333526217296835,True,2.527469029622864e-07
T33,edge,cross_port,1391,False,0.00023066779477537384,0.09435730455080543,0.6043661334278765,0.33697128038389546,True,6.304048880689805e-07
T33,edge,cross_port,1394,False,0.00024507685190505957,0.09978706040951478,0.4632700166028673,0.2463456195996643,True,5.896124088133892e-07
T33,edge,cross_port,1395,False,0.000249989522051186,0.10175621991328108,0.45270861420343006,0.2463456195996643,True,4.0159056982624897e-07
T33,edge,cross_port,1405,False,0.0002444364297881421,0.10034243213935194,0.4659785377470386,0.18580442424612392,True,8.663821680354733e-07
T33,edge,cross_port,1406,False,0.00024091126232395662,0.09905879812005675,0.4641447932534603,0.173195731325749,True,6.551250406328091e-07
T33,edge,cross_port,1411,False,0.00024915991774584654,0.10191974577096259,0.6542737853525256,0.35346569544287837,True,4.773457072948517e-07
T33,edge,cross_port,1412,False,0.00024319266428922764,0.09952540307820189,0.6542051286261608,0.3576493211800773,True,2.008840508382903e-07
T33,edge,cross_port,1413,False,0.0002481240414974126,0.10151685090840379,0.6542737853525256,0.3596476699395524,True,2.3675370738884816e-07
T33,edge,cross_port,1422,False,0.00024499925040505913,0.09988576524630362,0.45270699935577585,0.2686638985352582,True,6.66832227602665e-07
T33,edge,cross_port,1424,False,0.00024559718396198894,0.1002548833251257,0.40331301928740326,0.268508257017931,True,3.9895447034865583e-07
T33,edge,cross_port,1425,False,0.0002478088970237096,0.10203817793055503,0.45270699935577585,0.24656609749548233,True,3.254464018553893e-07
T33,edge,cross_port,1426,False,0.0002394416874034524,0.097865169628375,0.45270699935577585,0.2686638985352582,True,4.362036499783173e-07
T33,edge,cross_port,1430,False,0.00024886243553451604,0.10164885243933752,0.41195889301593547,0.16386460935188382,True,1.3292710460688362e-06
T33,edge,cross_port,1431,False,0.00023447372914398032,0.09594581468871781,0.45708238937080004,0.15769997208663855,True,1.3292710460688362e-06
T33,edge,cross_port,1433,False,0.00024322498868047018,0.09969792193474507,0.6062930770496032,0.12062645385596317,True,1.4971270391739289e-06
T33,edge,cross_port,1438,False,0.00023963047497551748,0.09782179961563588,0.540112974730045,0.10870454905533429,True,1.6996679070013787e-06
T33,edge,cross_port,1439,False,0.00022804644231630493,0.09365493022362041,0.3797446129772699,0.13989758504996852,True,1.1117282252282035e-06
T33,edge,cross_port,1441,False,0.0002424475385761047,0.09929434156198681,0.34126912283843774,0.1285975369425295,True,1.5645292114896403e-06
T33,edge,cross_port,1442,False,0.0002345359179849025,0.09637261648750736,0.3797446129772699,0.1421377846403769,True,8.043834663074012e-07
T33,edge,cross_port,1443,False,0.00024646935959119073,0.0998364940648434,0.2993864952697485,0.1421377846403769,True,8.967297842887856e-07
T33,edge,cross_port,1444,False,0.00023142218616690056,0.09473115001132977,0.3797446129772699,0.13088067552859298,True,1.3487743016626919e-06
T33,edge,cross_port,1448,False,0.00023405458865614662,0.09567057083155284,0.5494574638126615,0.2438463722098142,True,6.579843407072961e-07
T33,edge,cross_port,1449,False,0.00024009927292003577,0.09858918870488424,0.5092720460294289,0.22362808688033817,True,6.579843407072961e-07
T33,edge,cross_port,1452,False,0.00024197498220388832,0.09900990265512567,0.6793610840199813,0.32148994166814415,True,5.683805030243239e-07
T33,edge,cross_port,1454,False,0.00024404624057962332,0.09988596468315825,0.6773034978740862,0.3362649801270337,True,5.398603561967974e-07
T33,edge,cross_port,1460,False,0.00024325677298436693,0.09949191921034202,0.5683351235395058,0.3217579641466428,True,3.9533294257654283e-07
T33,edge,cross_port,1461,False,0.0002379072919240624,0.0973419027879856,0.5683351235395058,0.32228141105372893,True,5.584509506495472e-07
T33,edge,cross_port,1463,False,0.0002406053476854209,0.09792740686345294,0.3265519497587255,0.22872682234908118,True,5.947763717928378e-07
T33,edge,cross_port,1467,False,0.00024251909698983138,0.09930298592325644,0.40686078723330255,0.1415989699673089,True,1.4844289732141025e-06
T33,edge,cross_port,1469,False,0.00024439859659036327,0.10015659009059504,0.5394093303674734,0.10862055330413871,True,1.708183742565872e-06
T33,edge,cross_port,1471,False,0.00023905583910736246,0.09807056145273631,0.5394093303674734,0.10862055330413871,True,1.7214464420878262e-06
T33,edge,cross_port,1475,False,0.0002434604988881327,0.10012602472809969,0.2987019984738089,0.1421755244673878,True,1.1641709746768036e-06
T33,edge,cross_port,1476,False,0.0002453686297829185,0.0993973948816571,0.1643905989173753,0.1309505763350613,True,1.0199878988925715e-06
T33,edge,cross_port,1478,False,0.00023946838937256677,0.09833843036553563,0.2987019984738089,0.1285033762988871,True,1.4736330534170783e-06
T33,edge,cross_port,1481,False,0.00024578592987251465,0.10060131764300388,0.5176882646981266,0.2455726192953888,True,5.794127720393227e-07
T33,edge,cross_port,1482,False,0.00024162405071220594,0.0991069321572091,0.5113542121769806,0.23487043255715695,True,5.903601423273841e-07
T33,edge,cross_port,1484,False,0.00024436046575073914,0.09999827261479907,0.5302193819870251,0.2509105629901674,True,5.794127720393227e-07
T33,edge,cross_port,1485,False,0.00024372834198734518,0.0997381066644824,0.6841295261095457,0.33642345980656213,True,4.957582647457937e-07
T33,edge,cross_port,1487,False,0.0002464158284690162,0.10085755343814423,0.6906446290811001,0.33886631084433044,True,4.827875733359743e-07
T33,edge,cross_port,1488,False,0.00023570979055080303,0.09648007155806472,0.6906446290811001,0.3471075432393214,True,4.720119628487396e-07
T33,edge,cross_port,1489,False,0.0002403633117641045,0.09836980817463659,0.6057283516878905,0.3628040077945813,True,2.156859305324499e-07
T33,edge,cross_port,1492,False,0.0002489089387135379,0.10184404276152324,0.6055395012498337,0.3628040077945813,True,3.752712115778767e-07
T33,edge,cross_port,1499,False,0.0002481038771015924,0.10137537112465923,0.29292934581285424,0.24346522635791723,True,3.588888945749158e-07
T33,edge,cross_port,1501,False,0.00024243404758556426,0.09931779849127062,0.406187913271087,0.145787545975409,True,1.526676615709599e-06
T33,edge,cross_port,1508,False,0.00024281879833827952,0.09959898641481563,0.557015635880871,0.10257974305089432,True,2.068856548881337e-06
T33,edge,cross_port,1509,False,0.0002405754307870029,0.09843424897013571,0.5516699075737843,0.09485142383349479,True,2.461405873566136e-06
T33,edge,cross_port,1510,False,0.00023756485931475857,0.0938566926170115,0.1639292881380686,0.12561031382751892,True,5.98918302341378e-07
T33,edge,cross_port,1512,False,0.00024703258478045805,0.10067343843912531,0.22261676754062365,0.12561031382751892,True,6.577847662947445e-07
T33,edge,cross_port,1513,False,0.0002464075643657852,0.10140183053507992,0.22261676754062365,0.12561031382751892,True,1.1226150306853366e-06
T33,edge,cross_port,1515,False,0.00022882471538646936,0.09601228822411084,0.09332635619965059,0.11038240502706405,True,3.353980129933154e-06
T33,edge,cross_port,1516,False,0.00022944481300041022,0.09381449708363032,0.51703818070852,0.24543522093034417,True,5.124852992810514e-07
T33,edge,cross_port,1517,False,0.0002460757333248801,0.10069040529608418,0.51703818070852,0.24543522093034417,True,5.318386115393814e-07
T33,edge,cross_port,1522,False,0.00024336351389742493,0.09963565523732461,0.7038326389863789,0.3387613571751656,True,6.370514882558798e-07
T33,edge,cross_port,1524,False,0.00024218288811043967,0.09912774497460201,0.7038326389863789,0.3387613571751656,True,5.414537523340535e-07
T33,edge,cross_port,1526,False,0.00024467315621355695,0.10015140995745729,0.6114261599239642,0.3655439783987282,True,2.740913967735903e-07
T33,edge,cross_port,1530,False,0.00023485808028128887,0.09613724339017315,0.592919403667913,0.3227792105596037,True,3.2996410434527057e-07
T33,edge,cross_port,1532,False,0.00024718574945558475,0.10125274381441701,0.5718257000607971,0.3218086330947041,True,3.5544845400359293e-07
T33,edge,cross_port,1535,False,0.00024031260142755393,0.0980632557768463,0.3388105193934776,0.2776149685382914,True,3.073104611894806e-07
T33,edge,cross_port,1535,False,0.00024099036874714337,0.10074096521108146,0.3388105193934776,0.2776149685382914,True,1.2745248893775152e-06
T33,edge,cross_port,1537,False,0.00022696684602725012,0.09319699207383098,0.3388105193934776,0.2687400023571089,True,4.259299718478715e-07
T33,edge,cross_port,1540,False,0.0002448718751663278,0.10036399542261265,0.23681101268473664,0.1594632314168614,True,1.3582055735372744e-06
T33,edge,cross_port,1546,False,0.0002356513394557634,0.09665510502130979,0.5846757079710247,0.10700392298421663,True,2.024723479016055e-06
T33,edge,cross_port,1550,False,0.00023256329383129792,0.09550795600959894,0.31113287613641977,0.10232388464147621,True,1.4751859070405438e-06
T33,edge,cross_port,1551,False,0.00023826896454356237,0.09777833928705304,0.31113287613641977,0.10212557396241385,True,1.5849923150623724e-06
T33,edge,cross_port,1552,False,0.0002239888562657665,0.09133548091167197,0.32086433878067383,0.2034938333982921,True,3.572382316352485e-07
T33,edge,cross_port,1557,False,0.0002348263528102809,0.09613856022366211,0.6594652303351156,0.28998728650966976,True,5.518395674031229e-07
T33,edge,cross_port,1559,False,0.0002460736823810092,0.10074495169756051,0.670235250231358,0.2975466181634648,True,6.137401488970351e-07
T33,edge,cross_port,1560,False,0.00024187607950404132,0.09903076747132006,0.670235250231358,0.2975466181634648,True,5.520473971842854e-07
T33,edge,cross_port,1563,False,0.00023156723044579758,0.09478531722618634,0.6711319122766016,0.3735792393644039,True,3.917646972662059e-07
T33,edge,cross_port,1567,False,0.00024423720743177235,0.09996769945727078,0.6022295398994222,0.34655051891188976,True,1.505549903357828e-07
T33,edge,cross_port,1568,False,0.0002300511185292232,0.09417590132810431,0.5976600099987013,0.34980474668706124,True,1.757260786883208e-07
T33,edge,cross_port,1574,False,0.00022918533005203924,0.09357078948270695,0.1371233507058734,0.2406972904954357,True,5.047074885522473e-07
T33,edge,cross_port,1574,False,0.0002288342503261099,0.0937298336988874,0.1371233507058734,0.2406972904954357,True,5.047074885522473e-07
T33,edge,cross_port,1576,False,0.0002307448674370201,0.09445185493422345,0.3430285379971527,0.14160090634181824,True,1.8807281093324857e-06
T33,edge,cross_port,1576,False,0.00023074486743685237,0.09445185492650598,0.3430285379971524,0.14160078920895022,True,1.5308624297105666e-06
T33,edge,cross_port,1578,False,0.00023312743755283475,0.09556949271066659,0.5667467866593577,0.09483754389566544,True,1.8868630042301326e-06
T33,edge,cross_port,1579,False,0.0002407826472265945,0.09866422654335381,0.5516699005957219,0.09483754389566544,True,2.302277211901904e-06
T33,edge,cross_port,1581,False,0.00023713060292089255,0.09701670863925002,0.09282219830560504,0.10477476646053774,True,2.6158846810619973e-06
T33,edge,cross_port,1585,False,0.0002454361668211522,0.1004510183401008,0.7025841368047868,0.3103992419127359,True,5.140420544225144e-07
T33,edge,cross_port,1586,False,0.00024654131285356816,0.10086142136422044,0.691463884848364,0.30416313914899284,True,5.140420544225144e-07
T33,edge,cross_port,1588,False,0.00024497362626416526,0.10041209912565692,0.6849013882233579,0.3088565692215405,True,5.140420544225144e-07
T33,edge,entry:raster_u_phase_0.00/forward,-1,True,1.0314157562677101e-05,0.0017836459446383516,0.7098636646509151,0.2521696278855845,True,2.6197652874260235e-06
T33,edge,entry:raster_u_phase_0.00/reverse,-1,False,0.00018632570205542884,0.07628527623015112,0.6627552335140982,0.2521696278855845,True,2.6197652874260235e-06
T33,edge,entry:raster_u_phase_0.25/reverse,-1,False,0.00018196933287529927,0.07447167364260952,0.5980590251746026,0.2521696278855845,True,2.6197652874260235e-06
T33,edge,entry:spiral_phase_0.00/reverse,-1,False,0.00018182279451399582,0.07445869763582967,0.6627550413332859,0.2521696278855845,True,2.6197652874260235e-06
T33,edge,off_reconfiguration,-1,True,1.2928363778638103e-05,0.0017836459446383516,0.7094062114779828,0.24893787226837705,True,0.019999678279408212
T33,edge,off_reconfiguration,-1,True,2.37164723099589e-05,0.005499974511269511,0.7066761293081394,0.2521696278855845,True,0.019999677094437146
T33,edge,off_reconfiguration,-1,True,1.0314157562677101e-05,0.0017836459446383516,0.7078320482137331,0.2521696278855845,True,0.019999677094437146
T33,edge,off_reconfiguration,-1,True,1.0314157562677101e-05,0.0017836459446383516,0.7063706555288777,0.2521696278855845,True,0.019999677094437146
T33,edge,off_reconfiguration,-1,True,5.439188254538774e-07,0.0002706368191749316,0.7097997644751135,0.2133352110768183,True,0.019999677097899904
T33,edge,off_reconfiguration,-1,True,6.594353789371796e-07,0.00017661768431851508,0.6959483043816659,0.22903369800098133,True,0.019999677097899904
T33,edge,off_reconfiguration,-1,True,1.2928363778638103e-05,0.0016293133163195076,0.7094062114779828,0.22992963886116194,True,0.019999678279408212
T33,edge,off_reconfiguration,-1,True,1.0314157562677101e-05,0.0017836459446383516,0.7098636646509151,0.22992963886116194,True,0.019999677097899904
T33,edge,off_reconfiguration,-1,True,2.788498119609797e-07,0.00011827153476243754,0.7063706555288777,0.259955383421158,True,0.019999670405867198
T33,edge,off_reconfiguration,-1,True,6.515313205433523e-07,0.00011827153476243754,0.7058868014635387,0.26124060552184647,True,0.01999966975705214
T33,edge,off_reconfiguration,-1,True,1.0314157562677101e-05,0.0017836459446383516,0.7063706555288777,0.2521696278855845,True,0.019999677094437146
T33,edge,off_reconfiguration,-1,True,2.37164723099589e-05,0.005499974511269511,0.7063706555288777,0.25551829513439384,True,0.019999672504555283
T33,edge,off_reconfiguration,-1,True,5.754551434017558e-07,7.875107407077094e-05,0.66866147721116,0.2750278856833489,True,0.01999961851715254
T33,edge,off_reconfiguration,-1,True,7.95848449800156e-07,7.875107407077094e-05,0.6613991004849017,0.27062661889177275,True,0.019999632833030523
T33,edge,off_reconfiguration,-1,True,4.141184899531207e-07,7.875107407077094e-05,0.6843840207324366,0.2612138825835826,True,0.01999966320714286
T33,edge,off_reconfiguration,-1,True,5.62942650907425e-07,7.875107407077094e-05,0.6504184535582874,0.2750278856833489,True,0.01999961851715254
T33,edge,off_reconfiguration,-1,True,5.439188254538774e-07,0.0002706368191749316,0.7097997644751135,0.2133352110768183,True,0.019999677097899904
T33,edge,off_reconfiguration,-1,True,7.236598600899622e-07,0.0003577983937772709,0.7064180744437863,0.1986506264971564,True,0.019999667206024557
T33,edge,off_reconfiguration,-1,True,7.566135307002402e-07,0.00035952386955121965,0.6819757725396693,0.2081669283485443,True,0.01999966916308818
T33,edge,off_reconfiguration,-1,True,7.035551131199153e-07,0.00036227478047612345,0.6992274717953219,0.203193317330828,True,0.019999668741419563
T33,edge,off_reconfiguration,-1,True,6.272222358771436e-07,5.2052192315872776e-05,0.6918284922923725,0.2559408352035578,True,0.019999681309594952
T33,edge,off_reconfiguration,-1,True,6.416841308312954e-07,5.181358049740872e-05,0.6865703258373927,0.24023515480887048,True,0.01999968255330825
T33,edge,off_reconfiguration,-1,True,6.515313205433523e-07,9.723653507663123e-05,0.6918284922923725,0.2559408352035578,True,0.019999681309594952
T33,edge,off_reconfiguration,-1,True,7.488670828566596e-07,6.850436284281307e-05,0.6585385218524981,0.25262100064453397,True,0.0199996918955328
T33,edge,off_reconfiguration,-1,True,7.236598600899622e-07,0.00036227478047612345,0.6992274717953219,0.1986506264971564,True,0.019999668741419563
T33,edge,off_reconfiguration,-1,True,9.151612811111788e-07,0.00041801615670577325,0.6991451607519696,0.18535096401326578,True,0.019999671966805577
T33,edge,off_reconfiguration,-1,True,9.307977826507184e-07,0.00041889584146956657,0.6974792546451045,0.18648413500733832,True,0.019999672765071197
T33,edge,off_reconfiguration,-1,True,7.236598600899622e-07,0.0003577983937772709,0.7064180744437863,0.1986506264971564,True,0.019999667206024557
T33,edge,off_reconfiguration,-1,True,7.95848449800156e-07,7.875107407077094e-05,0.6613991004849017,0.27062661889177275,True,0.019999632833030523
T33,edge,off_reconfiguration,-1,True,7.95848449800156e-07,6.1548731056446e-05,0.6613991004849017,0.27062661889177275,True,0.019999632833030523
T33,edge,off_reconfiguration,-1,True,9.454145243553777e-07,0.00011547742271841617,0.6309750174552924,0.2600171191383302,True,0.019999656431231944
T33,edge,off_reconfiguration,-1,True,7.95848449800156e-07,4.4132748170698074e-05,0.6504184535582874,0.27062661889177275,True,0.019999632833030523
T33,edge,off_reconfiguration,-1,True,3.6801982734776895e-07,0.00015479224654514417,0.6949283236754492,0.2848546734127286,True,0.019999579763774117
T33,edge,off_reconfiguration,-1,True,6.083288664470679e-07,0.00015479224654514417,0.6867026802187317,0.28390375566247594,True,0.0199996046076798
T33,edge,off_reconfiguration,-1,True,6.127603018760325e-07,0.00015479224654514417,0.678364418899547,0.27775732403129816,True,0.019999644788834536
T33,edge,off_reconfiguration,-1,True,3.6801982734776895e-07,0.00015479224654514417,0.6982678657675446,0.2670477526690087,True,0.019999654432740988
T33,edge,off_reconfiguration,-1,True,2.9234477898276135e-07,0.00019161085038505967,0.682737215203752,0.30983188497452857,True,0.019999204092680134
T33,edge,off_reconfiguration,-1,True,2.9234477898276135e-07,0.00019161085038505967,0.6750995501036754,0.3137675373005879,True,0.019999077395869008
T33,edge,off_reconfiguration,-1,True,2.936626340621266e-07,0.00019161085038505967,0.6663335047864263,0.3137675373005879,True,0.019999077395869008
T33,edge,off_reconfiguration,-1,True,3.2283824110537494e-07,0.00019161085038505967,0.682737215203752,0.2995318263495047,True,0.019999395084467686
T33,edge,off_reconfiguration,-1,True,9.68358099406496e-07,0.00013337463788212309,0.629440179086452,0.25508238180160536,True,0.01999966391539651
T33,edge,off_reconfiguration,-1,True,1.2398856101090594e-06,0.00017451684681351354,0.5984953661563791,0.2593485656611941,True,0.019999656431231944
T33,edge,off_reconfiguration,-1,True,9.454145243553777e-07,0.00011547742271841617,0.6309750174552924,0.2600171191383302,True,0.019999656431231944
T33,edge,off_reconfiguration,-1,True,1.1710626868639305e-06,0.00020557337657747793,0.5953825394826691,0.24494088624811697,True,0.019999665826695934
T33,edge,off_reconfiguration,-1,True,9.307977826507184e-07,0.00041889584146956657,0.6974792546451045,0.18535096401326578,True,0.019999672765071197
T33,edge,off_reconfiguration,-1,True,9.307977826507184e-07,0.00041889584146956657,0.6974792546451045,0.18648413500733832,True,0.019999672765071197
T33,edge,off_reconfiguration,-1,True,9.307977826507184e-07,0.00041889584146956657,0.6838185234602766,0.1726912047025686,True,0.019999717945427153
T33,edge,off_reconfiguration,-1,True,9.307977826507184e-07,0.00041889584146956657,0.6974792546451045,0.18648413500733832,True,0.019999672765071197
T33,edge,off_reconfiguration,-1,True,8.391554121664752e-07,0.00015487698683244695,0.6612553652093792,0.22488170119655151,True,0.0199996738819945
T33,edge,off_reconfiguration,-1,True,8.183751785651076e-07,0.00015487698683244695,0.6612553652093792,0.22488170119655151,True,0.01999968255330825
T33,edge,off_reconfiguration,-1,True,8.183751785651076e-07,0.00017661768431851508,0.6612553652093792,0.22488170119655151,True,0.01999967705364067
T33,edge,off_reconfiguration,-1,True,9.048644106179919e-07,0.00018829338539947193,0.590784199563895,0.22260131563654356,True,0.0199996698196023
T33,edge,off_reconfiguration,-1,True,9.78352257678182e-07,0.00016068419231533352,0.615989681401227,0.23373725335806353,True,0.0199996918955328
T33,edge,off_reconfiguration,-1,True,7.488670828566596e-07,6.850436284281307e-05,0.6585385218524981,0.25262100064453397,True,0.0199996918955328
T33,edge,off_reconfiguration,-1,True,7.488670828566596e-07,8.233052200475795e-05,0.6337856027835982,0.25262100064453397,True,0.01999970925821709
T33,edge,off_reconfiguration,-1,True,7.488670828566596e-07,6.850436284281307e-05,0.6585385218524981,0.25262100064453397,True,0.0199996918955328
T33,edge,off_reconfiguration,-1,True,1.186843450826441e-06,0.0006138941244764909,0.6337945961233873,0.15987535811021553,True,0.019999968481143993
T33,edge,off_reconfiguration,-1,True,1.138594928450086e-06,0.0005321681470418784,0.6362710257506764,0.1555808150729594,True,0.020000030559590598
T33,edge,off_reconfiguration,-1,True,1.138594928450086e-06,0.0005321681470418784,0.6307494363509409,0.17526894480482635,True,0.01999977034065395
T33,edge,off_reconfiguration,-1,True,1.138594928450086e-06,0.0005321681470418784,0.6558835252323117,0.17526894480482635,True,0.01999977034065395
T33,edge,off_reconfiguration,-1,True,9.304095870216611e-07,0.0005106629941599103,0.6359526392777491,0.19423279786695827,True,0.019999717205780726
T33,edge,off_reconfiguration,-1,True,8.897012509433032e-07,0.0005106629941599103,0.6044682236076594,0.18332008705733774,True,0.019999778214953634
T33,edge,off_reconfiguration,-1,True,1.1198634750161398e-06,0.0005729374629258608,0.6107026057695844,0.182108566595252,True,0.01999978048492765
T33,edge,off_reconfiguration,-1,True,1.0463945028940715e-06,0.0005106629941599103,0.6359526392777491,0.17962342240235307,True,0.019999719015941664
T33,edge,off_reconfiguration,-1,True,9.57783154512875e-07,0.00014458550197741048,0.5843810094221025,0.2782026415157305,True,0.019999595022654998
T33,edge,off_reconfiguration,-1,True,9.430841935235045e-07,8.516365374023748e-05,0.6180295723089899,0.2851515324538782,True,0.01999955146237639
T33,edge,off_reconfiguration,-1,True,1.0480349134263878e-06,0.00016938103137881152,0.5775516868644379,0.2758920435948863,True,0.019999605759111277
T33,edge,off_reconfiguration,-1,True,1.000523924116381e-06,0.00018537311459582975,0.5530566171577189,0.2808501434378746,True,0.019999587338014768
T33,edge,off_reconfiguration,-1,True,2.936626340621266e-07,0.0001762934045621281,0.6663335047864263,0.3269585236707581,True,0.01999850140928422
T33,edge,off_reconfiguration,-1,True,2.9234477898276135e-07,0.00019161085038505967,0.6750995501036754,0.3137675373005879,True,0.019999077395869008
T33,edge,off_reconfiguration,-1,True,2.850158715805804e-07,0.0001762934045621281,0.6641069749308569,0.3269585236707581,True,0.01999850140928422
T33,edge,off_reconfiguration,-1,True,2.850158715805804e-07,0.0001762934045621281,0.6575975810576827,0.3269585236707581,True,0.01999850140928422
T33,edge,off_reconfiguration,-1,True,6.484174793843023e-07,7.09660023834284e-05,0.67327838351589,0.29700436813863085,True,0.01999950928907418
T33,edge,off_reconfiguration,-1,True,6.484174793843023e-07,7.09660023834284e-05,0.6790486189188351,0.28797142609283016,True,0.019999589974384724
T33,edge,off_reconfiguration,-1,True,6.769971831435815e-07,7.09660023834284e-05,0.6559811547438702,0.28470865868044964,True,0.019999648095883227
T33,edge,off_reconfiguration,-1,True,6.484174793843023e-07,7.09660023834284e-05,0.6794245549890672,0.28390375566247594,True,0.0199996046076798
T33,edge,off_reconfiguration,-1,True,2.830751471812437e-07,0.00014174185408219494,0.6525052772258226,0.3377824937311957,True,0.019997605476593572
T33,edge,off_reconfiguration,-1,True,2.830751471812437e-07,0.00014002148092953564,0.6389684677848233,0.3416360703971119,True,0.019997160882663984
T33,edge,off_reconfiguration,-1,True,2.830751471812437e-07,0.00015459433856908794,0.6525052772258226,0.3407925516058115,True,0.019997308106293826
T33,edge,off_reconfiguration,-1,True,2.830751471812437e-07,0.00014002148092953564,0.6386316141512137,0.3416360703971119,True,0.019997160882663984
T33,edge,off_reconfiguration,-1,True,1.0480349134263878e-06,0.00016938103137881152,0.5775516868644379,0.2758920435948863,True,0.019999605759111277
T33,edge,off_reconfiguration,-1,True,1.0480349134263878e-06,0.00018537311459582975,0.5530566171577189,0.2758920435948863,True,0.019999605759111277
T33,edge,off_reconfiguration,-1,True,1.0480349134263878e-06,0.00016938103137881152,0.5775516868644379,0.2758920435948863,True,0.019999605759111277
T33,edge,off_reconfiguration,-1,True,1.3719571464052849e-06,0.00030586552588281136,0.4906001191209148,0.2681204677272994,True,0.0199996465798723
T33,edge,off_reconfiguration,-1,True,1.1198634750161398e-06,0.0005729374629258608,0.6044682236076594,0.182108566595252,True,0.01999978048492765
T33,edge,off_reconfiguration,-1,True,1.1198634750161398e-06,0.0005729374629258608,0.6107026057695844,0.182108566595252,True,0.01999978048492765
T33,edge,off_reconfiguration,-1,True,1.1827390776878997e-06,0.0006334189203247372,0.5440491208367406,0.1819937901966534,True,0.01999981600324313
T33,edge,off_reconfiguration,-1,True,1.1198634750161398e-06,0.0005729374629258608,0.6107026057695844,0.17962342240235307,True,0.01999978048492765
T33,edge,off_reconfiguration,-1,True,1.186843450826441e-06,0.0006138941244764909,0.6337945961233873,0.1555808150729594,True,0.020000030559590598
T33,edge,off_reconfiguration,-1,True,1.432740131715067e-06,0.0006833758078699044,0.5901682630341137,0.14781652077022966,True,0.020000342387943487
T33,edge,off_reconfiguration,-1,True,1.186843450826441e-06,0.0006138941244764909,0.6337945961233873,0.15987535811021553,True,0.019999968481143993
T33,edge,off_reconfiguration,-1,True,1.186843450826441e-06,0.0006138941244764909,0.6337945961233873,0.14138199733792392,True,0.02000029061092215
T33,edge,off_reconfiguration,-1,True,9.78352257678182e-07,0.00018829338539947193,0.590784199563895,0.22260131563654356,True,0.019999681164324323
T33,edge,off_reconfiguration,-1,True,9.78352257678182e-07,0.000227320339746818,0.5703339404529882,0.2219775811608377,True,0.019999681164324323
T33,edge,off_reconfiguration,-1,True,9.78352257678182e-07,0.00016068419231533352,0.615989681401227,0.23373725335806353,True,0.0199996918955328
T33,edge,off_reconfiguration,-1,True,9.78352257678182e-07,0.00016068419231533352,0.615989681401227,0.22948795829032964,True,0.019999681164324323
T33,edge,off_reconfiguration,-1,True,8.010321640091467e-07,8.233052200475795e-05,0.6337856027835982,0.26257347885929094,True,0.01999970925821709
T33,edge,off_reconfiguration,-1,True,8.266035285749889e-07,0.00015357249753764779,0.5915872153965506,0.24890487858686355,True,0.019999729353763346
T33,edge,off_reconfiguration,-1,True,7.49772195965183e-07,8.233052200475795e-05,0.6337856027835982,0.26257347885929094,True,0.01999970925821709
T33,edge,off_reconfiguration,-1,True,6.722156017389519e-07,8.233052200475795e-05,0.6337856027835982,0.26257347885929094,True,0.01999970925821709
T33,edge,off_reconfiguration,-1,True,1.2819398839023242e-06,0.0005469524799819027,0.5317673303359547,0.16775172561217064,True,0.01999980915778979
T33,edge,off_reconfiguration,-1,True,1.3639238228930222e-06,0.0006839259828102345,0.474109113121457,0.15313401872473692,True,0.0200001107210174
T33,edge,off_reconfiguration,-1,True,1.6728615068064364e-06,0.0005469524799819027,0.4666365150991181,0.16775172561217064,True,0.01999980915778979
T33,edge,off_reconfiguration,-1,True,1.2819398839023242e-06,0.0005469524799819027,0.5317673303359547,0.16775172561217064,True,0.01999980915778979
T33,edge,off_reconfiguration,-1,True,1.4325515147600623e-06,0.0004662550043809779,0.639006170602219,0.13472401890698524,True,0.020000288668207106
T33,edge,off_reconfiguration,-1,True,1.2966463706584731e-06,0.0004816819609621762,0.6581816823548069,0.14762467230273993,True,0.019999973844526397
T33,edge,off_reconfiguration,-1,True,1.2966463706584731e-06,0.0004662550043809779,0.6368522597042088,0.14138199733792392,True,0.02000029061092215
T33,edge,off_reconfiguration,-1,True,1.2966463706584731e-06,0.0004662550043809779,0.6581816823548069,0.14762467230273993,True,0.019999973844526397
T33,edge,off_reconfiguration,-1,True,1.6325547234644246e-06,0.0006571162478897193,0.4593609495317533,0.18822958814348897,True,0.019999747952733876
T33,edge,off_reconfiguration,-1,True,2.4684888997329586e-06,0.0007205318475260362,0.3808074772628244,0.18994141979621393,True,0.019999662169893018
T33,edge,off_reconfiguration,-1,True,1.521557168949181e-06,0.000519446719819475,0.5026112065025103,0.20614013634112768,True,0.019999662169893018
T33,edge,off_reconfiguration,-1,True,1.521557168949181e-06,0.0006334189203247372,0.5026112065025103,0.1819937901966534,True,0.01999981600324313
T33,edge,off_reconfiguration,-1,True,8.321782476943229e-07,0.00018231815968083295,0.5357380285775013,0.2949717002942246,True,0.019999499601908
T33,edge,off_reconfiguration,-1,True,8.172804668261851e-07,0.00016852678639638316,0.5237333444362869,0.30562031453540933,True,0.01999939651172486
T33,edge,off_reconfiguration,-1,True,7.559476354649991e-07,8.388733399288e-05,0.5875292723610855,0.30941538190689544,True,0.019999238312320894
T33,edge,off_reconfiguration,-1,True,1.0865626881447533e-06,0.00025377048307448656,0.4883040943878866,0.28827549717671463,True,0.01999958939011587
T33,edge,off_reconfiguration,-1,True,2.3457733020352365e-07,0.00012503630916018712,0.6386316141512137,0.3543099649650706,True,0.01999488914834835
T33,edge,off_reconfiguration,-1,True,2.3457733020352365e-07,0.00012503630916018712,0.6483552555818272,0.35499903607633054,True,0.01999473363686058
T33,edge,off_reconfiguration,-1,True,2.3803030083873133e-07,0.00012503630916018712,0.6389684677848233,0.34907126935093263,True,0.019996035572777265
T33,edge,off_reconfiguration,-1,True,2.3457733020352365e-07,0.00015459433856908794,0.6483552555818272,0.3407925516058115,True,0.019997308106293826
T33,edge,off_reconfiguration,-1,True,6.484174793843023e-07,7.09660023834284e-05,0.67327838351589,0.29700436813863085,True,0.01999950928907418
T33,edge,off_reconfiguration,-1,True,6.769971831435815e-07,5.045939486899367e-05,0.6559811547438702,0.28470865868044964,True,0.019999648095883227
T33,edge,off_reconfiguration,-1,True,6.360924712108545e-07,5.045939486899367e-05,0.6533720016160386,0.2898811481294537,True,0.01999963424389825
T33,edge,off_reconfiguration,-1,True,5.152955578175573e-07,8.483778215524308e-05,0.67327838351589,0.2993183049558135,True,0.019999506158797142
T33,edge,off_reconfiguration,-1,True,2.2049790404475438e-07,0.00010403784523054583,0.655411245355623,0.35326844423707826,True,0.019995663428222732
T33,edge,off_reconfiguration,-1,True,2.2049790404475438e-07,9.706771826386154e-05,0.6650846002437745,0.35326844423707826,True,0.019995663428222732
T33,edge,off_reconfiguration,-1,True,2.2049790404475438e-07,9.706771826386154e-05,0.6542737853525256,0.35326844423707826,True,0.019995663428222732
T33,edge,off_reconfiguration,-1,True,4.022180099832621e-07,9.706771826386154e-05,0.6650846002437745,0.3378184067166806,True,0.019998034144237425
T33,edge,off_reconfiguration,-1,True,1.5879826429771484e-07,5.298214104506479e-05,0.6043324710164142,0.3401034925476971,True,0.019995124346955467
T33,edge,off_reconfiguration,-1,True,2.1676922160583778e-07,5.298214104506479e-05,0.6064699918877998,0.33697128038389546,True,0.019997475687034666
T33,edge,off_reconfiguration,-1,True,2.0056112193267233e-07,8.237477859130348e-05,0.6140198219131192,0.34410113810450715,True,0.019995124346955467
T33,edge,off_reconfiguration,-1,True,3.000952706683085e-07,5.298214104506479e-05,0.6140198219131192,0.33952683395151717,True,0.01999754953079813
T33,edge,off_reconfiguration,-1,True,1.3719571464052849e-06,0.000339198585663767,0.45270699935577585,0.2681204677272994,True,0.01999966938276007
T33,edge,off_reconfiguration,-1,True,1.3719571464052849e-06,0.00030586552588281136,0.4906001191209148,0.2681204677272994,True,0.0199996465798723
T33,edge,off_reconfiguration,-1,True,1.3719571464052849e-06,0.00030586552588281136,0.4906001191209148,0.2681204677272994,True,0.0199996465798723
T33,edge,off_reconfiguration,-1,True,1.3719571464052849e-06,0.00030586552588281136,0.4906001191209148,0.2681204677272994,True,0.0199996465798723
T33,edge,off_reconfiguration,-1,True,1.3649999873204157e-06,0.0007625441455356863,0.45708238937080004,0.16386460935188382,True,0.020000145762683164
T33,edge,off_reconfiguration,-1,True,1.2563045839387577e-06,0.0006963920291769513,0.512980033394998,0.16979955004725006,True,0.019999976858002227
T33,edge,off_reconfiguration,-1,True,1.4207239922539566e-06,0.0006963920291769513,0.512980033394998,0.157653543369277,True,0.02000010304744182
T33,edge,off_reconfiguration,-1,True,1.5338912463600149e-06,0.0007912178847863956,0.4113812515741004,0.16979955004725006,True,0.019999976858002227
T33,edge,off_reconfiguration,-1,True,1.3497364253876676e-06,0.0005224892428190398,0.6194342489213269,0.1307175391138861,True,0.02000068599364266
T33,edge,off_reconfiguration,-1,True,1.4583351029396777e-06,0.0006743520214029752,0.5760786699124717,0.12872322867271038,True,0.020001159604094265
T33,edge,off_reconfiguration,-1,True,1.475141676095491e-06,0.0005224892428190398,0.6062930770496032,0.11806634303107635,True,0.020001149552250852
T33,edge,off_reconfiguration,-1,True,1.4325515147600623e-06,0.0005224892428190398,0.6194342489213269,0.1307175391138861,True,0.02000068599364266
T33,edge,off_reconfiguration,-1,True,1.6728615068064364e-06,0.0004834032909568831,0.4666365150991181,0.17301264334700475,True,0.019999604673189175
T33,edge,off_reconfiguration,-1,True,1.6728615068064364e-06,0.0005469524799819027,0.4666365150991181,0.16775172561217064,True,0.01999980915778979
T33,edge,off_reconfiguration,-1,True,1.6728615068064364e-06,0.0004834032909568831,0.4666365150991181,0.17301264334700475,True,0.019999713654690582
T33,edge,off_reconfiguration,-1,True,1.6728615068064364e-06,0.0004834032909568831,0.4659785377470386,0.17301264334700475,True,0.019999604673189175
T33,edge,off_reconfiguration,-1,True,7.49772195965183e-07,6.698179377452646e-05,0.6351607910925519,0.2736344818494289,True,0.0199997031524419
T33,edge,off_reconfiguration,-1,True,7.49772195965183e-07,8.233052200475795e-05,0.6337856027835982,0.26257347885929094,True,0.01999970925821709
T33,edge,off_reconfiguration,-1,True,7.49772195965183e-07,6.698179377452646e-05,0.6351607910925519,0.2736344818494289,True,0.0199997031524419
T33,edge,off_reconfiguration,-1,True,8.010321640091467e-07,6.698179377452646e-05,0.6351607910925519,0.2736344818494289,True,0.0199997031524419
T33,edge,off_reconfiguration,-1,True,7.755045382671567e-07,0.00020955230198286924,0.5494574638126615,0.24065552016031166,True,0.019999759041498616
T33,edge,off_reconfiguration,-1,True,6.846097415902414e-07,0.00022832499764660714,0.5107513391354722,0.23463077783816214,True,0.019999775089087124
T33,edge,off_reconfiguration,-1,True,8.266035285749889e-07,0.0001940077331293324,0.5510851356564876,0.24065552016031166,True,0.0199997479246522
T33,edge,off_reconfiguration,-1,True,6.567564516303467e-07,0.0001954134757960608,0.5307302134033998,0.24065552016031166,True,0.01999977264862096
T33,edge,off_reconfiguration,-1,True,2.116697147066835e-06,0.0008293728761312818,0.3797446129772699,0.13984854979395966,True,0.020000755279908827
T33,edge,off_reconfiguration,-1,True,2.4404185937421537e-06,0.0008741816673038509,0.3299252503996815,0.13293997037155564,True,0.020001248804709493
T33,edge,off_reconfiguration,-1,True,1.8407666136257356e-06,0.0007776204865947584,0.4101349289278482,0.13984854979395966,True,0.020000755279908827
T33,edge,off_reconfiguration,-1,True,1.958608891569968e-06,0.0009145302729495852,0.3406904160093993,0.12837807999901982,True,0.020002034149095654
T33,edge,off_reconfiguration,-1,True,1.475141676095491e-06,0.0004283817246281119,0.6062930770496032,0.11806634303107635,True,0.020001149552250852
T33,edge,off_reconfiguration,-1,True,1.4406132612462608e-06,0.00044173113157945957,0.6185613115175205,0.12282450076329902,True,0.020000727631305948
T33,edge,off_reconfiguration,-1,True,1.4843127345519567e-06,0.0004009683189376617,0.6155257337482589,0.12282450076329902,True,0.020000727631305948
T33,edge,off_reconfiguration,-1,True,1.5001482583374266e-06,0.00039501588757660995,0.5985595053933563,0.11142860418717586,True,0.02000131145796713
T33,edge,off_reconfiguration,-1,True,1.5338912463600149e-06,0.0007912178847863956,0.4113812515741004,0.16979955004725006,True,0.019999976858002227
T33,edge,off_reconfiguration,-1,True,1.6325547234644246e-06,0.0007912178847863956,0.4113812515741004,0.17606013330937953,True,0.019999923719303647
T33,edge,off_reconfiguration,-1,True,1.5338912463600149e-06,0.0007912178847863956,0.4113812515741004,0.16386460935188382,True,0.020000145762683164
T33,edge,off_reconfiguration,-1,True,2.4684888997329586e-06,0.0007912178847863956,0.3808074772628244,0.17606013330937953,True,0.019999923719303647
T33,edge,off_reconfiguration,-1,True,1.0865626881447533e-06,0.00025377048307448656,0.4883040943878866,0.28827549717671463,True,0.01999958939011587
T33,edge,off_reconfiguration,-1,True,1.135042893001817e-06,0.00034419786867014636,0.42216467197353014,0.2767134389696101,True,0.019999692040231443
T33,edge,off_reconfiguration,-1,True,1.0865626881447533e-06,0.00025377048307448656,0.4883040943878866,0.28827549717671463,True,0.01999958939011587
T33,edge,off_reconfiguration,-1,True,1.3953713708531453e-06,0.000398015135638738,0.40262329027100197,0.2687007805052586,True,0.019999718445171483
T33,edge,off_reconfiguration,-1,True,1.146125852995353e-07,4.426468493192734e-05,0.6043324710164142,0.3401034925476971,True,0.019994287665813848
T33,edge,off_reconfiguration,-1,True,1.1195063512142018e-07,4.426468493192734e-05,0.5966081373271014,0.33723263304058204,True,0.019991335249171238
T33,edge,off_reconfiguration,-1,True,2.0056112193267233e-07,8.237477859130348e-05,0.6075554085682144,0.34661027555774754,True,0.019991554270754525
T33,edge,off_reconfiguration,-1,True,1.1195063512142018e-07,4.426468493192734e-05,0.5939417883337738,0.33446658486005787,True,0.019993279311508405
T33,edge,off_reconfiguration,-1,True,1.7785839787731362e-07,7.848683131121497e-05,0.6542737853525256,0.35956274146445766,True,0.01999445129866584
T33,edge,off_reconfiguration,-1,True,2.2049790404475438e-07,9.706771826386154e-05,0.6650846002437745,0.35326844423707826,True,0.019995663428222732
T33,edge,off_reconfiguration,-1,True,1.7785839787731362e-07,0.00010403784523054583,0.655411245355623,0.3575368663715375,True,0.01999445129866584
T33,edge,off_reconfiguration,-1,True,4.910041840413924e-07,7.095573010974306e-05,0.6657457551508968,0.3471075432393214,True,0.0199976345511102
T33,edge,off_reconfiguration,-1,True,5.716044769080225e-07,3.4522451141542715e-05,0.6760198286010438,0.3131721862931896,True,0.019999392539968464
T33,edge,off_reconfiguration,-1,True,5.716044769080225e-07,2.1138442377045873e-05,0.6760198286010438,0.3131721862931896,True,0.019999392539968464
T33,edge,off_reconfiguration,-1,True,5.716044769080225e-07,0.00025365412434119096,0.6760198286010438,0.3088263203493496,True,0.01999953522469275
T33,edge,off_reconfiguration,-1,True,5.716044769080225e-07,4.683320063857104e-05,0.6446130509001108,0.28997075171991815,True,0.01999967326014268
T33,edge,off_reconfiguration,-1,True,1.1447803698011084e-07,5.2456731049051915e-05,0.617658818887506,0.3678269774538349,True,0.019978301453800723
T33,edge,off_reconfiguration,-1,True,1.5321551256369856e-07,5.2456731049051915e-05,0.6351835279995388,0.3758830942663121,True,0.019984707268354107
T33,edge,off_reconfiguration,-1,True,1.7295433697776732e-07,7.423413338280348e-05,0.6264754849373227,0.367966555600215,True,0.01998220834189096
T33,edge,off_reconfiguration,-1,True,1.6684615775826532e-07,6.600062369149342e-05,0.6139246155339713,0.36383269358459275,True,0.019978301453800723
T33,edge,off_reconfiguration,-1,True,1.0814412874471578e-07,1.3845881787227385e-05,0.5939417883337738,0.33446658486005787,True,0.019993279311508405
T33,edge,off_reconfiguration,-1,True,1.146125852995353e-07,3.489000090550853e-05,0.5939417883337738,0.33446658486005787,True,0.019994287665813848
T33,edge,off_reconfiguration,-1,True,1.1195063512142018e-07,4.426468493192734e-05,0.5939417883337738,0.33446658486005787,True,0.019993279311508405
T33,edge,off_reconfiguration,-1,True,2.461643116494341e-07,3.365644586492263e-05,0.5715857455326522,0.3217547279050787,True,0.019997305061762505
T33,edge,off_reconfiguration,-1,True,1.3953713708531453e-06,0.000398015135638738,0.40262329027100197,0.2687007805052586,True,0.019999718445171483
T33,edge,off_reconfiguration,-1,True,1.3953713708531453e-06,0.000398015135638738,0.40262329027100197,0.2686638985352582,True,0.019999718445171483
T33,edge,off_reconfiguration,-1,True,1.3953713708531453e-06,0.000398015135638738,0.40262329027100197,0.2687007805052586,True,0.019999718445171483
T33,edge,off_reconfiguration,-1,True,1.3953713708531453e-06,0.000398015135638738,0.40262329027100197,0.2681204677272994,True,0.019999718445171483
T33,edge,off_reconfiguration,-1,True,1.4628499293455424e-06,0.0008472476453905181,0.3820729283301777,0.15918004340122566,True,0.02000034487304747
T33,edge,off_reconfiguration,-1,True,1.3649999873204157e-06,0.0007999758835250927,0.4059940534013757,0.15918004340122566,True,0.02000034487304747
T33,edge,off_reconfiguration,-1,True,1.5120748909752037e-06,0.0007999758835250927,0.4059940534013757,0.14049677124747145,True,0.020000521814048433
T33,edge,off_reconfiguration,-1,True,1.3542098608633403e-06,0.0007999758835250927,0.4059940534013757,0.15918004340122566,True,0.02000034487304747
T33,edge,off_reconfiguration,-1,True,1.5001482583374266e-06,0.00035358394166990945,0.5921737055621181,0.10970160604575267,True,0.02000158178463049
T33,edge,off_reconfiguration,-1,True,1.475141676095491e-06,0.0004283817246281119,0.5921737055621181,0.10970160604575267,True,0.02000158178463049
T33,edge,off_reconfiguration,-1,True,1.4513305826584408e-06,0.00039501588757660995,0.5921737055621181,0.10970160604575267,True,0.02000158178463049
T33,edge,off_reconfiguration,-1,True,1.6676974987376426e-06,0.00036350509643173605,0.557015635880871,0.0968363458700779,True,0.020002659254842903
T33,edge,off_reconfiguration,-1,True,2.4404185937421537e-06,0.0009145302729495852,0.3299252503996815,0.12837807999901982,True,0.020002034149095654
T33,edge,off_reconfiguration,-1,True,2.4404185937421537e-06,0.0008741816673038509,0.3299252503996815,0.13293997037155564,True,0.020001248804709493
T33,edge,off_reconfiguration,-1,True,2.4404185937421537e-06,0.0008741816673038509,0.3299252503996815,0.13293997037155564,True,0.020001248804709493
T33,edge,off_reconfiguration,-1,True,6.4334016085133325e-06,0.001320233893124049,0.22261676754062365,0.12561031382751892,True,0.0200057317937406
T33,edge,off_reconfiguration,-1,True,7.755045382671567e-07,0.00020955230198286924,0.5307302134033998,0.24153902466244526,True,0.01999977264862096
T33,edge,off_reconfiguration,-1,True,6.846097415902414e-07,0.00022832499764660714,0.5107513391354722,0.23463077783816214,True,0.019999775089087124
T33,edge,off_reconfiguration,-1,True,6.567564516303467e-07,0.0001954134757960608,0.5307302134033998,0.24065552016031166,True,0.01999977264862096
T33,edge,off_reconfiguration,-1,True,6.567564516303467e-07,0.0001954134757960608,0.5307302134033998,0.24153902466244526,True,0.01999977264862096
T33,edge,off_reconfiguration,-1,True,5.255853082085436e-07,5.444104241389411e-05,0.636571257069594,0.2860879843263504,True,0.019999692746579895
T33,edge,off_reconfiguration,-1,True,6.773736826526899e-07,0.00010329955497492638,0.5816127456834747,0.26571262883421976,True,0.019999752923195196
T33,edge,off_reconfiguration,-1,True,6.945965919063765e-07,5.444104241389411e-05,0.636571257069594,0.2860879843263504,True,0.019999692746579895
T33,edge,off_reconfiguration,-1,True,5.947635670125583e-07,5.444104241389411e-05,0.636571257069594,0.2860879843263504,True,0.019999692746579895
T33,edge,off_reconfiguration,-1,True,2.723189386172881e-06,0.0007106448937608657,0.31292292789554543,0.18127846618674565,True,0.0199999456713138
T33,edge,off_reconfiguration,-1,True,1.0133034974752082e-05,0.0013438342949908533,0.19258128886886833,0.15569646570081142,True,0.020000542741666405
T33,edge,off_reconfiguration,-1,True,2.723189386172881e-06,0.0007106448937608657,0.31292292789554543,0.18127846618674565,True,0.0199999456713138
T33,edge,off_reconfiguration,-1,True,2.723189386172881e-06,0.0007106448937608657,0.31292292789554543,0.18127846618674565,True,0.0199999456713138
T33,edge,off_reconfiguration,-1,True,1.860191812148166e-06,0.0008376320116299456,0.4094997079341085,0.09916697783186179,True,0.020004158524167093
T33,edge,off_reconfiguration,-1,True,1.860191812148166e-06,0.0007864413955692369,0.42561571546964827,0.09018562025430256,True,0.020004053887389295
T33,edge,off_reconfiguration,-1,True,1.860191812148166e-06,0.0010050090865317183,0.31113287613641977,0.09580202390300187,True,0.020004053887389295
T33,edge,off_reconfiguration,-1,True,1.860191812148166e-06,0.0007864413955692369,0.42561571546964827,0.09916697783186179,True,0.020004053887389295
T33,edge,off_reconfiguration,-1,True,1.808190850666285e-06,0.00033852851796529527,0.5785354256353193,0.11706521035135786,True,0.02000080979172325
T33,edge,off_reconfiguration,-1,True,2.1282540755858368e-06,0.00033852851796529527,0.5734095190465311,0.1192527864881794,True,0.020000783069053202
T33,edge,off_reconfiguration,-1,True,1.948863485495556e-06,0.00036278750058806204,0.5305863370660296,0.1192527864881794,True,0.020000783069053202
T33,edge,off_reconfiguration,-1,True,1.7948222827708081e-06,0.0005570583536330611,0.5149086604342714,0.1192527864881794,True,0.020000783069053202
T33,edge,off_reconfiguration,-1,True,7.059964137499708e-06,0.0012781946740107319,0.22930894941205368,0.17683127506415394,True,0.019999834127930022
T33,edge,off_reconfiguration,-1,True,1.7032640846224163e-05,0.002018421840522951,0.14949187479419293,0.17576922248399765,True,0.02000391281798658
T33,edge,off_reconfiguration,-1,True,7.059964137499708e-06,0.0012404611257111318,0.22930894941205368,0.18075511204129688,True,0.019999660028891253
T33,edge,off_reconfiguration,-1,True,7.059964137499708e-06,0.0012404611257111318,0.22930894941205368,0.17606013330937953,True,0.019999923719303647
T33,edge,off_reconfiguration,-1,True,7.158495352369668e-07,0.00020538358675290677,0.46781840095435123,0.3007790438058576,True,0.019999492972186006
T33,edge,off_reconfiguration,-1,True,6.781251612903261e-07,0.00018273149630889017,0.46319887070526305,0.29837955120154025,True,0.019999461833483168
T33,edge,off_reconfiguration,-1,True,6.781251612903261e-07,0.00018273149630889017,0.48005385293264213,0.30256167249858473,True,0.019999429209830638
T33,edge,off_reconfiguration,-1,True,8.172804668261851e-07,0.00018273149630889017,0.48005385293264213,0.30256167249858473,True,0.019999429209830638
T33,edge,off_reconfiguration,-1,True,8.896799824711462e-08,2.347489416183844e-05,0.5977213163209439,0.34467855932166713,True,0.019973890310655468
T33,edge,off_reconfiguration,-1,True,3.6097127725895175e-07,0.0001667658384906033,0.5982277180287522,0.34004282040200523,True,0.01997574810114286
T33,edge,off_reconfiguration,-1,True,8.896799824711462e-08,1.737172379932318e-05,0.5982277180287522,0.34467855932166713,True,0.019973890310655468
T33,edge,off_reconfiguration,-1,True,1.892074984566817e-07,1.737172379932318e-05,0.5982277180287522,0.3397392106614883,True,0.019973890310655468
T33,edge,off_reconfiguration,-1,True,2.1334963884163518e-07,3.36131020660446e-05,0.660419985470228,0.3723463038975752,True,0.019990675702226623
T33,edge,off_reconfiguration,-1,True,2.8572599273996303e-07,3.36131020660446e-05,0.660419985470228,0.3759622946504926,True,0.019984707268354107
T33,edge,off_reconfiguration,-1,True,1.5321551256369856e-07,5.2456731049051915e-05,0.6351835279995388,0.3758830942663121,True,0.019984707268354107
T33,edge,off_reconfiguration,-1,True,4.0154855670009586e-07,3.36131020660446e-05,0.660419985470228,0.3731551894955906,True,0.019989328433497905
T33,edge,off_reconfiguration,-1,True,5.764490275378381e-07,0.00025365412434119096,0.6846704816935981,0.3040037449632496,True,0.019999607413647813
T33,edge,off_reconfiguration,-1,True,5.656637535346596e-07,0.00025365412434119096,0.6846704816935981,0.3088263203493496,True,0.01999954647070637
T33,edge,off_reconfiguration,-1,True,6.945965919063765e-07,0.00025365412434119096,0.670235250231358,0.2975466181634648,True,0.01999964519201977
T33,edge,off_reconfiguration,-1,True,6.915176271898283e-07,0.00025365412434119096,0.6846704816935981,0.3088263203493496,True,0.019999556244456623
T33,edge,off_reconfiguration,-1,True,2.8572599273996303e-07,1.4614250772341616e-05,0.6707756247398228,0.37435879507106523,True,0.019986174889489033
T33,edge,off_reconfiguration,-1,True,4.0154855670009586e-07,1.4614250772341616e-05,0.6707756247398228,0.3731551894955906,True,0.019989328433497905
T33,edge,off_reconfiguration,-1,True,2.8572599273996303e-07,3.36131020660446e-05,0.660419985470228,0.3759622946504926,True,0.019984707268354107
T33,edge,off_reconfiguration,-1,True,2.8572599273996303e-07,3.140448265793718e-05,0.6707756247398228,0.3723463038975752,True,0.019990675702226623
T33,edge,off_reconfiguration,-1,True,3.6097127725895175e-07,0.0001667658384906033,0.6021725060841242,0.34004282040200523,True,0.01997574810114286
T33,edge,off_reconfiguration,-1,True,8.15792505170514e-08,2.347489416183844e-05,0.5977213163209439,0.3464793432639586,True,0.019962176834411982
T33,edge,off_reconfiguration,-1,True,1.892074984566817e-07,1.0933637455190016e-05,0.6021725060841242,0.3397392106614883,True,0.019972634692468988
T33,edge,off_reconfiguration,-1,True,1.364951749182496e-07,7.2445096183544035e-06,0.6021725060841242,0.3464793432639586,True,0.019999859663210856
T33,edge,off_reconfiguration,-1,True,4.327501402984404e-07,0.0001597903013029591,0.46319887070526305,0.29837955120154025,True,0.019999461833483168
T33,edge,off_reconfiguration,-1,True,3.782395270740489e-07,0.00010128648935057209,0.5110156570805169,0.3053768074857002,True,0.019999140388432562
T33,edge,off_reconfiguration,-1,True,6.781251612903261e-07,0.00018273149630889017,0.48005385293264213,0.30256167249858473,True,0.019999429209830638
T33,edge,off_reconfiguration,-1,True,3.782395270740489e-07,0.00010128648935057209,0.5110156570805169,0.3053768074857002,True,0.019999140388432562
T33,edge,off_reconfiguration,-1,True,2.09230124090627e-05,0.0018371832146210725,0.14699347510083258,0.2002612335903644,True,0.020000258741908472
T33,edge,off_reconfiguration,-1,True,2.09230124090627e-05,0.0018371832146210725,0.14699347510083258,0.18994141979621393,True,0.020000258741908472
T33,edge,off_reconfiguration,-1,True,2.09230124090627e-05,0.0018371832146210725,0.14699347510083258,0.2002612335903644,True,0.020000258741908472
T33,edge,off_reconfiguration,-1,True,2.09230124090627e-05,0.0018371832146210725,0.14699347510083258,0.2002612335903644,True,0.020000258741908472
T33,edge,off_reconfiguration,-1,True,2.1282540755858368e-06,0.00036278750058806204,0.5305863370660296,0.11937067356229993,True,0.020000758131382107
T33,edge,off_reconfiguration,-1,True,1.948863485495556e-06,0.00036278750058806204,0.5059923281375069,0.12919427266166617,True,0.020000678263390248
T33,edge,off_reconfiguration,-1,True,1.948863485495556e-06,0.00036278750058806204,0.5059908868551435,0.12919427266166617,True,0.020000678263390248
T33,edge,off_reconfiguration,-1,True,1.948863485495556e-06,0.00036278750058806204,0.5305863370660296,0.1192527864881794,True,0.020000783069053202
T33,edge,off_reconfiguration,-1,True,1.7889547088286417e-06,0.0005463010628732172,0.45982281241614203,0.08960760826201528,True,0.020003496417717953
T33,edge,off_reconfiguration,-1,True,1.7768974116726972e-06,0.00040568355476233427,0.5131084294542717,0.08960760826201528,True,0.02000318965648981
T33,edge,off_reconfiguration,-1,True,1.9186080216872803e-06,0.00040568355476233427,0.5131084294542717,0.08634379932032815,True,0.02000318965648981
T33,edge,off_reconfiguration,-1,True,1.7768974116726972e-06,0.0004933851455856554,0.5131084294542717,0.08960760826201528,True,0.02000318965648981
T33,edge,off_reconfiguration,-1,True,1.5682238107515675e-05,0.00155660918719272,0.163136899136725,0.13077488904257106,True,0.0200001376454797
T33,edge,off_reconfiguration,-1,True,1.5682238107515675e-05,0.00155660918719272,0.163136899136725,0.12561031382751892,True,0.0200057317937406
T33,edge,off_reconfiguration,-1,True,1.5682238107515675e-05,0.00155660918719272,0.163136899136725,0.13077488904257106,True,0.020001248804709493
T33,edge,off_reconfiguration,-1,True,1.5682238107515675e-05,0.00155660918719272,0.163136899136725,0.13077488904257106,True,0.020000436884566986
T33,edge,off_reconfiguration,-1,True,6.539843789631531e-07,0.00020235516113448405,0.51703818070852,0.24543522093034417,True,0.019999785810551868
T33,edge,off_reconfiguration,-1,True,6.773736826526899e-07,0.00015533988589473013,0.529885189878762,0.25085325375775325,True,0.019999775521013452
T33,edge,off_reconfiguration,-1,True,6.539843789631531e-07,0.00015533988589473013,0.529885189878762,0.25085325375775325,True,0.019999775521013452
T33,edge,off_reconfiguration,-1,True,7.901688144830721e-07,0.0005431584204642452,0.49233057089419624,0.2437949993932968,True,0.019999775521013452
T33,edge,off_reconfiguration,-1,True,6.945965919063765e-07,4.707383025272853e-05,0.6592387390048614,0.28984452498032826,True,0.019999690000148534
T33,edge,off_reconfiguration,-1,True,5.947635670125583e-07,4.455193444160398e-05,0.6592387390048614,0.28984452498032826,True,0.019999690000148534
T33,edge,off_reconfiguration,-1,True,5.947635670125583e-07,0.00025365412434119096,0.6592387390048614,0.28984452498032826,True,0.019999690000148534
T33,edge,off_reconfiguration,-1,True,5.947635670125583e-07,4.455193444160398e-05,0.6592387390048614,0.28984452498032826,True,0.019999690000148534
T33,edge,off_reconfiguration,-1,True,8.325619230507385e-07,0.0006558871194516682,0.2618085620273278,0.19758124221864717,True,0.020000126533007034
T33,edge,off_reconfiguration,-1,True,6.334142709381571e-07,0.0006558871194516682,0.2618085620273278,0.19758124221864717,True,0.020000126533007034
T33,edge,off_reconfiguration,-1,True,6.846097415902414e-07,0.0006558871194516682,0.2618085620273278,0.19758124221864717,True,0.020000126533007034
T33,edge,off_reconfiguration,-1,True,6.365610322841644e-07,0.0006558871194516682,0.2618085620273278,0.19758124221864717,True,0.020000126533007034
T33,edge,off_reconfiguration,-1,True,1.8883871908797137e-06,0.0009695267974507575,0.2727722227902866,0.09251082922801748,True,0.020002508318357565
T33,edge,off_reconfiguration,-1,True,1.8883871908797137e-06,0.0010050090865317183,0.31113287613641977,0.09251082922801748,True,0.02000390784080891
T33,edge,off_reconfiguration,-1,True,1.8883871908797137e-06,0.0006119877844247959,0.36119860184364644,0.09018562025430256,True,0.020003496417717953
T33,edge,off_reconfiguration,-1,True,1.8883871908797137e-06,0.0006119877844247959,0.36119860184364644,0.08960760826201528,True,0.02000318965648981
T33,edge,off_reconfiguration,-1,True,2.241022445356982e-06,0.00013660645141687732,0.614359056571684,0.09533313186835263,True,0.020000549325410677
T33,edge,off_reconfiguration,-1,True,2.241022445356982e-06,0.0002179164201357677,0.6010424294642065,0.10107967528350753,True,0.02000088693613125
T33,edge,off_reconfiguration,-1,True,2.241022445356982e-06,0.0002860052513323108,0.5734095190465311,0.10318431404917958,True,0.020000758131382107
T33,edge,off_reconfiguration,-1,True,2.241022445356982e-06,0.0003240293141039866,0.5844477359271165,0.10318431404917958,True,0.02000080979172325
T33,edge,off_reconfiguration,-1,True,1.3368185101580374e-06,0.0009308634982888687,0.23607785288230468,0.15947273854993818,True,0.020000273252463757
T33,edge,off_reconfiguration,-1,True,1.5493909029231649e-06,0.0011136435720058417,0.23607785288230468,0.15827285270921052,True,0.02000047640131944
T33,edge,off_reconfiguration,-1,True,1.9178909082620304e-06,0.0009308634982888687,0.23607785288230468,0.1387867227966723,True,0.020000562950633266
T33,edge,off_reconfiguration,-1,True,1.2037012888432931e-06,0.0009308634982888687,0.23607785288230468,0.13878672278408952,True,0.020000563125188275
T33,edge,off_reconfiguration,-1,True,6.637559978808399e-07,0.00031775523627071287,0.2924750237263871,0.2776770789219114,True,0.019999762962894185
T33,edge,off_reconfiguration,-1,True,7.877244862816967e-07,0.00036646586596652544,0.29247064656840444,0.27767683477101873,True,0.01999976306315246
T33,edge,off_reconfiguration,-1,True,6.024117911742864e-07,0.00017472973594815765,0.36976766524782784,0.28545224340191855,True,0.019999670773991646
T33,edge,off_reconfiguration,-1,True,7.158495352369668e-07,0.00020538358675290677,0.36976766524782784,0.28545224340191855,True,0.019999670773991646
T33,edge,off_reconfiguration,-1,True,3.911124883387066e-06,0.0052224753328569285,0.2924750237263871,0.2776770789219114,True,0.019999762962894185
T33,edge,off_reconfiguration,-1,True,3.911124883387066e-06,0.0052224753328569285,0.29247064656840444,0.27767683477101873,True,0.01999976306315246
T33,edge,off_reconfiguration,-1,True,3.911124883387066e-06,0.0052224753328569285,0.3697282231795643,0.2854498845821904,True,0.019999671128070662
T33,edge,off_reconfiguration,-1,True,3.911124883387066e-06,0.0052224753328569285,0.3697282231795643,0.2854498845821904,True,0.019999671128070662
T33,edge,off_reconfiguration,-1,True,4.2508460979913015e-07,2.23942727958561e-05,0.6056041548816627,0.32273720092714653,True,0.019995469647416386
T33,edge,off_reconfiguration,-1,True,3.6097127725895175e-07,0.0001667658384906033,0.6044203593930924,0.3294920541208411,True,0.01999072224293083
T33,edge,off_reconfiguration,-1,True,3.46457974752042e-07,1.6533255566816085e-05,0.617519660416193,0.3294920541208411,True,0.01999072224293083
T33,edge,off_reconfiguration,-1,True,3.46457974752042e-07,1.6533255566816085e-05,0.592919403667913,0.32679499980025656,True,0.019994103487165682
T33,edge,off_reconfiguration,-1,True,1.4131083629248193e-07,1.5556496191598024e-05,0.6113323999280001,0.3654643777238037,True,0.019999845017567408
T33,edge,off_reconfiguration,-1,True,1.4131083629248193e-07,2.3660469335537736e-05,0.6162226224705197,0.36865258990121597,True,0.01999990160253426
T33,edge,off_reconfiguration,-1,True,1.4131083629248193e-07,6.3890569402603996e-06,0.6088988257629162,0.35164593118253495,True,0.019999859663210856
T33,edge,off_reconfiguration,-1,True,1.4158599811926205e-07,4.061486575791463e-05,0.6057283516878905,0.3628040077945813,True,0.019999844009095935
T33,edge,off_reconfiguration,-1,True,5.462979417794281e-07,1.5438909500480757e-05,0.7103972439937843,0.34496794008947607,True,0.01999842288361603
T33,edge,off_reconfiguration,-1,True,5.870899010506288e-07,1.5438909500480757e-05,0.7038326389863789,0.3387613571751656,True,0.019998588230311393
T33,edge,off_reconfiguration,-1,True,4.910041840413924e-07,2.3146557793542595e-05,0.6906446290811001,0.34496794008947607,True,0.01999842288361603
T33,edge,off_reconfiguration,-1,True,4.6950519733542803e-07,3.140448265793718e-05,0.6738987729905218,0.34496794008947607,True,0.01999842288361603
T33,edge,off_reconfiguration,-1,True,6.915176271898283e-07,3.6252720981712264e-05,0.7022627658103722,0.31038132282532305,True,0.019999556244456623
T33,edge,off_reconfiguration,-1,True,5.764490275378381e-07,3.3384623890087823e-05,0.690959103710595,0.3040037449632496,True,0.019999607413647813
T33,edge,off_reconfiguration,-1,True,5.656637535346596e-07,0.00025365412434119096,0.6846704816935981,0.3088263203493496,True,0.01999954647070637
T33,edge,off_reconfiguration,-1,True,6.945965919063765e-07,4.707383025272853e-05,0.670235250231358,0.2975466181634648,True,0.01999964519201977
T33,edge,off_reconfiguration,-1,True,2.37164723099589e-05,0.005499974511269511,0.7066761293081394,0.24893787226837705,True,0.019999678279408212
T33,edge,off_reconfiguration,-1,True,2.37164723099589e-05,0.005499974511269511,0.7066761293081394,0.2521696278855845,True,0.019999677094437146
T33,edge,off_reconfiguration,-1,True,2.37164723099589e-05,0.005499974511269511,0.6960942811280415,0.25551829513439384,True,0.019999672504555283
T33,edge,off_reconfiguration,-1,True,2.37164723099589e-05,0.005499974511269511,0.6972745756117804,0.2524589494539534,True,0.019999675346727613
T33,edge,off_reconfiguration,-1,True,6.515313205433523e-07,9.723653507663123e-05,0.7058868014635387,0.259955383421158,True,0.019999670405867198
T33,edge,off_reconfiguration,-1,True,2.788498119609797e-07,0.00011827153476243754,0.7063706555288777,0.259955383421158,True,0.019999670405867198
T33,edge,off_reconfiguration,-1,True,6.061969705319879e-07,8.278523168896993e-05,0.7022872720992814,0.2568407055299549,True,0.01999967740030481
T33,edge,off_reconfiguration,-1,True,1.0314157562677101e-05,0.0017836459446383516,0.7078320482137331,0.2521696278855845,True,0.019999677094437146
T33,edge,off_reconfiguration,-1,True,6.969204691860012e-07,3.631299154864665e-05,0.6960942811280415,0.2524589494539534,True,0.019999675346727613
T33,edge,off_reconfiguration,-1,True,2.37164723099589e-05,0.005499974511269511,0.6960942811280415,0.25551829513439384,True,0.019999672504555283
T33,edge,off_reconfiguration,-1,True,4.141184899531207e-07,7.875107407077094e-05,0.6843840207324366,0.2612138825835826,True,0.01999966320714286
T33,edge,off_reconfiguration,-1,True,1.2928363778638103e-05,0.0016293133163195076,0.6960942811280415,0.24893787226837705,True,0.019999678279408212
T33,edge,off_reconfiguration,-1,True,6.690055942570687e-07,0.0002874784044228399,0.6716923536347732,0.2218679020014244,True,0.019999682164540372
T33,edge,off_reconfiguration,-1,True,5.363496825596491e-07,0.00025204404498399286,0.6837717860753201,0.2231980083251748,True,0.019999681194837388
T33,edge,off_reconfiguration,-1,True,7.035551131199153e-07,0.00036227478047612345,0.69668647602038,0.203193317330828,True,0.01999967758124918
T33,edge,off_reconfiguration,-1,True,5.439188254538774e-07,0.0002706368191749316,0.69668647602038,0.2133352110768183,True,0.01999967758124918
T33,edge,off_reconfiguration,-1,True,6.515313205433523e-07,9.723653507663123e-05,0.7022872720992814,0.2568407055299549,True,0.01999967740030481
T33,edge,off_reconfiguration,-1,True,6.272222358771436e-07,5.2052192315872776e-05,0.6918284922923725,0.2559408352035578,True,0.019999681309594952
T33,edge,off_reconfiguration,-1,True,6.061969705319879e-07,8.278523168896993e-05,0.7022872720992814,0.2568407055299549,True,0.01999967740030481
T33,edge,off_reconfiguration,-1,True,6.061969705319879e-07,0.00011827153476243754,0.7022872720992814,0.2568407055299549,True,0.01999967740030481
T33,edge,off_reconfiguration,-1,True,3.2283824110537494e-07,0.00017179105389449477,0.6846839126076708,0.2953923295686361,True,0.01999945583932114
T33,edge,off_reconfiguration,-1,True,3.2283824110537494e-07,0.00019161085038505967,0.682737215203752,0.2995318263495047,True,0.019999395084467686
T33,edge,off_reconfiguration,-1,True,3.2283824110537494e-07,0.00018867818088894657,0.6846839126076708,0.2995318263495047,True,0.019999395084467686
T33,edge,off_reconfiguration,-1,True,5.754551434017558e-07,0.00017179105389449477,0.66866147721116,0.2840131182682724,True,0.019999563029971523
T33,edge,off_reconfiguration,-1,True,8.391554121664752e-07,0.0001289537409022467,0.6630419211908748,0.22948795829032964,True,0.01999968255330825
T33,edge,off_reconfiguration,-1,True,6.594353789371796e-07,0.00017661768431851508,0.6865703258373927,0.22903369800098133,True,0.01999968255330825
T33,edge,off_reconfiguration,-1,True,6.416841308312954e-07,5.181358049740872e-05,0.6865703258373927,0.24023515480887048,True,0.01999968255330825
T33,edge,off_reconfiguration,-1,True,8.183751785651076e-07,0.00015487698683244695,0.6612553652093792,0.22488170119655151,True,0.01999968255330825
T33,edge,off_reconfiguration,-1,True,7.236598600899622e-07,0.00036227478047612345,0.6992274717953219,0.1986506264971564,True,0.019999668741419563
T33,edge,off_reconfiguration,-1,True,9.304095870216611e-07,0.00044642565898230413,0.6698531455651205,0.1986218391683227,True,0.019999690447415813
T33,edge,off_reconfiguration,-1,True,9.307977826507184e-07,0.00041889584146956657,0.6974792546451045,0.18648413500733832,True,0.019999672765071197
T33,edge,off_reconfiguration,-1,True,9.151612811111788e-07,0.00041801615670577325,0.6991451607519696,0.18535096401326578,True,0.019999671966805577
T33,edge,off_reconfiguration,-1,True,5.754551434017558e-07,6.1548731056446e-05,0.6504184535582874,0.2840131182682724,True,0.019999563029971523
T33,edge,off_reconfiguration,-1,True,5.754551434017558e-07,7.875107407077094e-05,0.66866147721116,0.2750278856833489,True,0.01999961851715254
T33,edge,off_reconfiguration,-1,True,7.95848449800156e-07,6.1548731056446e-05,0.6613991004849017,0.27062661889177275,True,0.019999632833030523
T33,edge,off_reconfiguration,-1,True,9.430841935235045e-07,8.516365374023748e-05,0.6180295723089899,0.2840131182682724,True,0.019999563029971523
T33,edge,off_reconfiguration,-1,True,9.68358099406496e-07,0.00013337463788212309,0.629440179086452,0.25508238180160536,True,0.01999966391539651
T33,edge,off_reconfiguration,-1,True,1.2398856101090594e-06,0.00017451684681351354,0.5984953661563791,0.25508238180160536,True,0.01999966391539651
T33,edge,off_reconfiguration,-1,True,1.1710626868639305e-06,0.00020557337657747793,0.5953825394826691,0.24494088624811697,True,0.019999665826695934
T33,edge,off_reconfiguration,-1,True,9.68358099406496e-07,0.00013337463788212309,0.629440179086452,0.25508238180160536,True,0.01999966391539651
T33,edge,off_reconfiguration,-1,True,9.307977826507184e-07,0.00041889584146956657,0.6974792546451045,0.18535096401326578,True,0.019999672765071197
T33,edge,off_reconfiguration,-1,True,9.151612811111788e-07,0.00041801615670577325,0.6991451607519696,0.18535096401326578,True,0.019999671966805577
T33,edge,off_reconfiguration,-1,True,9.151612811111788e-07,0.00041801615670577325,0.6838185234602766,0.1726912047025686,True,0.019999717945427153
T33,edge,off_reconfiguration,-1,True,9.151612811111788e-07,0.00041801615670577325,0.6991451607519696,0.18535096401326578,True,0.019999671966805577
T33,edge,off_reconfiguration,-1,True,8.391554121664752e-07,0.00015487698683244695,0.6612553652093792,0.22488170119655151,True,0.0199996738819945
T33,edge,off_reconfiguration,-1,True,8.391554121664752e-07,0.0001289537409022467,0.6630419211908748,0.22948795829032964,True,0.01999968255330825
T33,edge,off_reconfiguration,-1,True,8.391554121664752e-07,0.00017661768431851508,0.6630419211908748,0.22903369800098133,True,0.01999967705364067
T33,edge,off_reconfiguration,-1,True,9.78352257678182e-07,0.00016068419231533352,0.615989681401227,0.22948795829032964,True,0.019999681164324323
T33,edge,off_reconfiguration,-1,True,2.9234477898276135e-07,0.00019161085038505967,0.682737215203752,0.30983188497452857,True,0.019999204092680134
T33,edge,off_reconfiguration,-1,True,3.5335541228528913e-07,0.00018867818088894657,0.6881756601659231,0.2946775911213766,True,0.019999488654282943
T33,edge,off_reconfiguration,-1,True,2.850158715805804e-07,0.00018867818088894657,0.6750995501036754,0.30983188497452857,True,0.019999204092680134
T33,edge,off_reconfiguration,-1,True,3.2283824110537494e-07,0.00018867818088894657,0.6846839126076708,0.2995318263495047,True,0.019999395084467686
T33,edge,off_reconfiguration,-1,True,2.936626340621266e-07,0.0001624280521227935,0.6575975810576827,0.3283960274294723,True,0.019998387008408947
T33,edge,off_reconfiguration,-1,True,2.936626340621266e-07,0.0001762934045621281,0.6663335047864263,0.3269585236707581,True,0.01999850140928422
T33,edge,off_reconfiguration,-1,True,3.011185968757609e-07,0.0001624280521227935,0.6616656981473902,0.32152517449646867,True,0.01999876330980188
T33,edge,off_reconfiguration,-1,True,2.936626340621266e-07,0.0001624280521227935,0.6525052772258226,0.3283960274294723,True,0.019998387008408947
T33,edge,off_reconfiguration,-1,True,6.127603018760325e-07,7.028481207438978e-05,0.678364418899547,0.27775732403129816,True,0.019999644788834536
T33,edge,off_reconfiguration,-1,True,8.010321640091467e-07,6.089387536004744e-05,0.6636400928311416,0.2749993558185721,True,0.019999668607222354
T33,edge,off_reconfiguration,-1,True,6.419109427064959e-07,6.089387536004744e-05,0.678364418899547,0.27775732403129816,True,0.019999644788834536
T33,edge,off_reconfiguration,-1,True,6.484174793843023e-07,7.09660023834284e-05,0.678364418899547,0.27775732403129816,True,0.019999644788834536
T33,edge,off_reconfiguration,-1,True,9.246205289414828e-07,0.00042047723661214827,0.6307494363509409,0.18856152581125765,True,0.01999969476505223
T33,edge,off_reconfiguration,-1,True,9.246205289414828e-07,0.00042047723661214827,0.6125995102638481,0.18856152581125765,True,0.01999969476505223
T33,edge,off_reconfiguration,-1,True,9.840703699068775e-07,0.0004809285047951726,0.5841402410439009,0.18039126740927305,True,0.019999713654690582
T33,edge,off_reconfiguration,-1,True,9.246205289414828e-07,0.00042047723661214827,0.6307494363509409,0.18856152581125765,True,0.01999969476505223
T33,edge,off_reconfiguration,-1,True,1.0463945028940715e-06,0.0004840971862356804,0.6725027122167732,0.1726912047025686,True,0.019999719015941664
T33,edge,off_reconfiguration,-1,True,1.0463945028940715e-06,0.0004840971862356804,0.6725027122167732,0.17962342240235307,True,0.019999719015941664
T33,edge,off_reconfiguration,-1,True,1.2706331382618519e-06,0.0004840971862356804,0.6706543068095011,0.1621519551845564,True,0.019999794505076413
T33,edge,off_reconfiguration,-1,True,1.0463945028940715e-06,0.0004840971862356804,0.6698531455651205,0.17962342240235307,True,0.019999719015941664
T33,edge,off_reconfiguration,-1,True,1.2398856101090594e-06,0.00017451684681351354,0.5984953661563791,0.2593485656611941,True,0.019999656431231944
T33,edge,off_reconfiguration,-1,True,1.2398856101090594e-06,0.00017451684681351354,0.5984953661563791,0.25508238180160536,True,0.01999966391539651
T33,edge,off_reconfiguration,-1,True,1.2398856101090594e-06,0.00020557337657747793,0.5953825394826691,0.24494088624811697,True,0.019999665826695934
T33,edge,off_reconfiguration,-1,True,1.7323512586971339e-06,0.00031923029340019703,0.5092519145071636,0.24792624424021154,True,0.01999965217825503
T33,edge,off_reconfiguration,-1,True,3.103620749874092e-07,6.490926095416183e-05,0.6214306020182594,0.3260041699516194,True,0.019998569356600826
T33,edge,off_reconfiguration,-1,True,3.103620749874092e-07,0.000138002679153862,0.631908280514798,0.32152517449646867,True,0.01999876330980188
T33,edge,off_reconfiguration,-1,True,3.103620749874092e-07,6.490926095416183e-05,0.6064699918877998,0.3260041699516194,True,0.019998569356600826
T33,edge,off_reconfiguration,-1,True,7.559476354649991e-07,8.388733399288e-05,0.5875292723610855,0.30941538190689544,True,0.019999238312320894
T33,edge,off_reconfiguration,-1,True,1.4464190169782864e-06,0.0003168593145467044,0.5479664231166422,0.23217719077237872,True,0.019999665826695934
T33,edge,off_reconfiguration,-1,True,1.7323512586971339e-06,0.00031923029340019703,0.5092519145071636,0.23217719077237872,True,0.01999965513716323
T33,edge,off_reconfiguration,-1,True,1.4464190169782864e-06,0.0003168593145467044,0.5479664231166422,0.23217719077237872,True,0.01999966391539651
T33,edge,off_reconfiguration,-1,True,1.4464190169782864e-06,0.0003168593145467044,0.5479664231166422,0.23217719077237872,True,0.01999965513716323
T33,edge,off_reconfiguration,-1,True,1.2706331382618519e-06,0.0004816819609621762,0.6706543068095011,0.1621519551845564,True,0.019999794505076413
T33,edge,off_reconfiguration,-1,True,1.2966463706584731e-06,0.0004816819609621762,0.6581816823548069,0.14762467230273993,True,0.019999973844526397
T33,edge,off_reconfiguration,-1,True,1.2706331382618519e-06,0.0004840971862356804,0.6706543068095011,0.1621519551845564,True,0.019999794505076413
T33,edge,off_reconfiguration,-1,True,1.2706331382618519e-06,0.0005793173481061148,0.6096686103732268,0.1621519551845564,True,0.019999930257929344
T33,edge,off_reconfiguration,-1,True,9.840703699068775e-07,0.0004809285047951726,0.5841402410439009,0.18039126740927305,True,0.019999713654690582
T33,edge,off_reconfiguration,-1,True,9.840703699068775e-07,0.0004809285047951726,0.5841402410439009,0.18039126740927305,True,0.019999713654690582
T33,edge,off_reconfiguration,-1,True,1.2819398839023242e-06,0.0005469524799819027,0.5317673303359547,0.16775172561217064,True,0.01999980915778979
T33,edge,off_reconfiguration,-1,True,9.840703699068775e-07,0.0004809285047951726,0.5841402410439009,0.18039126740927305,True,0.019999713654690582
T33,edge,off_reconfiguration,-1,True,8.010321640091467e-07,6.089387536004744e-05,0.6636400928311416,0.2749993558185721,True,0.019999668607222354
T33,edge,off_reconfiguration,-1,True,8.010321640091467e-07,5.2477570643749016e-05,0.6636400928311416,0.2749993558185721,True,0.019999668607222354
T33,edge,off_reconfiguration,-1,True,8.010321640091467e-07,8.233052200475795e-05,0.6337856027835982,0.26257347885929094,True,0.01999970925821709
T33,edge,off_reconfiguration,-1,True,8.010321640091467e-07,7.028481207438978e-05,0.6636400928311416,0.2749993558185721,True,0.019999668607222354
T33,edge,off_reconfiguration,-1,True,2.671831938410146e-07,0.00015459433856908794,0.6575975810576827,0.3377824937311957,True,0.019997605476593572
T33,edge,off_reconfiguration,-1,True,2.830751471812437e-07,0.00015459433856908794,0.6525052772258226,0.3407925516058115,True,0.019997308106293826
T33,edge,off_reconfiguration,-1,True,2.850158715805804e-07,0.0001762934045621281,0.6641069749308569,0.3269585236707581,True,0.01999850140928422
T33,edge,off_reconfiguration,-1,True,2.3457733020352365e-07,0.00015459433856908794,0.6483552555818272,0.3407925516058115,True,0.019997308106293826
T33,edge,off_reconfiguration,-1,True,2.3803030083873133e-07,0.00011057934409189995,0.6386316141512137,0.34907126935093263,True,0.019996035572777265
T33,edge,off_reconfiguration,-1,True,2.3457733020352365e-07,0.00012503630916018712,0.6386316141512137,0.3543099649650706,True,0.01999488914834835
T33,edge,off_reconfiguration,-1,True,2.110449234420602e-07,0.00011057934409189995,0.6226499535824473,0.3543099649650706,True,0.01999488914834835
T33,edge,off_reconfiguration,-1,True,2.830751471812437e-07,0.00014002148092953564,0.6386316141512137,0.3416360703971119,True,0.019997160882663984
T33,edge,off_reconfiguration,-1,True,4.812092695000161e-07,8.483778215524308e-05,0.6801648361587256,0.3156541854125201,True,0.019999144984919587
T33,edge,off_reconfiguration,-1,True,5.152955578175573e-07,8.483778215524308e-05,0.67327838351589,0.2993183049558135,True,0.019999506158797142
T33,edge,off_reconfiguration,-1,True,4.210994583507453e-07,8.483778215524308e-05,0.6792645191586352,0.3165577356204164,True,0.01999914180097706
T33,edge,off_reconfiguration,-1,True,6.484174793843023e-07,8.483778215524308e-05,0.6794245549890672,0.29700436813863085,True,0.01999950928907418
T33,edge,off_reconfiguration,-1,True,9.281567436064003e-07,0.000227320339746818,0.5703339404529882,0.2219775811608377,True,0.019999665568356556
T33,edge,off_reconfiguration,-1,True,9.78352257678182e-07,0.000227320339746818,0.5703339404529882,0.2219775811608377,True,0.019999681164324323
T33,edge,off_reconfiguration,-1,True,9.281567436064003e-07,0.0002738365009497854,0.5088297526138982,0.2219775811608377,True,0.01999972838255948
T33,edge,off_reconfiguration,-1,True,9.281567436064003e-07,0.000227320339746818,0.5703339404529882,0.2219775811608377,True,0.0199996738819945
T33,edge,off_reconfiguration,-1,True,1.432740131715067e-06,0.0006833758078699044,0.5901682630341137,0.14781652077022966,True,0.020000342387943487
T33,edge,off_reconfiguration,-1,True,1.432740131715067e-06,0.0006833758078699044,0.5901682630341137,0.14781652077022966,True,0.020000342387943487
T33,edge,off_reconfiguration,-1,True,1.4583351029396777e-06,0.0006833758078699044,0.5760786699124717,0.12872322867271038,True,0.020001159604094265
T33,edge,off_reconfiguration,-1,True,1.432740131715067e-06,0.0006833758078699044,0.5901682630341137,0.14138199733792392,True,0.020000342387943487
T33,edge,off_reconfiguration,-1,True,1.4207239922539566e-06,0.0006425842143606195,0.5598098667110045,0.157653543369277,True,0.02000010304744182
T33,edge,off_reconfiguration,-1,True,1.244115035684638e-06,0.0005793173481061148,0.6096686103732268,0.16335502884021139,True,0.019999930257929344
T33,edge,off_reconfiguration,-1,True,1.2563045839387577e-06,0.0006963920291769513,0.512980033394998,0.16335502884021139,True,0.019999976858002227
T33,edge,off_reconfiguration,-1,True,1.244115035684638e-06,0.0005793173481061148,0.6044682236076594,0.16335502884021139,True,0.019999930257929344
T33,edge,off_reconfiguration,-1,True,1.875298567455145e-06,0.00037468116915970927,0.4632700166028673,0.2463456195996643,True,0.019999647415579053
T33,edge,off_reconfiguration,-1,True,1.7323512586971339e-06,0.00031923029340019703,0.5092519145071636,0.24792624424021154,True,0.01999965217825503
T33,edge,off_reconfiguration,-1,True,1.7323512586971339e-06,0.00031923029340019703,0.5092519145071636,0.24494088624811697,True,0.019999665826695934
T33,edge,off_reconfiguration,-1,True,1.7323512586971339e-06,0.00031923029340019703,0.5092519145071636,0.23217719077237872,True,0.01999965513716323
T33,edge,off_reconfiguration,-1,True,3.000952706683085e-07,5.063964619269047e-05,0.6064699918877998,0.33697128038389546,True,0.01999754953079813
T33,edge,off_reconfiguration,-1,True,3.103620749874092e-07,6.490926095416183e-05,0.6214306020182594,0.3260041699516194,True,0.019998569356600826
T33,edge,off_reconfiguration,-1,True,3.000952706683085e-07,5.298214104506479e-05,0.6140198219131192,0.33952683395151717,True,0.01999754953079813
T33,edge,off_reconfiguration,-1,True,3.000952706683085e-07,0.00010891889927959114,0.6214306020182594,0.33952683395151717,True,0.01999754953079813
T33,edge,off_reconfiguration,-1,True,1.0865626881447533e-06,0.00025377048307448656,0.4883040943878866,0.28827549717671463,True,0.01999958939011587
T33,edge,off_reconfiguration,-1,True,8.321782476943229e-07,0.00018231815968083295,0.5237333444362869,0.2949717002942246,True,0.019999499601908
T33,edge,off_reconfiguration,-1,True,8.321782476943229e-07,0.00018231815968083295,0.5357380285775013,0.2949717002942246,True,0.019999499601908
T33,edge,off_reconfiguration,-1,True,1.000523924116381e-06,0.00018537311459582975,0.5357380285775013,0.2808501434378746,True,0.019999587338014768
T33,edge,off_reconfiguration,-1,True,2.4684888997329586e-06,0.0007205318475260362,0.3808074772628244,0.18822958814348897,True,0.019999747952733876
T33,edge,off_reconfiguration,-1,True,1.6325547234644246e-06,0.0006571162478897193,0.4593609495317533,0.1819937901966534,True,0.01999981600324313
T33,edge,off_reconfiguration,-1,True,1.6325547234644246e-06,0.0007912178847863956,0.4113812515741004,0.17606013330937953,True,0.019999923719303647
T33,edge,off_reconfiguration,-1,True,1.6325547234644246e-06,0.0006571162478897193,0.4593609495317533,0.18822958814348897,True,0.019999747952733876
T33,edge,off_reconfiguration,-1,True,1.4325515147600623e-06,0.0004662550043809779,0.639006170602219,0.13472401890698524,True,0.020000288668207106
T33,edge,off_reconfiguration,-1,True,1.4406132612462608e-06,0.00044173113157945957,0.6185613115175205,0.12282450076329902,True,0.020000727631305948
T33,edge,off_reconfiguration,-1,True,1.4843127345519567e-06,0.00044173113157945957,0.6155257337482589,0.12838343290319276,True,0.020000493144939097
T33,edge,off_reconfiguration,-1,True,1.475141676095491e-06,0.00044173113157945957,0.6062930770496032,0.11806634303107635,True,0.020001149552250852
T33,edge,off_reconfiguration,-1,True,2.116697147066835e-06,0.0008293728761312818,0.3797446129772699,0.1421377846403769,True,0.020000436884566986
T33,edge,off_reconfiguration,-1,True,1.3639238228930222e-06,0.0006839259828102345,0.474109113121457,0.15313401872473692,True,0.0200001107210174
T33,edge,off_reconfiguration,-1,True,1.8407666136257356e-06,0.0007776204865947584,0.4101349289278482,0.13984854979395966,True,0.020000755279908827
T33,edge,off_reconfiguration,-1,True,2.4404185937421537e-06,0.0008741816673038509,0.3299252503996815,0.13293997037155564,True,0.020001248804709493
T33,edge,off_reconfiguration,-1,True,8.266035285749889e-07,0.0001940077331293324,0.5510851356564876,0.24065552016031166,True,0.0199997479246522
T33,edge,off_reconfiguration,-1,True,8.266035285749889e-07,0.00020955230198286924,0.5494574638126615,0.2438463722098142,True,0.019999759041498616
T33,edge,off_reconfiguration,-1,True,8.266035285749889e-07,0.00015357249753764779,0.5915872153965506,0.24890487858686355,True,0.019999729353763346
T33,edge,off_reconfiguration,-1,True,8.266035285749889e-07,0.0001954134757960608,0.5307302134033998,0.24153902466244526,True,0.01999977264862096
T33,edge,off_reconfiguration,-1,True,5.483201335277738e-07,8.069854774609347e-05,0.6772687779848939,0.3362649801270337,True,0.01999842978129085
T33,edge,off_reconfiguration,-1,True,4.022180099832621e-07,9.706771826386154e-05,0.6650846002437745,0.3378184067166806,True,0.019998034144237425
T33,edge,off_reconfiguration,-1,True,4.210994583507453e-07,8.069854774609347e-05,0.6772687779848939,0.321277741574733,True,0.019999121201842107
T33,edge,off_reconfiguration,-1,True,5.155492025722432e-07,8.069854774609347e-05,0.6772687779848939,0.3304951830978431,True,0.01999883789205914
T33,edge,off_reconfiguration,-1,True,2.0056112193267233e-07,8.237477859130348e-05,0.6075554085682144,0.34661027555774754,True,0.019991554270754525
T33,edge,off_reconfiguration,-1,True,2.110449234420602e-07,0.00011057934409189995,0.6226499535824473,0.3543099649650706,True,0.01999488914834835
T33,edge,off_reconfiguration,-1,True,2.0056112193267233e-07,8.237477859130348e-05,0.6140198219131192,0.34410113810450715,True,0.019995124346955467
T33,edge,off_reconfiguration,-1,True,2.0056112193267233e-07,8.237477859130348e-05,0.6043324710164142,0.3401034925476971,True,0.019994287665813848
T33,edge,off_reconfiguration,-1,True,1.7295433697776732e-07,7.423413338280348e-05,0.6139246155339713,0.36383269358459275,True,0.01998220834189096
T33,edge,off_reconfiguration,-1,True,1.7295433697776732e-07,7.423413338280348e-05,0.617658818887506,0.3678269774538349,True,0.01998220834189096
T33,edge,off_reconfiguration,-1,True,1.7295433697776732e-07,7.423413338280348e-05,0.6264754849373227,0.367966555600215,True,0.01998220834189096
T33,edge,off_reconfiguration,-1,True,1.7295433697776732e-07,7.848683131121497e-05,0.6264754849373227,0.36476473854842384,True,0.019992164154556485
T33,edge,off_reconfiguration,-1,True,5.716044769080225e-07,3.4522451141542715e-05,0.6760198286010438,0.3131721862931896,True,0.019999392539968464
T33,edge,off_reconfiguration,-1,True,5.155492025722432e-07,3.4522451141542715e-05,0.6792645191586352,0.321277741574733,True,0.019999121201842107
T33,edge,off_reconfiguration,-1,True,5.483201335277738e-07,3.6242666142805315e-05,0.6792645191586352,0.321277741574733,True,0.019999121201842107
T33,edge,off_reconfiguration,-1,True,4.210994583507453e-07,8.069854774609347e-05,0.6772687779848939,0.321277741574733,True,0.019999121201842107
T33,edge,off_reconfiguration,-1,True,7.784191358472415e-07,0.0002738365009497854,0.5088297526138982,0.2233929151487829,True,0.0199997479246522
T33,edge,off_reconfiguration,-1,True,7.784191358472415e-07,0.0002738365009497854,0.5088297526138982,0.2233929151487829,True,0.019999775089087124
T33,edge,off_reconfiguration,-1,True,8.266035285749889e-07,0.0002738365009497854,0.5088297526138982,0.2233929151487829,True,0.019999729353763346
T33,edge,off_reconfiguration,-1,True,7.784191358472415e-07,0.0002738365009497854,0.5088297526138982,0.2233929151487829,True,0.019999759041498616
T33,edge,off_reconfiguration,-1,True,1.958608891569968e-06,0.0009145302729495852,0.3406904160093993,0.12837807999901982,True,0.020002034149095654
T33,edge,off_reconfiguration,-1,True,1.8407666136257356e-06,0.0008361818294337427,0.4101349289278482,0.1307373155829334,True,0.020001620570095996
T33,edge,off_reconfiguration,-1,True,2.4404185937421537e-06,0.0008741816673038509,0.3299252503996815,0.1307373155829334,True,0.020001620570095996
T33,edge,off_reconfiguration,-1,True,2.116697147066835e-06,0.0008361818294337427,0.3797446129772699,0.1307373155829334,True,0.020001620570095996
T33,edge,off_reconfiguration,-1,True,1.4843127345519567e-06,0.0004009683189376617,0.6155257337482589,0.12282450076329902,True,0.020000727631305948
T33,edge,off_reconfiguration,-1,True,1.4843127345519567e-06,0.00044173113157945957,0.6155257337482589,0.12838343290319276,True,0.020000493144939097
T33,edge,off_reconfiguration,-1,True,1.5001482583374266e-06,0.0004009683189376617,0.5985595053933563,0.11142860418717586,True,0.02000131145796713
T33,edge,off_reconfiguration,-1,True,1.4843127345519567e-06,0.0004283817246281119,0.6062930770496032,0.11806634303107635,True,0.020001149552250852
T33,edge,off_reconfiguration,-1,True,2.4684888997329586e-06,0.0007205318475260362,0.3808074772628244,0.18822958814348897,True,0.019999747952733876
T33,edge,off_reconfiguration,-1,True,7.059964137499708e-06,0.0012404611257111318,0.22930894941205368,0.18075511204129688,True,0.019999660028891253
T33,edge,off_reconfiguration,-1,True,2.4684888997329586e-06,0.0007912178847863956,0.3808074772628244,0.17606013330937953,True,0.019999923719303647
T33,edge,off_reconfiguration,-1,True,2.4684888997329586e-06,0.0007205318475260362,0.3808074772628244,0.18994141979621393,True,0.019999662169893018
T33,edge,off_reconfiguration,-1,True,8.321782476943229e-07,0.00018231815968083295,0.5237333444362869,0.2949717002942246,True,0.019999499601908
T33,edge,off_reconfiguration,-1,True,1.0865626881447533e-06,0.00025377048307448656,0.4883040943878866,0.28827549717671463,True,0.01999958939011587
T33,edge,off_reconfiguration,-1,True,8.172804668261851e-07,0.00016852678639638316,0.5237333444362869,0.30562031453540933,True,0.01999939651172486
T33,edge,off_reconfiguration,-1,True,8.172804668261851e-07,0.00020538358675290677,0.46781840095435123,0.3007790438058576,True,0.019999492972186006
T33,edge,off_reconfiguration,-1,True,1.0814412874471578e-07,1.3845881787227385e-05,0.5939417883337738,0.33446658486005787,True,0.019993279311508405
T33,edge,off_reconfiguration,-1,True,1.1195063512142018e-07,4.426468493192734e-05,0.5966081373271014,0.33723263304058204,True,0.019991335249171238
T33,edge,off_reconfiguration,-1,True,1.146125852995353e-07,3.489000090550853e-05,0.5966081373271014,0.33723263304058204,True,0.019994287665813848
T33,edge,off_reconfiguration,-1,True,1.892884303438956e-07,1.3845881787227385e-05,0.592919403667913,0.32679499980025656,True,0.019994103487165682
T33,edge,off_reconfiguration,-1,True,1.3953713708531453e-06,0.000398015135638738,0.40262329027100197,0.2687007805052586,True,0.019999718445171483
T33,edge,off_reconfiguration,-1,True,1.135042893001817e-06,0.00034419786867014636,0.42216467197353014,0.2767134389696101,True,0.019999692040231443
T33,edge,off_reconfiguration,-1,True,1.3672077884808436e-06,0.00034419786867014636,0.42216467197353014,0.2686638985352582,True,0.019999692040231443
T33,edge,off_reconfiguration,-1,True,1.135042893001817e-06,0.00034419786867014636,0.42216467197353014,0.2767134389696101,True,0.019999692040231443
T33,edge,off_reconfiguration,-1,True,1.4628499293455424e-06,0.0008472476453905181,0.3820729283301777,0.15918004340122566,True,0.02000034487304747
T33,edge,off_reconfiguration,-1,True,1.4628499293455424e-06,0.0008472476453905181,0.3820729283301777,0.1632474634673048,True,0.020000288456168275
T33,edge,off_reconfiguration,-1,True,1.5338912463600149e-06,0.0008472476453905181,0.3820729283301777,0.1632474634673048,True,0.020000288456168275
T33,edge,off_reconfiguration,-1,True,1.4628499293455424e-06,0.0008472476453905181,0.3820729283301777,0.1632474634673048,True,0.020000288456168275
T33,edge,off_reconfiguration,-1,True,1.5001482583374266e-06,0.00035358394166990945,0.5921737055621181,0.10970160604575267,True,0.02000158178463049
T33,edge,off_reconfiguration,-1,True,1.5001482583374266e-06,0.00039501588757660995,0.5985595053933563,0.11142860418717586,True,0.02000131145796713
T33,edge,off_reconfiguration,-1,True,1.5001482583374266e-06,0.0004283817246281119,0.5985595053933563,0.11142860418717586,True,0.02000131145796713
T33,edge,off_reconfiguration,-1,True,1.5001482583374266e-06,0.0004009683189376617,0.5985595053933563,0.11142860418717586,True,0.02000131145796713
T33,edge,off_reconfiguration,-1,True,2.4404185937421537e-06,0.0009145302729495852,0.3299252503996815,0.12837807999901982,True,0.020002034149095654
T33,edge,off_reconfiguration,-1,True,1.958608891569968e-06,0.0009145302729495852,0.3406904160093993,0.12837807999901982,True,0.020002034149095654
T33,edge,off_reconfiguration,-1,True,1.958608891569968e-06,0.0009145302729495852,0.3406904160093993,0.12837807999901982,True,0.020002034149095654
T33,edge,off_reconfiguration,-1,True,6.4334016085133325e-06,0.001320233893124049,0.22261676754062365,0.12561031382751892,True,0.0200057317937406
T33,edge,off_reconfiguration,-1,True,6.846097415902414e-07,0.00022832499764660714,0.5107513391354722,0.23463077783816214,True,0.019999775089087124
T33,edge,off_reconfiguration,-1,True,7.755045382671567e-07,0.00022832499764660714,0.5107513391354722,0.23463077783816214,True,0.019999775089087124
T33,edge,off_reconfiguration,-1,True,6.846097415902414e-07,0.00022832499764660714,0.5107513391354722,0.23463077783816214,True,0.019999775089087124
T33,edge,off_reconfiguration,-1,True,7.784191358472415e-07,0.0002738365009497854,0.5088297526138982,0.2233929151487829,True,0.019999775089087124
T33,edge,off_reconfiguration,-1,True,5.483201335277738e-07,3.6242666142805315e-05,0.6840551540081261,0.3304951830978431,True,0.01999883789205914
T33,edge,off_reconfiguration,-1,True,5.155492025722432e-07,3.4522451141542715e-05,0.6792645191586352,0.321277741574733,True,0.019999121201842107
T33,edge,off_reconfiguration,-1,True,5.716044769080225e-07,2.1138442377045873e-05,0.6760198286010438,0.3131721862931896,True,0.019999392539968464
T33,edge,off_reconfiguration,-1,True,5.870899010506288e-07,2.1138442377045873e-05,0.6862081591881272,0.3304951830978431,True,0.01999883789205914
T33,edge,off_reconfiguration,-1,True,1.6684615775826532e-07,6.600062369149342e-05,0.6139246155339713,0.36383269358459275,True,0.019971892778578942
T33,edge,off_reconfiguration,-1,True,1.4158599811926205e-07,5.150314775471461e-05,0.6057283516878905,0.3628040077945813,True,0.01996858769354634
T33,edge,off_reconfiguration,-1,True,1.1447803698011084e-07,5.2456731049051915e-05,0.617658818887506,0.3678269774538349,True,0.019978301453800723
T33,edge,off_reconfiguration,-1,True,1.7295433697776732e-07,7.423413338280348e-05,0.617658818887506,0.3678269774538349,True,0.01998220834189096
T33,edge,off_reconfiguration,-1,True,8.896799824711462e-08,2.347489416183844e-05,0.5977213163209439,0.34467855932166713,True,0.019973890310655468
T33,edge,off_reconfiguration,-1,True,8.15792505170514e-08,2.347489416183844e-05,0.5977213163209439,0.3464793432639586,True,0.019962176834411982
T33,edge,off_reconfiguration,-1,True,3.6097127725895175e-07,0.0001667658384906033,0.5977213163209439,0.34004282040200523,True,0.01997574810114286
T33,edge,off_reconfiguration,-1,True,1.4158599811926205e-07,4.061486575791463e-05,0.5977213163209439,0.34979195773071503,True,0.019962176834411982
T33,edge,off_reconfiguration,-1,True,2.1334963884163518e-07,3.36131020660446e-05,0.660419985470228,0.3723463038975752,True,0.019990675702226623
T33,edge,off_reconfiguration,-1,True,4.0154855670009586e-07,3.140448265793718e-05,0.6738987729905218,0.3723463038975752,True,0.019990675702226623
T33,edge,off_reconfiguration,-1,True,2.8572599273996303e-07,3.140448265793718e-05,0.6707756247398228,0.3723463038975752,True,0.019990675702226623
T33,edge,off_reconfiguration,-1,True,2.1334963884163518e-07,5.2456731049051915e-05,0.6351835279995388,0.3723463038975752,True,0.019990675702226623
T33,edge,off_reconfiguration,-1,True,5.255853082085436e-07,5.444104241389411e-05,0.636571257069594,0.2860879843263504,True,0.019999692746579895
T33,edge,off_reconfiguration,-1,True,6.945965919063765e-07,4.707383025272853e-05,0.6446130509001108,0.28997075171991815,True,0.01999967326014268
T33,edge,off_reconfiguration,-1,True,5.947635670125583e-07,4.683320063857104e-05,0.6446130509001108,0.28984452498032826,True,0.019999690000148534
T33,edge,off_reconfiguration,-1,True,5.716044769080225e-07,4.683320063857104e-05,0.6446130509001108,0.28997075171991815,True,0.01999967326014268
T33,edge,off_reconfiguration,-1,True,2.723189386172881e-06,0.0007106448937608657,0.31292292789554543,0.18127846618674565,True,0.0199999456713138
T33,edge,off_reconfiguration,-1,True,2.2245592968986274e-06,0.0006619113868058914,0.3272328092960524,0.18652192474692075,True,0.01999994213209455
T33,edge,off_reconfiguration,-1,True,1.0133034974752082e-05,0.0013438342949908533,0.19258128886886833,0.15569646570081142,True,0.020000542741666405
T33,edge,off_reconfiguration,-1,True,2.2245592968986274e-06,0.0006619113868058914,0.3272328092960524,0.18652192474692075,True,0.01999994213209455
T33,edge,off_reconfiguration,-1,True,1.860191812148166e-06,0.0008376320116299456,0.4094997079341085,0.09916697783186179,True,0.020004158524167093
T33,edge,off_reconfiguration,-1,True,1.845798919165098e-06,0.0010050090865317183,0.31113287613641977,0.09580202390300187,True,0.020004158524167093
T33,edge,off_reconfiguration,-1,True,1.845798919165098e-06,0.0008376320116299456,0.4094997079341085,0.09018562025430256,True,0.020004158524167093
T33,edge,off_reconfiguration,-1,True,1.845798919165098e-06,0.0008376320116299456,0.4094997079341085,0.10007208222683862,True,0.020004158524167093
T33,edge,off_reconfiguration,-1,True,1.808190850666285e-06,0.00033852851796529527,0.5785354256353193,0.11706521035135786,True,0.02000080979172325
T33,edge,off_reconfiguration,-1,True,2.1282540755858368e-06,0.0003240293141039866,0.5734095190465311,0.11706521035135786,True,0.02000080979172325
T33,edge,off_reconfiguration,-1,True,2.1770939384265236e-06,0.0003240293141039866,0.5844477359271165,0.10107967528350753,True,0.02000088693613125
T33,edge,off_reconfiguration,-1,True,1.948863485495556e-06,0.00036278750058806204,0.5305863370660296,0.11706521035135786,True,0.02000080979172325
T33,edge,off_reconfiguration,-1,True,7.059964137499708e-06,0.0012781946740107319,0.22930894941205368,0.17683127506415394,True,0.019999834127930022
T33,edge,off_reconfiguration,-1,True,1.7032640846224163e-05,0.002018421840522951,0.14949187479419293,0.17576922248399765,True,0.02000391281798658
T33,edge,off_reconfiguration,-1,True,5.836455668882647e-06,0.0012781946740107319,0.2371237748979183,0.17606013330937953,True,0.019999923719303647
T33,edge,off_reconfiguration,-1,True,5.836455668882647e-06,0.0012781946740107319,0.2371237748979183,0.17683127506415394,True,0.019999834127930022
T33,edge,off_reconfiguration,-1,True,7.158495352369668e-07,0.00020538358675290677,0.46781840095435123,0.3007790438058576,True,0.019999492972186006
T33,edge,off_reconfiguration,-1,True,7.158495352369668e-07,0.00020538358675290677,0.46319887070526305,0.29837955120154025,True,0.019999492972186006
T33,edge,off_reconfiguration,-1,True,8.172804668261851e-07,0.00020538358675290677,0.46781840095435123,0.3007790438058576,True,0.019999492972186006
T33,edge,off_reconfiguration,-1,True,7.158495352369668e-07,0.00020538358675290677,0.46781840095435123,0.3007790438058576,True,0.019999492972186006
T33,edge,off_reconfiguration,-1,True,3.6097127725895175e-07,0.0001667658384906033,0.6021725060841242,0.34004282040200523,True,0.01997574810114286
T33,edge,off_reconfiguration,-1,True,3.6097127725895175e-07,0.0001667658384906033,0.6044203593930924,0.3397392106614883,True,0.01997574810114286
T33,edge,off_reconfiguration,-1,True,3.6097127725895175e-07,0.0001667658384906033,0.5982277180287522,0.34004282040200523,True,0.01997574810114286
T33,edge,off_reconfiguration,-1,True,3.6097127725895175e-07,0.0001667658384906033,0.5977213163209439,0.34004282040200523,True,0.01997574810114286
T33,edge,off_reconfiguration,-1,True,6.781251612903261e-07,0.00018273149630889017,0.46319887070526305,0.29837955120154025,True,0.019999461833483168
T33,edge,off_reconfiguration,-1,True,4.327501402984404e-07,0.0001597903013029591,0.46319887070526305,0.29837955120154025,True,0.019999461833483168
T33,edge,off_reconfiguration,-1,True,7.158495352369668e-07,0.00020538358675290677,0.46319887070526305,0.29837955120154025,True,0.019999492972186006
T33,edge,off_reconfiguration,-1,True,3.911124883387066e-06,0.0052224753328569285,0.3697282231795643,0.2854498845821904,True,0.019999671128070662
T33,edge,off_reconfiguration,-1,True,1.7032640846224163e-05,0.002018421840522951,0.14949187479419293,0.17576922248399765,True,0.02000391281798658
T33,edge,off_reconfiguration,-1,True,1.7032640846224163e-05,0.002018421840522951,0.14949187479419293,0.17576922248399765,True,0.02000391281798658
T33,edge,off_reconfiguration,-1,True,1.7032640846224163e-05,0.002018421840522951,0.14949187479419293,0.17576922248399765,True,0.02000391281798658
T33,edge,off_reconfiguration,-1,True,1.7032640846224163e-05,0.002018421840522951,0.14949187479419293,0.17576922248399765,True,0.02000391281798658
T33,edge,off_reconfiguration,-1,True,2.1282540755858368e-06,0.00036278750058806204,0.5305863370660296,0.11937067356229993,True,0.020000758131382107
T33,edge,off_reconfiguration,-1,True,2.1282540755858368e-06,0.00033852851796529527,0.5734095190465311,0.1192527864881794,True,0.020000783069053202
T33,edge,off_reconfiguration,-1,True,2.1282540755858368e-06,0.0003240293141039866,0.5734095190465311,0.11706521035135786,True,0.02000080979172325
T33,edge,off_reconfiguration,-1,True,2.241022445356982e-06,0.0002860052513323108,0.5734095190465311,0.10318431404917958,True,0.020000758131382107
T33,edge,off_reconfiguration,-1,True,1.7889547088286417e-06,0.0005463010628732172,0.45982281241614203,0.08960760826201528,True,0.020003496417717953
T33,edge,off_reconfiguration,-1,True,1.860191812148166e-06,0.0007864413955692369,0.42561571546964827,0.09018562025430256,True,0.020004053887389295
T33,edge,off_reconfiguration,-1,True,1.8883871908797137e-06,0.0006119877844247959,0.36119860184364644,0.09018562025430256,True,0.020003496417717953
T33,edge,off_reconfiguration,-1,True,1.7889547088286417e-06,0.0010050090865317183,0.31113287613641977,0.09018562025430256,True,0.02000390784080891
T33,edge,off_reconfiguration,-1,True,1.0133034974752082e-05,0.0013438342949908533,0.19258128886886833,0.15569646570081142,True,0.020000542741666405
T33,edge,off_reconfiguration,-1,True,1.0133034974752082e-05,0.0013438342949908533,0.19258128886886833,0.15569646570081142,True,0.020000542741666405
T33,edge,off_reconfiguration,-1,True,1.0133034974752082e-05,0.0013438342949908533,0.19258128886886833,0.14906963544508411,True,0.020000542741666405
T33,edge,off_reconfiguration,-1,True,1.0133034974752082e-05,0.0013438342949908533,0.19258128886886833,0.15569646570081142,True,0.020000542741666405
T33,edge,off_reconfiguration,-1,True,6.773736826526899e-07,0.00015533988589473013,0.529885189878762,0.25085325375775325,True,0.019999775521013452
T33,edge,off_reconfiguration,-1,True,6.773736826526899e-07,0.00010329955497492638,0.5816127456834747,0.26571262883421976,True,0.019999752923195196
T33,edge,off_reconfiguration,-1,True,6.773736826526899e-07,0.00010329955497492638,0.5816127456834747,0.26571262883421976,True,0.019999752923195196
T33,edge,off_reconfiguration,-1,True,6.773736826526899e-07,0.00014291211968303107,0.569950411634083,0.25801369363446913,True,0.019999763761965578
T33,edge,off_reconfiguration,-1,True,5.462979417794281e-07,1.5438909500480757e-05,0.7103972439937843,0.34496794008947607,True,0.01999842288361603
T33,edge,off_reconfiguration,-1,True,5.870899010506288e-07,4.517745487845103e-06,0.7038326389863789,0.3387613571751656,True,0.019998588230311393
T33,edge,off_reconfiguration,-1,True,5.462979417794281e-07,2.3146557793542595e-05,0.6906446290811001,0.3471075432393214,True,0.0199976345511102
T33,edge,off_reconfiguration,-1,True,5.462979417794281e-07,3.140448265793718e-05,0.6738987729905218,0.35135587144545677,True,0.01999754505751944
T33,edge,off_reconfiguration,-1,True,1.1883574981540035e-07,2.3660469335537736e-05,0.6113323999280001,0.3654643777238037,True,0.01999990160253426
T33,edge,off_reconfiguration,-1,True,1.4131083629248193e-07,1.5556496191598024e-05,0.6113323999280001,0.3654643777238037,True,0.019999845017567408
T33,edge,off_reconfiguration,-1,True,1.4158599811926205e-07,4.061486575791463e-05,0.6057283516878905,0.3628040077945813,True,0.019999845017567408
T33,edge,off_reconfiguration,-1,True,1.364951749182496e-07,1.5556496191598024e-05,0.6088988257629162,0.35164593118253495,True,0.019999859663210856
T33,edge,off_reconfiguration,-1,True,1.364951749182496e-07,8.054484469784712e-06,0.6088988257629162,0.34920996467576765,True,0.019999890010170357
T33,edge,off_reconfiguration,-1,True,8.15792505170514e-08,8.054484469784712e-06,0.6021725060841242,0.3464793432639586,True,0.019999890010170357
T33,edge,off_reconfiguration,-1,True,1.892074984566817e-07,1.0933637455190016e-05,0.615085541996126,0.3397392106614883,True,0.019999890010170357
T33,edge,off_reconfiguration,-1,True,3.6097127725895175e-07,0.0001667658384906033,0.6044203593930924,0.34004282040200523,True,0.019999890010170357
T33,edge,off_reconfiguration,-1,True,4.0154855670009586e-07,8.2776426154535e-06,0.6975316240393982,0.3731551894955906,True,0.019989328433497905
T33,edge,off_reconfiguration,-1,True,2.8572599273996303e-07,1.4614250772341616e-05,0.6707756247398228,0.37435879507106523,True,0.019986174889489033
T33,edge,off_reconfiguration,-1,True,2.392101051259198e-07,3.36131020660446e-05,0.660419985470228,0.37435879507106523,True,0.019986174889489033
T33,edge,off_reconfiguration,-1,True,2.392101051259198e-07,3.140448265793718e-05,0.6738987729905218,0.3723463038975752,True,0.019990675702226623
T33,edge,off_reconfiguration,-1,True,5.764490275378381e-07,3.3384623890087823e-05,0.690959103710595,0.3040037449632496,True,0.019999607413647813
T33,edge,off_reconfiguration,-1,True,6.945965919063765e-07,4.707383025272853e-05,0.670235250231358,0.2975466181634648,True,0.01999964519201977
T33,edge,off_reconfiguration,-1,True,5.764490275378381e-07,0.00025365412434119096,0.6846704816935981,0.3040037449632496,True,0.019999607413647813
T33,edge,off_reconfiguration,-1,True,6.915176271898283e-07,3.6252720981712264e-05,0.690959103710595,0.3040037449632496,True,0.019999607413647813
T33,edge,off_reconfiguration,-1,True,6.334142709381571e-07,0.0006558871194516682,0.2618085620273278,0.19758124221864717,True,0.020000126533007034
T33,edge,off_reconfiguration,-1,True,8.325619230507385e-07,0.0005919644363278953,0.32086433878067383,0.2034938333982921,True,0.02000001087615566
T33,edge,off_reconfiguration,-1,True,6.365610322841644e-07,0.00034984410451133896,0.34604658908036784,0.2141081772285721,True,0.01999987264439604
T33,edge,off_reconfiguration,-1,True,7.901688144830721e-07,0.0005431584204642452,0.34604658908036784,0.2141081772285721,True,0.01999987264439604
T33,edge,off_reconfiguration,-1,True,1.8883871908797137e-06,0.0009695267974507575,0.2727722227902866,0.09251082922801748,True,0.020002508318357565
T33,edge,off_reconfiguration,-1,True,1.7912893783867213e-06,0.0010050090865317183,0.2727722227902866,0.09580202390300187,True,0.02000390784080891
T33,edge,off_reconfiguration,-1,True,1.7912893783867213e-06,0.0009695267974507575,0.2727722227902866,0.09018562025430256,True,0.020003496417717953
T33,edge,off_reconfiguration,-1,True,1.7252603952945086e-05,0.0035104666158484667,0.09282219830560504,0.09698522382988331,True,0.020002508318357565
T33,edge,off_reconfiguration,-1,True,2.1770939384265236e-06,0.0002179164201357677,0.6010424294642065,0.09533313186835263,True,0.02000088693613125
T33,edge,off_reconfiguration,-1,True,2.241022445356982e-06,0.00013660645141687732,0.614359056571684,0.09533313186835263,True,0.020000549325410677
T33,edge,off_reconfiguration,-1,True,2.137011372604174e-06,0.00016881849189991557,0.5667467866593577,0.08634379932032815,True,0.0200015968291552
T33,edge,off_reconfiguration,-1,True,2.137011372604174e-06,0.00036350509643173605,0.557015635880871,0.09533313186835263,True,0.020002659254842903
T33,edge,off_reconfiguration,-1,True,1.3368185101580374e-06,0.0009308634982888687,0.23607785288230468,0.15947273854993818,True,0.020000273252463757
T33,edge,off_reconfiguration,-1,True,1.9178909082620304e-06,0.0004805729484871256,0.3416035922237607,0.1387867227966723,True,0.020000562950633266
T33,edge,off_reconfiguration,-1,True,1.3368185101580374e-06,0.0004805729484871256,0.3416035922237607,0.13878672278408952,True,0.020000563125188275
T33,edge,off_reconfiguration,-1,True,1.5493909029231649e-06,0.0011136435720058417,0.29751220171507287,0.15827285270921052,True,0.02000047640131944
T33,edge,off_reconfiguration,-1,True,3.911124883387066e-06,0.0052224753328569285,0.2924750237263871,0.2776770789219114,True,0.019999762962894185
T33,edge,off_reconfiguration,-1,True,6.637559978808399e-07,0.00031775523627071287,0.2924750237263871,0.2776770789219114,True,0.019999762962894185
T33,edge,off_reconfiguration,-1,True,9.55599476631862e-07,0.00043060080408476546,0.2924750237263871,0.2776149685382914,True,0.019999772327095267
T33,edge,off_reconfiguration,-1,True,6.637559978808399e-07,0.00031775523627071287,0.2924750237263871,0.2776770789219114,True,0.019999762962894185
T33,edge,off_reconfiguration,-1,True,3.911124883387066e-06,0.0052224753328569285,0.29247064656840444,0.27767683477101873,True,0.01999976306315246
T33,edge,off_reconfiguration,-1,True,7.877244862816967e-07,0.00036646586596652544,0.29247064656840444,0.27767683477101873,True,0.01999976306315246
T33,edge,off_reconfiguration,-1,True,9.55599476631862e-07,0.00043060080408476546,0.29247064656840444,0.2776149685382914,True,0.019999772327095267
T33,edge,off_reconfiguration,-1,True,7.877244862816967e-07,0.00036646586596652544,0.29247064656840444,0.27767683477101873,True,0.01999976306315246
T33,edge,off_reconfiguration,-1,True,4.2508460979913015e-07,2.23942727958561e-05,0.6056041548816627,0.32273720092714653,True,0.019995469647416386
T33,edge,off_reconfiguration,-1,True,4.2508460979913015e-07,2.23942727958561e-05,0.592919403667913,0.32273720092714653,True,0.019995469647416386
T33,edge,off_reconfiguration,-1,True,4.2508460979913015e-07,3.657301629107123e-05,0.5537487411125541,0.3102095261165688,True,0.019998622176297193
T33,edge,off_reconfiguration,-1,True,4.2508460979913015e-07,0.0001667658384906033,0.6044203593930924,0.32273720092714653,True,0.019995469647416386
T33,edge,off_reconfiguration,-1,True,3.6097127725895175e-07,0.0001667658384906033,0.6044203593930924,0.3397392106614883,True,0.01997574810114286
T33,edge,off_reconfiguration,-1,True,1.892074984566817e-07,1.0933637455190016e-05,0.6021725060841242,0.3397392106614883,True,0.019972634692468988
T33,edge,off_reconfiguration,-1,True,1.892074984566817e-07,1.0933637455190016e-05,0.615085541996126,0.3397392106614883,True,0.019999890010170357
T33,edge,off_reconfiguration,-1,True,1.892074984566817e-07,1.0933637455190016e-05,0.6088988257629162,0.3397392106614883,True,0.019999859663210856
T33,edge,off_reconfiguration,-1,True,1.2928363778638103e-05,0.0017836459446383516,0.7094062114779828,0.24893787226837705,True,0.019999678279408212
T33,edge,off_reconfiguration,-1,True,2.37164723099589e-05,0.005499974511269511,0.7066761293081394,0.24893787226837705,True,0.019999678279408212
T33,edge,off_reconfiguration,-1,True,1.2928363778638103e-05,0.0016293133163195076,0.6972745756117804,0.24893787226837705,True,0.019999678279408212
T33,edge,off_reconfiguration,-1,True,1.2928363778638103e-05,0.0016293133163195076,0.7078320482137331,0.24893787226837705,True,0.019999678279408212
T33,edge,off_reconfiguration,-1,True,6.969204691860012e-07,3.631299154864665e-05,0.6960942811280415,0.2524589494539534,True,0.019999675346727613
T33,edge,off_reconfiguration,-1,True,2.37164723099589e-05,0.005499974511269511,0.6972745756117804,0.2524589494539534,True,0.019999675346727613
T33,edge,off_reconfiguration,-1,True,1.2928363778638103e-05,0.0016293133163195076,0.6972745756117804,0.24893787226837705,True,0.019999678279408212
T33,edge,off_reconfiguration,-1,True,6.969204691860012e-07,0.00011748310060646481,0.6837717860753201,0.2404524753278852,True,0.019999681194837388
T33,edge,off_reconfiguration,-1,True,6.515313205433523e-07,9.723653507663123e-05,0.7058868014635387,0.259955383421158,True,0.019999670405867198
T33,edge,off_reconfiguration,-1,True,6.515313205433523e-07,9.723653507663123e-05,0.7022872720992814,0.2568407055299549,True,0.01999967740030481
T33,edge,off_reconfiguration,-1,True,6.515313205433523e-07,0.00011827153476243754,0.7058868014635387,0.26124060552184647,True,0.01999966975705214
T33,edge,off_reconfiguration,-1,True,6.515313205433523e-07,9.723653507663123e-05,0.6918284922923725,0.2559408352035578,True,0.019999681309594952
T33,edge,off_reconfiguration,-1,True,6.969204691860012e-07,0.00011748310060646481,0.6837717860753201,0.2404524753278852,True,0.019999681194837388
T33,edge,off_reconfiguration,-1,True,5.363496825596491e-07,0.00025204404498399286,0.6837717860753201,0.2231980083251748,True,0.019999681194837388
T33,edge,off_reconfiguration,-1,True,6.690055942570687e-07,0.0002874784044228399,0.6716923536347732,0.2218679020014244,True,0.019999682164540372
T33,edge,off_reconfiguration,-1,True,5.347199230224862e-07,0.00011748310060646481,0.6837717860753201,0.2404524753278852,True,0.019999681194837388
T33,edge,off_reconfiguration,-1,True,6.594353789371796e-07,0.00017661768431851508,0.6865703258373927,0.22903369800098133,True,0.01999968255330825
T33,edge,off_reconfiguration,-1,True,8.183751785651076e-07,0.00017661768431851508,0.6612553652093792,0.22488170119655151,True,0.01999967705364067
T33,edge,off_reconfiguration,-1,True,6.594353789371796e-07,0.00017661768431851508,0.6959483043816659,0.22903369800098133,True,0.019999677097899904
T33,edge,off_reconfiguration,-1,True,8.391554121664752e-07,0.00017661768431851508,0.6630419211908748,0.22903369800098133,True,0.01999967705364067
T33,edge,off_reconfiguration,-1,True,3.2283824110537494e-07,0.00017179105389449477,0.6846839126076708,0.2953923295686361,True,0.01999945583932114
T33,edge,off_reconfiguration,-1,True,2.9897688991879213e-07,0.00019161085038505967,0.682737215203752,0.2953923295686361,True,0.01999945583932114
T33,edge,off_reconfiguration,-1,True,5.754551434017558e-07,0.00016052988026587676,0.66866147721116,0.2840131182682724,True,0.019999563029971523
T33,edge,off_reconfiguration,-1,True,2.9897688991879213e-07,0.00018867818088894657,0.688074598791155,0.2953923295686361,True,0.01999945583932114
T33,edge,off_reconfiguration,-1,True,6.690055942570687e-07,0.0002874784044228399,0.6716923536347732,0.2218679020014244,True,0.019999682164540372
T33,edge,off_reconfiguration,-1,True,6.690055942570687e-07,0.0002874784044228399,0.6716923536347732,0.2218679020014244,True,0.019999682164540372
T33,edge,off_reconfiguration,-1,True,9.304095870216611e-07,0.00044642565898230413,0.6698531455651205,0.1986218391683227,True,0.019999690447415813
T33,edge,off_reconfiguration,-1,True,7.035551131199153e-07,0.00036227478047612345,0.6716923536347732,0.203193317330828,True,0.019999682164540372
T33,edge,off_reconfiguration,-1,True,7.566135307002402e-07,0.00035952386955121965,0.6558835252323117,0.196208001191667,True,0.019999678212862193
T33,edge,off_reconfiguration,-1,True,7.566135307002402e-07,0.00035952386955121965,0.6819757725396693,0.2081669283485443,True,0.01999967705364067
T33,edge,off_reconfiguration,-1,True,9.246205289414828e-07,0.00042047723661214827,0.6307494363509409,0.18856152581125765,True,0.01999969476505223
T33,edge,off_reconfiguration,-1,True,7.566135307002402e-07,0.00035952386955121965,0.6819757725396693,0.2081669283485443,True,0.01999966916308818
T33,edge,off_reconfiguration,-1,True,3.6801982734776895e-07,0.00015479224654514417,0.6949283236754492,0.2848546734127286,True,0.019999579763774117
T33,edge,off_reconfiguration,-1,True,3.5335541228528913e-07,0.00018867818088894657,0.6881756601659231,0.2946775911213766,True,0.019999488654282943
T33,edge,off_reconfiguration,-1,True,6.083288664470679e-07,0.0001367184610985331,0.6867026802187317,0.28390375566247594,True,0.0199996046076798
T33,edge,off_reconfiguration,-1,True,6.419109427064959e-07,0.0001367184610985331,0.6790486189188351,0.28797142609283016,True,0.019999589974384724
T33,edge,off_reconfiguration,-1,True,5.754551434017558e-07,6.1548731056446e-05,0.6504184535582874,0.2840131182682724,True,0.019999563029971523
T33,edge,off_reconfiguration,-1,True,9.430841935235045e-07,8.516365374023748e-05,0.6180295723089899,0.2851515324538782,True,0.01999955146237639
T33,edge,off_reconfiguration,-1,True,7.95848449800156e-07,4.4132748170698074e-05,0.6504184535582874,0.27062661889177275,True,0.019999632833030523
T33,edge,off_reconfiguration,-1,True,5.62942650907425e-07,7.875107407077094e-05,0.6504184535582874,0.2750278856833489,True,0.01999961851715254
T33,edge,off_reconfiguration,-1,True,9.304095870216611e-07,0.0005106629941599103,0.6359526392777491,0.19423279786695827,True,0.019999717205780726
T33,edge,off_reconfiguration,-1,True,9.304095870216611e-07,0.00044642565898230413,0.6698531455651205,0.1986218391683227,True,0.019999690447415813
T33,edge,off_reconfiguration,-1,True,1.0463945028940715e-06,0.0004840971862356804,0.6698531455651205,0.17962342240235307,True,0.019999719015941664
T33,edge,off_reconfiguration,-1,True,9.307977826507184e-07,0.00044642565898230413,0.6698531455651205,0.18648413500733832,True,0.019999690447415813
T33,edge,off_reconfiguration,-1,True,9.246205289414828e-07,0.00042047723661214827,0.6307494363509409,0.18856152581125765,True,0.01999969476505223
T33,edge,off_reconfiguration,-1,True,7.566135307002402e-07,0.00035952386955121965,0.6558835252323117,0.196208001191667,True,0.019999678212862193
T33,edge,off_reconfiguration,-1,True,7.36390269675462e-07,0.0003298584066465915,0.6125995102638481,0.19355353475345238,True,0.019999678212862193
T33,edge,off_reconfiguration,-1,True,9.840703699068775e-07,0.0004809285047951726,0.5841402410439009,0.18039126740927305,True,0.019999713654690582
T33,edge,off_reconfiguration,-1,True,6.127603018760325e-07,7.028481207438978e-05,0.678364418899547,0.27775732403129816,True,0.019999644788834536
T33,edge,off_reconfiguration,-1,True,6.419109427064959e-07,7.028481207438978e-05,0.6790486189188351,0.28390375566247594,True,0.0199996046076798
T33,edge,off_reconfiguration,-1,True,6.083288664470679e-07,0.00015479224654514417,0.6867026802187317,0.28390375566247594,True,0.0199996046076798
T33,edge,off_reconfiguration,-1,True,8.010321640091467e-07,7.028481207438978e-05,0.6636400928311416,0.2749993558185721,True,0.019999668607222354
T33,edge,off_reconfiguration,-1,True,3.011185968757609e-07,0.0001624280521227935,0.6616656981473902,0.32152517449646867,True,0.01999876330980188
T33,edge,off_reconfiguration,-1,True,3.103620749874092e-07,0.000138002679153862,0.631908280514798,0.32152517449646867,True,0.01999876330980188
T33,edge,off_reconfiguration,-1,True,3.011185968757609e-07,0.00014174185408219494,0.6575975810576827,0.32152517449646867,True,0.01999876330980188
T33,edge,off_reconfiguration,-1,True,3.011185968757609e-07,0.00019161085038505967,0.6616656981473902,0.3137675373005879,True,0.019999077395869008
T33,edge,off_reconfiguration,-1,True,1.1710626868639305e-06,0.00020557337657747793,0.5953825394826691,0.24494088624811697,True,0.019999665826695934
T33,edge,off_reconfiguration,-1,True,1.2398856101090594e-06,0.00020557337657747793,0.5953825394826691,0.24494088624811697,True,0.019999665826695934
T33,edge,off_reconfiguration,-1,True,1.4464190169782864e-06,0.0003168593145467044,0.5479664231166422,0.23217719077237872,True,0.019999665826695934
T33,edge,off_reconfiguration,-1,True,1.1710626868639305e-06,0.00020557337657747793,0.5953825394826691,0.24494088624811697,True,0.019999665826695934
T33,edge,off_reconfiguration,-1,True,1.0463945028940715e-06,0.0004840971862356804,0.6725027122167732,0.1726912047025686,True,0.019999719015941664
T33,edge,off_reconfiguration,-1,True,1.2706331382618519e-06,0.0004816819609621762,0.6706543068095011,0.1621519551845564,True,0.019999794505076413
T33,edge,off_reconfiguration,-1,True,9.307977826507184e-07,0.00041889584146956657,0.6838185234602766,0.1726912047025686,True,0.019999717945427153
T33,edge,off_reconfiguration,-1,True,9.151612811111788e-07,0.00041801615670577325,0.6838185234602766,0.1726912047025686,True,0.019999717945427153
T33,edge,off_reconfiguration,-1,True,9.246205289414828e-07,0.00042047723661214827,0.6125995102638481,0.18856152581125765,True,0.01999969476505223
T33,edge,off_reconfiguration,-1,True,9.840703699068775e-07,0.0004809285047951726,0.5841402410439009,0.18039126740927305,True,0.019999713654690582
T33,edge,off_reconfiguration,-1,True,7.36390269675462e-07,0.0003298584066465915,0.6125995102638481,0.19355353475345238,True,0.019999678212862193
T33,edge,off_reconfiguration,-1,True,1.2045785999047126e-06,0.0003555267647401705,0.5116900946667684,0.18576194298363288,True,0.019999664552209112
T33,edge,off_reconfiguration,-1,True,6.484174793843023e-07,7.09660023834284e-05,0.6790486189188351,0.28797142609283016,True,0.019999589974384724
T33,edge,off_reconfiguration,-1,True,6.419109427064959e-07,7.028481207438978e-05,0.6790486189188351,0.28390375566247594,True,0.0199996046076798
T33,edge,off_reconfiguration,-1,True,6.419109427064959e-07,6.089387536004744e-05,0.678364418899547,0.27775732403129816,True,0.019999644788834536
T33,edge,off_reconfiguration,-1,True,8.010321640091467e-07,5.2477570643749016e-05,0.6636400928311416,0.2749993558185721,True,0.019999668607222354
T33,edge,off_reconfiguration,-1,True,2.830751471812437e-07,0.00014174185408219494,0.6525052772258226,0.3377824937311957,True,0.019997605476593572
T33,edge,off_reconfiguration,-1,True,2.936626340621266e-07,0.0001624280521227935,0.6575975810576827,0.3283960274294723,True,0.019998387008408947
T33,edge,off_reconfiguration,-1,True,2.671831938410146e-07,0.00015459433856908794,0.6575975810576827,0.3377824937311957,True,0.019997605476593572
T33,edge,off_reconfiguration,-1,True,2.671831938410146e-07,0.00014174185408219494,0.6389684677848233,0.3377824937311957,True,0.019997605476593572
T33,edge,off_reconfiguration,-1,True,1.0480349134263878e-06,0.00016938103137881152,0.5775516868644379,0.2758920435948863,True,0.019999605759111277
T33,edge,off_reconfiguration,-1,True,1.000523924116381e-06,0.00018537311459582975,0.5530566171577189,0.2782026415157305,True,0.019999595022654998
T33,edge,off_reconfiguration,-1,True,9.57783154512875e-07,0.00014458550197741048,0.5843810094221025,0.2782026415157305,True,0.019999595022654998
T33,edge,off_reconfiguration,-1,True,1.3719571464052849e-06,0.00030586552588281136,0.4906001191209148,0.2681204677272994,True,0.0199996465798723
T33,edge,off_reconfiguration,-1,True,1.1198634750161398e-06,0.0005729374629258608,0.6044682236076594,0.182108566595252,True,0.01999978048492765
T33,edge,off_reconfiguration,-1,True,1.1827390776878997e-06,0.0006334189203247372,0.5440491208367406,0.1819937901966534,True,0.01999981600324313
T33,edge,off_reconfiguration,-1,True,8.897012509433032e-07,0.0005106629941599103,0.6044682236076594,0.18332008705733774,True,0.019999778214953634
T33,edge,off_reconfiguration,-1,True,1.0463945028940715e-06,0.0004840971862356804,0.6044682236076594,0.17962342240235307,True,0.019999778214953634
T33,edge,off_reconfiguration,-1,True,1.186843450826441e-06,0.0006138941244764909,0.6337945961233873,0.1555808150729594,True,0.020000030559590598
T33,edge,off_reconfiguration,-1,True,1.432740131715067e-06,0.0006833758078699044,0.5901682630341137,0.14781652077022966,True,0.020000342387943487
T33,edge,off_reconfiguration,-1,True,1.138594928450086e-06,0.0005321681470418784,0.6362710257506764,0.1555808150729594,True,0.020000030559590598
T33,edge,off_reconfiguration,-1,True,1.0949595952417989e-06,0.0005124413151612747,0.6362710257506764,0.14138199733792392,True,0.02000029061092215
T33,edge,off_reconfiguration,-1,True,9.281567436064003e-07,0.000227320339746818,0.5703339404529882,0.2219775811608377,True,0.019999665568356556
T33,edge,off_reconfiguration,-1,True,9.78352257678182e-07,0.00018829338539947193,0.590784199563895,0.22260131563654356,True,0.019999681164324323
T33,edge,off_reconfiguration,-1,True,9.048644106179919e-07,0.00018829338539947193,0.590784199563895,0.22260131563654356,True,0.0199996738819945
T33,edge,off_reconfiguration,-1,True,9.048644106179919e-07,0.00018829338539947193,0.590784199563895,0.22260131563654356,True,0.0199996698196023
T33,edge,off_reconfiguration,-1,True,4.812092695000161e-07,8.483778215524308e-05,0.6801648361587256,0.3156541854125201,True,0.019999144984919587
T33,edge,off_reconfiguration,-1,True,5.152955578175573e-07,8.203338699066773e-05,0.67327838351589,0.2993183049558135,True,0.019999506158797142
T33,edge,off_reconfiguration,-1,True,6.484174793843023e-07,8.203338699066773e-05,0.6794245549890672,0.29700436813863085,True,0.01999950928907418
T33,edge,off_reconfiguration,-1,True,4.812092695000161e-07,8.203338699066773e-05,0.6792645191586352,0.3156541854125201,True,0.019999144984919587
T33,edge,off_reconfiguration,-1,True,2.3803030083873133e-07,0.00011057934409189995,0.6386316141512137,0.34907126935093263,True,0.019996035572777265
T33,edge,off_reconfiguration,-1,True,2.830751471812437e-07,0.00014002148092953564,0.6389684677848233,0.3416360703971119,True,0.019997160882663984
T33,edge,off_reconfiguration,-1,True,2.671831938410146e-07,0.00014174185408219494,0.6389684677848233,0.3377824937311957,True,0.019997605476593572
T33,edge,off_reconfiguration,-1,True,2.3803030083873133e-07,0.00012503630916018712,0.6389684677848233,0.34907126935093263,True,0.019996035572777265
T33,edge,off_reconfiguration,-1,True,1.000523924116381e-06,0.00018537311459582975,0.5530566171577189,0.2782026415157305,True,0.019999595022654998
T33,edge,off_reconfiguration,-1,True,1.0480349134263878e-06,0.00018537311459582975,0.5530566171577189,0.2758920435948863,True,0.019999605759111277
T33,edge,off_reconfiguration,-1,True,1.3719571464052849e-06,0.00030586552588281136,0.4906001191209148,0.2681204677272994,True,0.0199996465798723
T33,edge,off_reconfiguration,-1,True,1.000523924116381e-06,0.00018537311459582975,0.5530566171577189,0.2808501434378746,True,0.019999587338014768
T33,edge,off_reconfiguration,-1,True,1.1827390776878997e-06,0.0006334189203247372,0.5440491208367406,0.1819937901966534,True,0.01999981600324313
T33,edge,off_reconfiguration,-1,True,1.1827390776878997e-06,0.0006334189203247372,0.5440491208367406,0.1819937901966534,True,0.01999981600324313
T33,edge,off_reconfiguration,-1,True,1.6325547234644246e-06,0.0006571162478897193,0.4593609495317533,0.1819937901966534,True,0.01999981600324313
T33,edge,off_reconfiguration,-1,True,1.2563045839387577e-06,0.0006963920291769513,0.512980033394998,0.16979955004725006,True,0.019999976858002227
T33,edge,off_reconfiguration,-1,True,1.3497364253876676e-06,0.0005224892428190398,0.6194342489213269,0.1307175391138861,True,0.02000068599364266
T33,edge,off_reconfiguration,-1,True,1.4583351029396777e-06,0.0006743520214029752,0.5760786699124717,0.12872322867271038,True,0.020001159604094265
T33,edge,off_reconfiguration,-1,True,1.0949595952417989e-06,0.0005124413151612747,0.6362710257506764,0.14138199733792392,True,0.02000029061092215
T33,edge,off_reconfiguration,-1,True,1.2966463706584731e-06,0.0004662550043809779,0.6368522597042088,0.14138199733792392,True,0.02000029061092215
T33,edge,off_reconfiguration,-1,True,1.6728615068064364e-06,0.0004834032909568831,0.4666365150991181,0.17301264334700475,True,0.019999604673189175
T33,edge,off_reconfiguration,-1,True,1.416220279056709e-06,0.0003555267647401705,0.4659785377470386,0.18576194298363288,True,0.01999959560139175
T33,edge,off_reconfiguration,-1,True,1.2045785999047126e-06,0.0003555267647401705,0.5116900946667684,0.18576194298363288,True,0.019999664552209112
T33,edge,off_reconfiguration,-1,True,1.2045785999047126e-06,0.0004809285047951726,0.5116900946667684,0.18039126740927305,True,0.019999713654690582
T33,edge,off_reconfiguration,-1,True,7.49772195965183e-07,6.698179377452646e-05,0.6351607910925519,0.2736344818494289,True,0.0199997031524419
T33,edge,off_reconfiguration,-1,True,6.769971831435815e-07,3.245463047707961e-05,0.6533720016160386,0.28470865868044964,True,0.019999648095883227
T33,edge,off_reconfiguration,-1,True,6.769971831435815e-07,5.045939486899367e-05,0.6559811547438702,0.28470865868044964,True,0.019999648095883227
T33,edge,off_reconfiguration,-1,True,6.769971831435815e-07,7.09660023834284e-05,0.6559811547438702,0.28470865868044964,True,0.019999648095883227
T33,edge,off_reconfiguration,-1,True,2.2049790404475438e-07,0.00010403784523054583,0.655411245355623,0.35326844423707826,True,0.019995663428222732
T33,edge,off_reconfiguration,-1,True,1.5458944106816786e-07,0.00010403784523054583,0.6542737853525256,0.3575368663715375,True,0.019994298345640038
T33,edge,off_reconfiguration,-1,True,2.3457733020352365e-07,0.00012503630916018712,0.6483552555818272,0.35499903607633054,True,0.01999473363686058
T33,edge,off_reconfiguration,-1,True,1.7785839787731362e-07,0.00010403784523054583,0.655411245355623,0.3575368663715375,True,0.01999445129866584
T33,edge,off_reconfiguration,-1,True,3.000952706683085e-07,5.063964619269047e-05,0.6064699918877998,0.33697128038389546,True,0.01999754953079813
T33,edge,off_reconfiguration,-1,True,2.1676922160583778e-07,5.298214104506479e-05,0.6064699918877998,0.33697128038389546,True,0.019997475687034666
T33,edge,off_reconfiguration,-1,True,2.1676922160583778e-07,3.489000090550853e-05,0.6043324710164142,0.33697128038389546,True,0.019997475687034666
T33,edge,off_reconfiguration,-1,True,3.237593667804562e-07,4.8326906818709666e-05,0.5683351235395058,0.32228141105372893,True,0.019998045868281578
T33,edge,off_reconfiguration,-1,True,1.875298567455145e-06,0.00037468116915970927,0.4632700166028673,0.2463456195996643,True,0.019999647415579053
T33,edge,off_reconfiguration,-1,True,3.4967779586687054e-06,0.0006216152311804921,0.3265519497587255,0.22872682234908118,True,0.019999646574571622
T33,edge,off_reconfiguration,-1,True,1.875298567455145e-06,0.00037468116915970927,0.4632700166028673,0.2463456195996643,True,0.0199996465798723
T33,edge,off_reconfiguration,-1,True,1.875298567455145e-06,0.00037468116915970927,0.4632700166028673,0.2463456195996643,True,0.01999965217825503
T33,edge,off_reconfiguration,-1,True,1.4207239922539566e-06,0.0006425842143606195,0.5598098667110045,0.157653543369277,True,0.02000010304744182
T33,edge,off_reconfiguration,-1,True,1.4207239922539566e-06,0.0006963920291769513,0.512980033394998,0.157653543369277,True,0.02000010304744182
T33,edge,off_reconfiguration,-1,True,1.4207239922539566e-06,0.0007625441455356863,0.45708238937080004,0.157653543369277,True,0.020000145762683164
T33,edge,off_reconfiguration,-1,True,1.4207239922539566e-06,0.0007999758835250927,0.4059940534013757,0.157653543369277,True,0.02000034487304747
T33,edge,off_reconfiguration,-1,True,1.4583351029396777e-06,0.0006743520214029752,0.5760786699124717,0.12872322867271038,True,0.020001159604094265
T33,edge,off_reconfiguration,-1,True,1.4583351029396777e-06,0.0006743520214029752,0.5760786699124717,0.12872322867271038,True,0.020001159604094265
T33,edge,off_reconfiguration,-1,True,1.4583351029396777e-06,0.0006833758078699044,0.5760786699124717,0.12872322867271038,True,0.020001159604094265
T33,edge,off_reconfiguration,-1,True,1.4583351029396777e-06,0.0006743520214029752,0.5760786699124717,0.12872322867271038,True,0.020001159604094265
T33,edge,off_reconfiguration,-1,True,1.416220279056709e-06,0.0003555267647401705,0.4659785377470386,0.18576194298363288,True,0.01999959560139175
T33,edge,off_reconfiguration,-1,True,1.6728615068064364e-06,0.0004834032909568831,0.4659785377470386,0.17301264334700475,True,0.019999604673189175
T33,edge,off_reconfiguration,-1,True,2.723189386172881e-06,0.0007106448937608657,0.31292292789554543,0.18127846618674565,True,0.0199999456713138
T33,edge,off_reconfiguration,-1,True,1.416220279056709e-06,0.0003541586458549521,0.4659785377470386,0.19027812693384497,True,0.019999665568356556
T33,edge,off_reconfiguration,-1,True,6.769971831435815e-07,3.245463047707961e-05,0.6533720016160386,0.28470865868044964,True,0.019999648095883227
T33,edge,off_reconfiguration,-1,True,6.360924712108545e-07,5.045939486899367e-05,0.6533720016160386,0.2898811481294537,True,0.01999963424389825
T33,edge,off_reconfiguration,-1,True,7.49772195965183e-07,6.698179377452646e-05,0.6351607910925519,0.2736344818494289,True,0.0199997031524419
T33,edge,off_reconfiguration,-1,True,6.360924712108545e-07,5.444104241389411e-05,0.636571257069594,0.2860879843263504,True,0.019999692746579895
T33,edge,off_reconfiguration,-1,True,1.7785839787731362e-07,7.848683131121497e-05,0.6542737853525256,0.35956274146445766,True,0.01999445129866584
T33,edge,off_reconfiguration,-1,True,1.5458944106816786e-07,0.00010403784523054583,0.6542737853525256,0.3575368663715375,True,0.019994298345640038
T33,edge,off_reconfiguration,-1,True,2.2049790404475438e-07,9.706771826386154e-05,0.6542737853525256,0.35326844423707826,True,0.019995663428222732
T33,edge,off_reconfiguration,-1,True,1.7295433697776732e-07,7.848683131121497e-05,0.6264754849373227,0.36476473854842384,True,0.019992164154556485
T33,edge,off_reconfiguration,-1,True,1.5879826429771484e-07,5.298214104506479e-05,0.6043324710164142,0.3401034925476971,True,0.019995124346955467
T33,edge,off_reconfiguration,-1,True,1.146125852995353e-07,4.426468493192734e-05,0.6043324710164142,0.3401034925476971,True,0.019994287665813848
T33,edge,off_reconfiguration,-1,True,1.146125852995353e-07,3.489000090550853e-05,0.5939417883337738,0.33446658486005787,True,0.019994287665813848
T33,edge,off_reconfiguration,-1,True,1.146125852995353e-07,3.489000090550853e-05,0.5966081373271014,0.33723263304058204,True,0.019994287665813848
T33,edge,off_reconfiguration,-1,True,1.3719571464052849e-06,0.000339198585663767,0.45270699935577585,0.2681204677272994,True,0.01999966938276007
T33,edge,off_reconfiguration,-1,True,1.3953713708531453e-06,0.000398015135638738,0.40262329027100197,0.2686638985352582,True,0.019999718445171483
T33,edge,off_reconfiguration,-1,True,1.3672077884808436e-06,0.00034419786867014636,0.42216467197353014,0.2686638985352582,True,0.019999692040231443
T33,edge,off_reconfiguration,-1,True,1.3672077884808436e-06,0.000339198585663767,0.45270699935577585,0.2686638985352582,True,0.01999966938276007
T33,edge,off_reconfiguration,-1,True,1.4628499293455424e-06,0.0008472476453905181,0.3820729283301777,0.1632474634673048,True,0.020000288456168275
T33,edge,off_reconfiguration,-1,True,1.3649999873204157e-06,0.0007625441455356863,0.45708238937080004,0.16386460935188382,True,0.020000145762683164
T33,edge,off_reconfiguration,-1,True,1.3649999873204157e-06,0.0007999758835250927,0.4059940534013757,0.15918004340122566,True,0.02000034487304747
T33,edge,off_reconfiguration,-1,True,1.5338912463600149e-06,0.0007912178847863956,0.4113812515741004,0.16386460935188382,True,0.020000145762683164
T33,edge,off_reconfiguration,-1,True,1.475141676095491e-06,0.0004283817246281119,0.6062930770496032,0.11806634303107635,True,0.020001149552250852
T33,edge,off_reconfiguration,-1,True,1.475141676095491e-06,0.0004283817246281119,0.5921737055621181,0.10970160604575267,True,0.02000158178463049
T33,edge,off_reconfiguration,-1,True,1.5001482583374266e-06,0.0004283817246281119,0.5985595053933563,0.11142860418717586,True,0.02000131145796713
T33,edge,off_reconfiguration,-1,True,1.475141676095491e-06,0.00044173113157945957,0.6062930770496032,0.11806634303107635,True,0.020001149552250852
T33,edge,off_reconfiguration,-1,True,2.116697147066835e-06,0.0008293728761312818,0.3797446129772699,0.13984854979395966,True,0.020000755279908827
T33,edge,off_reconfiguration,-1,True,2.4404185937421537e-06,0.0008741816673038509,0.3299252503996815,0.13293997037155564,True,0.020001248804709493
T33,edge,off_reconfiguration,-1,True,2.116697147066835e-06,0.0008293728761312818,0.3797446129772699,0.1421377846403769,True,0.020000436884566986
T33,edge,off_reconfiguration,-1,True,2.116697147066835e-06,0.0009145302729495852,0.3406904160093993,0.12837807999901982,True,0.020002034149095654
T33,edge,off_reconfiguration,-1,True,7.755045382671567e-07,0.00020955230198286924,0.5307302134033998,0.24153902466244526,True,0.01999977264862096
T33,edge,off_reconfiguration,-1,True,7.755045382671567e-07,0.00020955230198286924,0.5494574638126615,0.24065552016031166,True,0.019999759041498616
T33,edge,off_reconfiguration,-1,True,7.755045382671567e-07,0.00022832499764660714,0.5107513391354722,0.23463077783816214,True,0.019999775089087124
T33,edge,off_reconfiguration,-1,True,8.266035285749889e-07,0.00020955230198286924,0.5494574638126615,0.2438463722098142,True,0.019999759041498616
T33,edge,off_reconfiguration,-1,True,5.483201335277738e-07,3.6242666142805315e-05,0.6840551540081261,0.3304951830978431,True,0.01999883789205914
T33,edge,off_reconfiguration,-1,True,5.483201335277738e-07,3.6242666142805315e-05,0.6840551540081261,0.3362649801270337,True,0.01999842978129085
T33,edge,off_reconfiguration,-1,True,5.483201335277738e-07,8.069854774609347e-05,0.6772687779848939,0.3362649801270337,True,0.01999842978129085
T33,edge,off_reconfiguration,-1,True,5.483201335277738e-07,3.6242666142805315e-05,0.6792645191586352,0.321277741574733,True,0.019999121201842107
T33,edge,off_reconfiguration,-1,True,1.6684615775826532e-07,6.600062369149342e-05,0.6139246155339713,0.36383269358459275,True,0.019971892778578942
T33,edge,off_reconfiguration,-1,True,1.7295433697776732e-07,7.423413338280348e-05,0.6139246155339713,0.36383269358459275,True,0.01998220834189096
T33,edge,off_reconfiguration,-1,True,1.6684615775826532e-07,6.600062369149342e-05,0.6057283516878905,0.3628040077945813,True,0.019971892778578942
T33,edge,off_reconfiguration,-1,True,1.6684615775826532e-07,6.600062369149342e-05,0.6139246155339713,0.36383269358459275,True,0.019978301453800723
T33,edge,off_reconfiguration,-1,True,3.237593667804562e-07,4.8326906818709666e-05,0.5683351235395058,0.3217547279050787,True,0.019998045868281578
T33,edge,off_reconfiguration,-1,True,3.237593667804562e-07,4.8326906818709666e-05,0.5683351235395058,0.32228141105372893,True,0.019998045868281578
T33,edge,off_reconfiguration,-1,True,3.237593667804562e-07,4.8326906818709666e-05,0.5683351235395058,0.32228141105372893,True,0.019998045868281578
T33,edge,off_reconfiguration,-1,True,3.237593667804562e-07,4.8326906818709666e-05,0.5683351235395058,0.32228141105372893,True,0.019998045868281578
T33,edge,off_reconfiguration,-1,True,3.4967779586687054e-06,0.0006216152311804921,0.3265519497587255,0.22872682234908118,True,0.019999646574571622
T33,edge,off_reconfiguration,-1,True,3.4967779586687054e-06,0.0007650107255203857,0.29292934581285424,0.22872682234908118,True,0.019999828973667172
T33,edge,off_reconfiguration,-1,True,3.4967779586687054e-06,0.0006216152311804921,0.3265519497587255,0.22872682234908118,True,0.019999647415579053
T33,edge,off_reconfiguration,-1,True,2.09230124090627e-05,0.0018371832146210725,0.14699347510083258,0.2002612335903644,True,0.020000258741908472
T33,edge,off_reconfiguration,-1,True,1.5886080312165032e-06,0.0006866341519809465,0.44435175766596047,0.14049677124747145,True,0.020000533419859523
T33,edge,off_reconfiguration,-1,True,1.5120748909752037e-06,0.0007999758835250927,0.4059940534013757,0.14049677124747145,True,0.020000521814048433
T33,edge,off_reconfiguration,-1,True,1.7948222827708081e-06,0.0005570583536330611,0.5149086604342714,0.1192527864881794,True,0.020000783069053202
T33,edge,off_reconfiguration,-1,True,1.5120748909752037e-06,0.0006425842143606195,0.5149086604342714,0.14049677124747145,True,0.020000521814048433
T33,edge,off_reconfiguration,-1,True,1.6676974987376426e-06,0.0004933851455856554,0.5394093303674734,0.0968363458700779,True,0.020002875489350203
T33,edge,off_reconfiguration,-1,True,1.4526349961461472e-06,0.0004933851455856554,0.5394093303674734,0.10439648538275263,True,0.020002875489350203
T33,edge,off_reconfiguration,-1,True,1.475141676095491e-06,0.0004933851455856554,0.5394093303674734,0.10439648538275263,True,0.020002875489350203
T33,edge,off_reconfiguration,-1,True,1.860191812148166e-06,0.0007864413955692369,0.42561571546964827,0.09916697783186179,True,0.020004053887389295
T33,edge,off_reconfiguration,-1,True,1.5682238107515675e-05,0.00155660918719272,0.163136899136725,0.13077488904257106,True,0.0200001376454797
T33,edge,off_reconfiguration,-1,True,4.129034491678032e-06,0.0007604952511108499,0.2987019984738089,0.14906963544508411,True,0.019999604673189175
T33,edge,off_reconfiguration,-1,True,4.129034491678032e-06,0.0008293728761312818,0.2987019984738089,0.1421377846403769,True,0.020000436884566986
T33,edge,off_reconfiguration,-1,True,4.129034491678032e-06,0.0007604952511108499,0.2987019984738089,0.14906963544508411,True,0.0200001107210174
T33,edge,off_reconfiguration,-1,True,6.459452957030723e-07,0.00020235516113448405,0.51703818070852,0.24543522093034417,True,0.019999785810551868
T33,edge,off_reconfiguration,-1,True,6.539843789631531e-07,0.00015533988589473013,0.529885189878762,0.25085325375775325,True,0.019999775521013452
T33,edge,off_reconfiguration,-1,True,6.567564516303467e-07,0.0001954134757960608,0.5307302134033998,0.24153902466244526,True,0.01999977264862096
T33,edge,off_reconfiguration,-1,True,7.755045382671567e-07,0.00020955230198286924,0.5494574638126615,0.2438463722098142,True,0.019999763761965578
T33,edge,off_reconfiguration,-1,True,5.870899010506288e-07,2.3146557793542595e-05,0.6906446290811001,0.3387613571751656,True,0.019998588230311393
T33,edge,off_reconfiguration,-1,True,5.462979417794281e-07,2.3146557793542595e-05,0.6906446290811001,0.3471075432393214,True,0.0199976345511102
T33,edge,off_reconfiguration,-1,True,5.483201335277738e-07,3.6242666142805315e-05,0.6840551540081261,0.3362649801270337,True,0.01999842978129085
T33,edge,off_reconfiguration,-1,True,5.155492025722432e-07,2.3146557793542595e-05,0.6862081591881272,0.3304951830978431,True,0.01999883789205914
T33,edge,off_reconfiguration,-1,True,1.4158599811926205e-07,5.150314775471461e-05,0.6057283516878905,0.3628040077945813,True,0.01996858769354634
T33,edge,off_reconfiguration,-1,True,1.4158599811926205e-07,4.061486575791463e-05,0.6057283516878905,0.3628040077945813,True,0.01999990160253426
T33,edge,off_reconfiguration,-1,True,1.6684615775826532e-07,6.600062369149342e-05,0.6057283516878905,0.3628040077945813,True,0.019971892778578942
T33,edge,off_reconfiguration,-1,True,1.4158599811926205e-07,4.061486575791463e-05,0.6057283516878905,0.3628040077945813,True,0.019999845017567408
T33,edge,off_reconfiguration,-1,True,3.237593667804562e-07,4.8326906818709666e-05,0.5683351235395058,0.3217547279050787,True,0.019998045868281578
T33,edge,off_reconfiguration,-1,True,2.461643116494341e-07,3.365644586492263e-05,0.5715857455326522,0.3217547279050787,True,0.019997305061762505
T33,edge,off_reconfiguration,-1,True,2.461643116494341e-07,3.365644586492263e-05,0.5715857455326522,0.3217547279050787,True,0.019997305061762505
T33,edge,off_reconfiguration,-1,True,2.461643116494341e-07,3.365644586492263e-05,0.5715857455326522,0.3217547279050787,True,0.019997305061762505
T33,edge,off_reconfiguration,-1,True,3.352938103989115e-06,0.0007650107255203857,0.29292934581285424,0.24346522635791723,True,0.019999828973667172
T33,edge,off_reconfiguration,-1,True,3.352938103989115e-06,0.0007650107255203857,0.29292934581285424,0.24346522635791723,True,0.019999828973667172
T33,edge,off_reconfiguration,-1,True,3.4967779586687054e-06,0.0007650107255203857,0.29292934581285424,0.22872682234908118,True,0.019999828973667172
T33,edge,off_reconfiguration,-1,True,3.352938103989115e-06,0.0007650107255203857,0.29292934581285424,0.24346522635791723,True,0.019999828973667172
T33,edge,off_reconfiguration,-1,True,1.5886080312165032e-06,0.0006866341519809465,0.44435175766596047,0.14049677124747145,True,0.020000533419859523
T33,edge,off_reconfiguration,-1,True,1.5886080312165032e-06,0.0011136435720058417,0.29751220171507287,0.14445005449906567,True,0.020000533419859523
T33,edge,off_reconfiguration,-1,True,1.948863485495556e-06,0.0006866341519809465,0.44435175766596047,0.12919427266166617,True,0.020000678263390248
T33,edge,off_reconfiguration,-1,True,1.5886080312165032e-06,0.0007999758835250927,0.4059940534013757,0.14445005449906567,True,0.020000533419859523
T33,edge,off_reconfiguration,-1,True,1.7768974116726972e-06,0.00040568355476233427,0.5131084294542717,0.08960760826201528,True,0.02000318965648981
T33,edge,off_reconfiguration,-1,True,1.6676974987376426e-06,0.00036350509643173605,0.557015635880871,0.0968363458700779,True,0.020002659254842903
T33,edge,off_reconfiguration,-1,True,1.6676974987376426e-06,0.0004933851455856554,0.5394093303674734,0.0968363458700779,True,0.020002875489350203
T33,edge,off_reconfiguration,-1,True,1.6676974987376426e-06,0.00036350509643173605,0.557015635880871,0.0968363458700779,True,0.020002659254842903
T33,edge,off_reconfiguration,-1,True,6.4334016085133325e-06,0.001320233893124049,0.22261676754062365,0.12561031382751892,True,0.0200057317937406
T33,edge,off_reconfiguration,-1,True,6.4334016085133325e-06,0.001320233893124049,0.22261676754062365,0.12561031382751892,True,0.0200057317937406
T33,edge,off_reconfiguration,-1,True,1.5682238107515675e-05,0.00155660918719272,0.163136899136725,0.12561031382751892,True,0.0200057317937406
T33,edge,off_reconfiguration,-1,True,6.4334016085133325e-06,0.001320233893124049,0.22261676754062365,0.12561031382751892,True,0.0200057317937406
T33,edge,off_reconfiguration,-1,True,6.539843789631531e-07,0.00020235516113448405,0.51703818070852,0.24543522093034417,True,0.019999785810551868
T33,edge,off_reconfiguration,-1,True,6.459452957030723e-07,0.00020235516113448405,0.51703818070852,0.24543522093034417,True,0.019999785810551868
T33,edge,off_reconfiguration,-1,True,6.567564516303467e-07,0.00020235516113448405,0.51703818070852,0.24153902466244526,True,0.019999785810551868
T33,edge,off_reconfiguration,-1,True,6.773736826526899e-07,0.00020235516113448405,0.51703818070852,0.24543522093034417,True,0.019999785810551868
T33,edge,off_reconfiguration,-1,True,5.870899010506288e-07,2.3146557793542595e-05,0.6906446290811001,0.3387613571751656,True,0.019998588230311393
T33,edge,off_reconfiguration,-1,True,5.870899010506288e-07,4.517745487845103e-06,0.7038326389863789,0.3387613571751656,True,0.019998588230311393
T33,edge,off_reconfiguration,-1,True,5.870899010506288e-07,1.5438909500480757e-05,0.7038326389863789,0.3387613571751656,True,0.019998588230311393
T33,edge,off_reconfiguration,-1,True,5.870899010506288e-07,2.1138442377045873e-05,0.6862081591881272,0.3304951830978431,True,0.01999883789205914
T33,edge,off_reconfiguration,-1,True,1.1883574981540035e-07,2.3660469335537736e-05,0.6113323999280001,0.3654643777238037,True,0.01999990160253426
T33,edge,off_reconfiguration,-1,True,1.4131083629248193e-07,2.3660469335537736e-05,0.6162226224705197,0.36865258990121597,True,0.01999990160253426
T33,edge,off_reconfiguration,-1,True,1.4158599811926205e-07,4.061486575791463e-05,0.6057283516878905,0.3628040077945813,True,0.01999990160253426
T33,edge,off_reconfiguration,-1,True,1.1447803698011084e-07,5.150314775471461e-05,0.6162226224705197,0.3678269774538349,True,0.01999990160253426
T33,edge,off_reconfiguration,-1,True,4.2508460979913015e-07,2.23942727958561e-05,0.592919403667913,0.32273720092714653,True,0.019995469647416386
T33,edge,off_reconfiguration,-1,True,3.46457974752042e-07,1.6533255566816085e-05,0.592919403667913,0.32679499980025656,True,0.019994103487165682
T33,edge,off_reconfiguration,-1,True,1.892884303438956e-07,1.2948118433879161e-05,0.592919403667913,0.32679499980025656,True,0.019994103487165682
T33,edge,off_reconfiguration,-1,True,1.892884303438956e-07,1.3845881787227385e-05,0.592919403667913,0.32679499980025656,True,0.019994103487165682
T33,edge,off_reconfiguration,-1,True,9.55599476631862e-07,0.00043060080408476546,0.29247064656840444,0.2776149685382914,True,0.019999772327095267
T33,edge,off_reconfiguration,-1,True,9.55599476631862e-07,0.00043060080408476546,0.2924750237263871,0.2776149685382914,True,0.019999772327095267
T33,edge,off_reconfiguration,-1,True,9.55599476631862e-07,0.00043060080408476546,0.3388105193934776,0.2776149685382914,True,0.019999772327095267
T33,edge,off_reconfiguration,-1,True,1.135042893001817e-06,0.00043060080408476546,0.3388105193934776,0.2767134389696101,True,0.019999772327095267
T33,edge,off_reconfiguration,-1,True,1.5886080312165032e-06,0.0011136435720058417,0.29751220171507287,0.14445005449906567,True,0.020000533419859523
T33,edge,off_reconfiguration,-1,True,1.5493909029231649e-06,0.0011136435720058417,0.23607785288230468,0.15827285270921052,True,0.02000047640131944
T33,edge,off_reconfiguration,-1,True,1.5493909029231649e-06,0.0011136435720058417,0.29751220171507287,0.15827285270921052,True,0.02000047640131944
T33,edge,off_reconfiguration,-1,True,1.5493909029231649e-06,0.0011136435720058417,0.29751220171507287,0.15827285270921052,True,0.02000047640131944
T33,edge,off_reconfiguration,-1,True,2.1770939384265236e-06,0.0002179164201357677,0.6010424294642065,0.09533313186835263,True,0.02000088693613125
T33,edge,off_reconfiguration,-1,True,2.241022445356982e-06,0.0002179164201357677,0.6010424294642065,0.10107967528350753,True,0.02000088693613125
T33,edge,off_reconfiguration,-1,True,2.1770939384265236e-06,0.0003240293141039866,0.5844477359271165,0.10107967528350753,True,0.02000088693613125
T33,edge,off_reconfiguration,-1,True,2.1770939384265236e-06,0.00033852851796529527,0.5785354256353193,0.10107967528350753,True,0.02000088693613125
T33,edge,off_reconfiguration,-1,True,1.7912893783867213e-06,0.0010050090865317183,0.2727722227902866,0.09580202390300187,True,0.02000390784080891
T33,edge,off_reconfiguration,-1,True,1.8883871908797137e-06,0.0010050090865317183,0.31113287613641977,0.09251082922801748,True,0.02000390784080891
T33,edge,off_reconfiguration,-1,True,1.845798919165098e-06,0.0010050090865317183,0.31113287613641977,0.09580202390300187,True,0.020004158524167093
T33,edge,off_reconfiguration,-1,True,1.860191812148166e-06,0.0010050090865317183,0.31113287613641977,0.09580202390300187,True,0.020004053887389295
T33,edge,off_reconfiguration,-1,True,8.325619230507385e-07,0.0006558871194516682,0.2618085620273278,0.19758124221864717,True,0.020000126533007034
T33,edge,off_reconfiguration,-1,True,8.325619230507385e-07,0.0005919644363278953,0.32086433878067383,0.2034938333982921,True,0.02000001087615566
T33,edge,off_reconfiguration,-1,True,8.325619230507385e-07,0.0005919644363278953,0.32086433878067383,0.2034938333982921,True,0.02000001087615566
T33,edge,off_reconfiguration,-1,True,8.325619230507385e-07,0.0005919644363278953,0.32086433878067383,0.2034938333982921,True,0.02000001087615566
T33,edge,off_reconfiguration,-1,True,6.945965919063765e-07,4.707383025272853e-05,0.6592387390048614,0.28984452498032826,True,0.019999690000148534
T33,edge,off_reconfiguration,-1,True,6.945965919063765e-07,4.707383025272853e-05,0.670235250231358,0.2975466181634648,True,0.01999964519201977
T33,edge,off_reconfiguration,-1,True,6.945965919063765e-07,0.00025365412434119096,0.670235250231358,0.2975466181634648,True,0.01999964519201977
T33,edge,off_reconfiguration,-1,True,6.945965919063765e-07,4.707383025272853e-05,0.670235250231358,0.2975466181634648,True,0.01999964519201977
T33,edge,off_reconfiguration,-1,True,4.0154855670009586e-07,8.2776426154535e-06,0.6975316240393982,0.3731551894955906,True,0.019989328433497905
T33,edge,off_reconfiguration,-1,True,4.0154855670009586e-07,1.4614250772341616e-05,0.6707756247398228,0.3731551894955906,True,0.019989328433497905
T33,edge,off_reconfiguration,-1,True,4.0154855670009586e-07,3.36131020660446e-05,0.660419985470228,0.3731551894955906,True,0.019989328433497905
T33,edge,off_reconfiguration,-1,True,4.0154855670009586e-07,3.140448265793718e-05,0.6738987729905218,0.3723463038975752,True,0.019990675702226623
T33,edge,off_reconfiguration,-1,True,1.364951749182496e-07,8.054484469784712e-06,0.6088988257629162,0.34920996467576765,True,0.019999890010170357
T33,edge,off_reconfiguration,-1,True,1.364951749182496e-07,7.2445096183544035e-06,0.6021725060841242,0.3464793432639586,True,0.019999859663210856
T33,edge,off_reconfiguration,-1,True,1.892074984566817e-07,1.0933637455190016e-05,0.6088988257629162,0.3397392106614883,True,0.019999859663210856
T33,edge,off_reconfiguration,-1,True,1.364951749182496e-07,1.5556496191598024e-05,0.6088988257629162,0.35164593118253495,True,0.019999859663210856
T33,edge,off_reconfiguration,-1,True,3.782395270740489e-07,0.00010128648935057209,0.5110156570805169,0.3053768074857002,True,0.019999140388432562
T33,edge,off_reconfiguration,-1,True,3.5453021646675695e-07,3.657301629107123e-05,0.5537487411125541,0.3102095261165688,True,0.019998622176297193
T33,edge,off_reconfiguration,-1,True,4.2508460979913015e-07,3.657301629107123e-05,0.5537487411125541,0.3102095261165688,True,0.019998622176297193
T33,edge,off_reconfiguration,-1,True,3.5453021646675695e-07,3.657301629107123e-05,0.5537487411125541,0.3102095261165688,True,0.019998622176297193
T33,edge,off_reconfiguration,-1,True,6.06505127930546e-06,0.0016086307681922574,0.1371233507058734,0.2406972904954357,True,0.020000329773805003
T33,edge,off_reconfiguration,-1,True,6.06505127930546e-06,0.0016086307681922574,0.1371233507058734,0.2406972904954357,True,0.020000329773805003
T33,edge,off_reconfiguration,-1,True,6.06505127930546e-06,0.0016086307681922574,0.1371233507058734,0.2406972904954357,True,0.020000329773805003
T33,edge,off_reconfiguration,-1,True,6.06505127930546e-06,0.0016086307681922574,0.1371233507058734,0.2406972904954357,True,0.020000329773805003
T33,edge,off_reconfiguration,-1,True,1.948863485495556e-06,0.00036278750058806204,0.5059908868551435,0.12919427266166617,True,0.020000678263390248
T33,edge,off_reconfiguration,-1,True,1.9178909082620304e-06,0.0004805729484871256,0.3416035922237607,0.1387867227966723,True,0.020000562950633266
T33,edge,off_reconfiguration,-1,True,2.1282540755858368e-06,0.0002860052513323108,0.5059908868551435,0.11937067356229993,True,0.020000758131382107
T33,edge,off_reconfiguration,-1,True,1.9178909082620304e-06,0.0009308634982888687,0.23607785288230468,0.1387867227966723,True,0.020000562950633266
T33,edge,off_reconfiguration,-1,True,1.948863485495556e-06,0.00036278750058806204,0.5059923281375069,0.12919427266166617,True,0.020000678263390248
T33,edge,off_reconfiguration,-1,True,1.3368185101580374e-06,0.0004805729484871256,0.3416035922237607,0.13878672278408952,True,0.020000563125188275
T33,edge,off_reconfiguration,-1,True,2.1282540755858368e-06,0.0002860052513323108,0.5059923281375069,0.11937067356229993,True,0.020000758131382107
T33,edge,off_reconfiguration,-1,True,1.2037012888432931e-06,0.0009308634982888687,0.23607785288230468,0.13878672278408952,True,0.020000563125188275
T33,edge,off_reconfiguration,-1,True,1.9186080216872803e-06,0.00040568355476233427,0.5131084294542717,0.08634379932032815,True,0.02000318965648981
T33,edge,off_reconfiguration,-1,True,2.137011372604174e-06,0.00016881849189991557,0.5667467866593577,0.08634379932032815,True,0.0200015968291552
T33,edge,off_reconfiguration,-1,True,1.9186080216872803e-06,0.00036350509643173605,0.557015635880871,0.08634379932032815,True,0.020002659254842903
T33,edge,off_reconfiguration,-1,True,1.9186080216872803e-06,0.0005463010628732172,0.45982281241614203,0.08634379932032815,True,0.020003496417717953
T33,edge,off_reconfiguration,-1,True,1.7252603952945086e-05,0.0035104666158484667,0.09282219830560504,0.09580202390300187,True,0.02000390784080891
T33,edge,off_reconfiguration,-1,True,1.7252603952945086e-05,0.0035104666158484667,0.09282219830560504,0.09698522382988331,True,0.020002508318357565
T33,edge,off_reconfiguration,-1,True,1.7252603952945086e-05,0.0035104666158484667,0.09282219830560504,0.10007208222683862,True,0.020004158524167093
T33,edge,off_reconfiguration,-1,True,1.7252603952945086e-05,0.0035104666158484667,0.09282219830560504,0.09916697783186179,True,0.020004053887389295
T33,edge,off_reconfiguration,-1,True,7.170460317443199e-07,0.00015533988589473013,0.49233613045735314,0.24379529408068312,True,0.019999775521013452
T33,edge,off_reconfiguration,-1,True,7.170460317443199e-07,0.0001177774478617065,0.49233613045735314,0.24379529408068312,True,0.01999976708598769
T33,edge,off_reconfiguration,-1,True,7.170460317443199e-07,0.00020235516113448405,0.49233613045735314,0.24379529408068312,True,0.019999785810551868
T33,edge,off_reconfiguration,-1,True,7.170460317443199e-07,0.00034984410451133896,0.34604658908036784,0.2141081772285721,True,0.01999987264439604
T33,edge,off_reconfiguration,-1,True,7.901688144830721e-07,0.0005431584204642452,0.49233057089419624,0.2437949993932968,True,0.019999775521013452
T33,edge,off_reconfiguration,-1,True,7.901688144830721e-07,0.0005431584204642452,0.49233057089419624,0.2437949993932968,True,0.019999767144551817
T33,edge,off_reconfiguration,-1,True,7.901688144830721e-07,0.0005431584204642452,0.49233057089419624,0.2437949993932968,True,0.019999785810551868
T33,edge,off_reconfiguration,-1,True,7.901688144830721e-07,0.0005431584204642452,0.34604658908036784,0.2141081772285721,True,0.01999987264439604
T33,edge,off_reconfiguration,-1,True,6.915176271898283e-07,3.6252720981712264e-05,0.7022627658103722,0.31038132282532305,True,0.019999556244456623
T33,edge,off_reconfiguration,-1,True,6.915176271898283e-07,3.6252720981712264e-05,0.690959103710595,0.3040037449632496,True,0.019999607413647813
T33,edge,off_reconfiguration,-1,True,6.915176271898283e-07,0.00025365412434119096,0.6846704816935981,0.3088263203493496,True,0.019999556244456623
T33,edge,off_reconfiguration,-1,True,6.945965919063765e-07,4.707383025272853e-05,0.670235250231358,0.2975466181634648,True,0.01999964519201977
