J_q,admitted,anisotropy_level,expanded_states,failure_reason,formulation,generated_candidates,selected_update,solve_time,solver_solved,strict_pass,surface_candidate_id,surface_id,window_id
0.29116935690982326,True,P_high,24,,F1,93,False,0.19343402236700058,True,True,fixed_surface,hemisphere,hemisphere_P_high_W00
,,P_high,0,surface_length,F2,0,False,,False,,0,hemisphere,hemisphere_P_high_W00
,,P_high,0,surface_length,F3,0,False,,False,,0,hemisphere,hemisphere_P_high_W00
0.2999708676326883,True,P_high,0,,F2,25,False,,True,True,1,hemisphere,hemisphere_P_high_W00
0.2999583171090159,True,P_high,24,,F3,70,False,0.07449900358915329,True,True,1,hemisphere,hemisphere_P_high_W00
,,P_high,0,surface_topology_or_turn,F2,0,False,,False,,2,hemisphere,hemisphere_P_high_W00
,,P_high,0,surface_topology_or_turn,F3,0,False,,False,,2,hemisphere,hemisphere_P_high_W00
0.302438933203395,True,P_high,0,,F2,25,False,,True,True,3,hemisphere,hemisphere_P_high_W00
0.3023838286731096,True,P_high,24,,F3,70,False,0.10071348678320646,True,True,3,hemisphere,hemisphere_P_high_W00
,,P_high,0,surface_topology_or_turn,F2,0,False,,False,,4,hemisphere,hemisphere_P_high_W00
,,P_high,0,surface_topology_or_turn,F3,0,False,,False,,4,hemisphere,hemisphere_P_high_W00
0.30561011760110257,True,P_high,0,,F2,25,False,,True,True,5,hemisphere,hemisphere_P_high_W00
0.3056610606513904,True,P_high,24,,F3,70,False,0.12049067486077547,True,True,5,hemisphere,hemisphere_P_high_W00
,,P_high,0,surface_length,F2,0,False,,False,,6,hemisphere,hemisphere_P_high_W00
,,P_high,0,surface_length,F3,0,False,,False,,6,hemisphere,hemisphere_P_high_W00
,,P_high,0,surface_length,F2,0,False,,False,,7,hemisphere,hemisphere_P_high_W00
,,P_high,0,surface_length,F3,0,False,,False,,7,hemisphere,hemisphere_P_high_W00
0.3208165193395581,True,P_high,0,,F2,25,False,,True,True,8,hemisphere,hemisphere_P_high_W00
0.3208442849749483,True,P_high,24,,F3,70,False,0.2945862440392375,True,True,8,hemisphere,hemisphere_P_high_W00
,,P_high,0,surface_topology_or_turn,F2,0,False,,False,,9,hemisphere,hemisphere_P_high_W00
,,P_high,0,surface_topology_or_turn,F3,0,False,,False,,9,hemisphere,hemisphere_P_high_W00
,,P_high,0,surface_topology_or_turn,F2,0,False,,False,,10,hemisphere,hemisphere_P_high_W00
,,P_high,0,surface_topology_or_turn,F3,0,False,,False,,10,hemisphere,hemisphere_P_high_W00
,,P_high,0,surface_length,F2,0,False,,False,,11,hemisphere,hemisphere_P_high_W00
,,P_high,0,surface_length,F3,0,False,,False,,11,hemisphere,hemisphere_P_high_W00
0.29863949812878676,True,P_high,0,,F2,25,False,,True,True,12,hemisphere,hemisphere_P_high_W00
0.29859897958324855,True,P_high,24,,F3,70,False,0.16294894367456436,True,True,12,hemisphere,hemisphere_P_high_W00
,,P_high,0,surface_topology_or_turn,F2,0,False,,False,,13,hemisphere,hemisphere_P_high_W00
,,P_high,0,surface_topology_or_turn,F3,0,False,,False,,13,hemisphere,hemisphere_P_high_W00
,,P_high,0,surface_length,F2,0,False,,False,,14,hemisphere,hemisphere_P_high_W00
,,P_high,0,surface_length,F3,0,False,,False,,14,hemisphere,hemisphere_P_high_W00
,,P_high,0,surface_length,F2,0,False,,False,,15,hemisphere,hemisphere_P_high_W00
,,P_high,0,surface_length,F3,0,False,,False,,15,hemisphere,hemisphere_P_high_W00
,,P_high,0,surface_topology_or_turn,F2,0,False,,False,,16,hemisphere,hemisphere_P_high_W00
,,P_high,0,surface_topology_or_turn,F3,0,False,,False,,16,hemisphere,hemisphere_P_high_W00
,,P_high,0,surface_length,F2,0,False,,False,,17,hemisphere,hemisphere_P_high_W00
,,P_high,0,surface_length,F3,0,False,,False,,17,hemisphere,hemisphere_P_high_W00
,,P_high,0,surface_length,F2,0,False,,False,,18,hemisphere,hemisphere_P_high_W00
,,P_high,0,surface_length,F3,0,False,,False,,18,hemisphere,hemisphere_P_high_W00
0.28659552740456473,True,P_high,0,,F2,25,True,,True,True,19,hemisphere,hemisphere_P_high_W00
0.2866840615954987,True,P_high,24,,F3,70,True,0.06959888618439436,True,True,19,hemisphere,hemisphere_P_high_W00
,,P_high,0,surface_topology_or_turn,F2,0,False,,False,,20,hemisphere,hemisphere_P_high_W00
,,P_high,0,surface_topology_or_turn,F3,0,False,,False,,20,hemisphere,hemisphere_P_high_W00
,,P_high,0,surface_length,F2,0,False,,False,,21,hemisphere,hemisphere_P_high_W00
,,P_high,0,surface_length,F3,0,False,,False,,21,hemisphere,hemisphere_P_high_W00
,,P_high,0,surface_length,F2,0,False,,False,,22,hemisphere,hemisphere_P_high_W00
,,P_high,0,surface_length,F3,0,False,,False,,22,hemisphere,hemisphere_P_high_W00
,,P_high,0,surface_topology_or_turn,F2,0,False,,False,,23,hemisphere,hemisphere_P_high_W00
,,P_high,0,surface_topology_or_turn,F3,0,False,,False,,23,hemisphere,hemisphere_P_high_W00
0.265902742375673,True,P_high,24,,F1,93,False,0.3022428769618273,True,True,fixed_surface,hemisphere,hemisphere_P_high_W01
,,P_high,0,surface_length,F2,0,False,,False,,0,hemisphere,hemisphere_P_high_W01
,,P_high,0,surface_length,F3,0,False,,False,,0,hemisphere,hemisphere_P_high_W01
,,P_high,0,surface_topology_or_turn,F2,0,False,,False,,1,hemisphere,hemisphere_P_high_W01
,,P_high,0,surface_topology_or_turn,F3,0,False,,False,,1,hemisphere,hemisphere_P_high_W01
,,P_high,0,surface_length,F2,0,False,,False,,2,hemisphere,hemisphere_P_high_W01
,,P_high,0,surface_length,F3,0,False,,False,,2,hemisphere,hemisphere_P_high_W01
0.26276553544839565,True,P_high,0,,F2,25,True,,True,True,3,hemisphere,hemisphere_P_high_W01
0.2628445125965479,True,P_high,24,,F3,70,True,0.18462816067039967,True,True,3,hemisphere,hemisphere_P_high_W01
0.26285736136482585,True,P_high,0,,F2,25,False,,True,True,4,hemisphere,hemisphere_P_high_W01
0.26284690199308214,True,P_high,24,,F3,70,False,0.07656790502369404,True,True,4,hemisphere,hemisphere_P_high_W01
,,P_high,0,surface_length,F2,0,False,,False,,5,hemisphere,hemisphere_P_high_W01
,,P_high,0,surface_length,F3,0,False,,False,,5,hemisphere,hemisphere_P_high_W01
0.2742481627071211,True,P_high,0,,F2,25,False,,True,True,6,hemisphere,hemisphere_P_high_W01
0.2742135646848871,True,P_high,24,,F3,70,False,0.10343610309064388,True,True,6,hemisphere,hemisphere_P_high_W01
,,P_high,0,surface_topology_or_turn,F2,0,False,,False,,7,hemisphere,hemisphere_P_high_W01
,,P_high,0,surface_topology_or_turn,F3,0,False,,False,,7,hemisphere,hemisphere_P_high_W01
,,P_high,0,surface_length,F2,0,False,,False,,8,hemisphere,hemisphere_P_high_W01
,,P_high,0,surface_length,F3,0,False,,False,,8,hemisphere,hemisphere_P_high_W01
0.27078606087915996,True,P_high,0,,F2,25,False,,True,True,9,hemisphere,hemisphere_P_high_W01
0.27079369725049,True,P_high,24,,F3,70,False,0.042055302299559116,True,True,9,hemisphere,hemisphere_P_high_W01
,,P_high,0,surface_length,F2,0,False,,False,,10,hemisphere,hemisphere_P_high_W01
,,P_high,0,surface_length,F3,0,False,,False,,10,hemisphere,hemisphere_P_high_W01
,,P_high,0,surface_topology_or_turn,F2,0,False,,False,,11,hemisphere,hemisphere_P_high_W01
,,P_high,0,surface_topology_or_turn,F3,0,False,,False,,11,hemisphere,hemisphere_P_high_W01
0.2665012619601652,True,P_high,0,,F2,25,False,,True,True,12,hemisphere,hemisphere_P_high_W01
0.2665297093731951,True,P_high,24,,F3,70,False,0.13220297638326883,True,True,12,hemisphere,hemisphere_P_high_W01
,,P_high,0,surface_topology_or_turn,F2,0,False,,False,,13,hemisphere,hemisphere_P_high_W01
,,P_high,0,surface_topology_or_turn,F3,0,False,,False,,13,hemisphere,hemisphere_P_high_W01
,,P_high,0,surface_length,F2,0,False,,False,,14,hemisphere,hemisphere_P_high_W01
,,P_high,0,surface_length,F3,0,False,,False,,14,hemisphere,hemisphere_P_high_W01
0.25968158928362617,True,P_high,0,,F2,25,True,,True,True,15,hemisphere,hemisphere_P_high_W01
0.2596366388212231,True,P_high,24,,F3,70,True,0.13898835610598326,True,True,15,hemisphere,hemisphere_P_high_W01
,,P_high,0,surface_length,F2,0,False,,False,,16,hemisphere,hemisphere_P_high_W01
,,P_high,0,surface_length,F3,0,False,,False,,16,hemisphere,hemisphere_P_high_W01
0.26808337806074023,True,P_high,0,,F2,25,False,,True,True,17,hemisphere,hemisphere_P_high_W01
0.2680438504016973,True,P_high,24,,F3,70,False,0.025937830097973347,True,True,17,hemisphere,hemisphere_P_high_W01
,,P_high,0,surface_length,F2,0,False,,False,,18,hemisphere,hemisphere_P_high_W01
,,P_high,0,surface_length,F3,0,False,,False,,18,hemisphere,hemisphere_P_high_W01
,,P_high,0,surface_topology_or_turn,F2,0,False,,False,,19,hemisphere,hemisphere_P_high_W01
,,P_high,0,surface_topology_or_turn,F3,0,False,,False,,19,hemisphere,hemisphere_P_high_W01
0.2623919628070079,True,P_high,0,,F2,25,False,,True,True,20,hemisphere,hemisphere_P_high_W01
0.26237994382350655,True,P_high,24,,F3,70,False,0.1299623241648078,True,True,20,hemisphere,hemisphere_P_high_W01
,,P_high,0,surface_length,F2,0,False,,False,,21,hemisphere,hemisphere_P_high_W01
,,P_high,0,surface_length,F3,0,False,,False,,21,hemisphere,hemisphere_P_high_W01
0.2767973699235423,True,P_high,0,,F2,25,False,,True,True,22,hemisphere,hemisphere_P_high_W01
0.2767266384421824,True,P_high,24,,F3,70,False,0.1093716686591506,True,True,22,hemisphere,hemisphere_P_high_W01
,,P_high,0,surface_topology_or_turn,F2,0,False,,False,,23,hemisphere,hemisphere_P_high_W01
,,P_high,0,surface_topology_or_turn,F3,0,False,,False,,23,hemisphere,hemisphere_P_high_W01
0.2728988483721846,True,P_high,24,,F1,93,False,0.10148990526795387,True,True,fixed_surface,hemisphere,hemisphere_P_high_W02
0.2750727123530534,True,P_high,0,,F2,25,False,,True,True,0,hemisphere,hemisphere_P_high_W02
0.2752211840408252,True,P_high,24,,F3,70,False,0.11040692776441574,True,True,0,hemisphere,hemisphere_P_high_W02
,,P_high,0,surface_length,F2,0,False,,False,,1,hemisphere,hemisphere_P_high_W02
,,P_high,0,surface_length,F3,0,False,,False,,1,hemisphere,hemisphere_P_high_W02
,,P_high,0,surface_length,F2,0,False,,False,,2,hemisphere,hemisphere_P_high_W02
,,P_high,0,surface_length,F3,0,False,,False,,2,hemisphere,hemisphere_P_high_W02
0.27459568102069704,True,P_high,0,,F2,25,False,,True,True,3,hemisphere,hemisphere_P_high_W02
0.2745751824612228,True,P_high,24,,F3,70,False,0.16643077787011862,True,True,3,hemisphere,hemisphere_P_high_W02
0.2739719074451459,True,P_high,0,,F2,25,False,,True,True,4,hemisphere,hemisphere_P_high_W02
0.2738247915407461,True,P_high,24,,F3,70,False,0.13537081331014633,True,True,4,hemisphere,hemisphere_P_high_W02
0.27617355227520335,True,P_high,0,,F2,25,False,,True,True,5,hemisphere,hemisphere_P_high_W02
0.2763991236944361,True,P_high,24,,F3,70,False,0.05883022118359804,True,True,5,hemisphere,hemisphere_P_high_W02
0.27421618908824985,True,P_high,0,,F2,25,False,,True,True,6,hemisphere,hemisphere_P_high_W02
0.2739798886350948,True,P_high,24,,F3,70,False,0.19087998569011688,True,True,6,hemisphere,hemisphere_P_high_W02
0.2758695752390582,True,P_high,0,,F2,25,False,,True,True,7,hemisphere,hemisphere_P_high_W02
0.2760722117898737,True,P_high,24,,F3,70,False,0.16233211290091276,True,True,7,hemisphere,hemisphere_P_high_W02
,,P_high,0,surface_length,F2,0,False,,False,,8,hemisphere,hemisphere_P_high_W02
,,P_high,0,surface_length,F3,0,False,,False,,8,hemisphere,hemisphere_P_high_W02
0.2719665408315646,True,P_high,0,,F2,25,True,,True,True,9,hemisphere,hemisphere_P_high_W02
0.2720159544410141,True,P_high,24,,F3,70,True,0.0977639015763998,True,True,9,hemisphere,hemisphere_P_high_W02
0.27672198512637036,True,P_high,0,,F2,25,False,,True,True,10,hemisphere,hemisphere_P_high_W02
0.27665693468514146,True,P_high,24,,F3,70,False,0.13589059002697468,True,True,10,hemisphere,hemisphere_P_high_W02
,,P_high,0,surface_length,F2,0,False,,False,,11,hemisphere,hemisphere_P_high_W02
,,P_high,0,surface_length,F3,0,False,,False,,11,hemisphere,hemisphere_P_high_W02
0.2809349217306353,True,P_high,0,,F2,25,False,,True,True,12,hemisphere,hemisphere_P_high_W02
0.28059879558288525,True,P_high,24,,F3,70,False,0.09771030023694038,True,True,12,hemisphere,hemisphere_P_high_W02
0.2710620999139982,True,P_high,0,,F2,25,True,,True,True,13,hemisphere,hemisphere_P_high_W02
0.27131301622221926,True,P_high,24,,F3,70,True,0.041573998518288136,True,True,13,hemisphere,hemisphere_P_high_W02
0.2728626662502841,True,P_high,0,,F2,25,False,,True,True,14,hemisphere,hemisphere_P_high_W02
0.27291797836961007,True,P_high,24,,F3,70,False,0.033582791686058044,True,True,14,hemisphere,hemisphere_P_high_W02
0.276038599737331,True,P_high,0,,F2,25,False,,True,True,15,hemisphere,hemisphere_P_high_W02
0.27618263059764026,True,P_high,24,,F3,70,False,0.02682757657021284,True,True,15,hemisphere,hemisphere_P_high_W02
0.2737333744984217,True,P_high,0,,F2,25,False,,True,True,16,hemisphere,hemisphere_P_high_W02
0.27373979429317863,True,P_high,24,,F3,70,False,0.027388278394937515,True,True,16,hemisphere,hemisphere_P_high_W02
,,P_high,0,surface_length,F2,0,False,,False,,17,hemisphere,hemisphere_P_high_W02
,,P_high,0,surface_length,F3,0,False,,False,,17,hemisphere,hemisphere_P_high_W02
0.27797158818929546,True,P_high,0,,F2,25,False,,True,True,18,hemisphere,hemisphere_P_high_W02
0.2778533632583961,True,P_high,24,,F3,70,False,0.025349976494908333,True,True,18,hemisphere,hemisphere_P_high_W02
0.27245705575117096,True,P_high,0,,F2,25,False,,True,True,19,hemisphere,hemisphere_P_high_W02
0.27283831301702477,True,P_high,24,,F3,70,False,0.036158512346446514,True,True,19,hemisphere,hemisphere_P_high_W02
0.2712493835845583,True,P_high,0,,F2,25,False,,True,True,20,hemisphere,hemisphere_P_high_W02
0.2714695766910881,True,P_high,24,,F3,70,False,0.026532094925642014,True,True,20,hemisphere,hemisphere_P_high_W02
0.2808397997230153,True,P_high,0,,F2,25,False,,True,True,21,hemisphere,hemisphere_P_high_W02
0.28063021845070213,True,P_high,24,,F3,70,False,0.15018253028392792,True,True,21,hemisphere,hemisphere_P_high_W02
,,P_high,0,surface_length,F2,0,False,,False,,22,hemisphere,hemisphere_P_high_W02
,,P_high,0,surface_length,F3,0,False,,False,,22,hemisphere,hemisphere_P_high_W02
0.27538604356726226,True,P_high,0,,F2,25,False,,True,True,23,hemisphere,hemisphere_P_high_W02
0.2756680174469248,True,P_high,24,,F3,70,False,0.02542188111692667,True,True,23,hemisphere,hemisphere_P_high_W02
0.5887069300569967,True,P_high,24,,F1,93,False,0.2313678814098239,True,True,fixed_surface,hemisphere,hemisphere_P_high_W03
,,P_high,0,surface_length,F2,0,False,,False,,0,hemisphere,hemisphere_P_high_W03
,,P_high,0,surface_length,F3,0,False,,False,,0,hemisphere,hemisphere_P_high_W03
0.5892880777714036,True,P_high,0,,F2,25,False,,True,True,1,hemisphere,hemisphere_P_high_W03
0.5892778431766044,True,P_high,24,,F3,70,False,0.07907956838607788,True,True,1,hemisphere,hemisphere_P_high_W03
,,P_high,0,surface_topology_or_turn,F2,0,False,,False,,2,hemisphere,hemisphere_P_high_W03
,,P_high,0,surface_topology_or_turn,F3,0,False,,False,,2,hemisphere,hemisphere_P_high_W03
0.5823799893037436,True,P_high,0,,F2,25,True,,True,True,3,hemisphere,hemisphere_P_high_W03
0.5823210227814776,True,P_high,24,,F3,70,True,0.08577676676213741,True,True,3,hemisphere,hemisphere_P_high_W03
,,P_high,0,surface_topology_or_turn,F2,0,False,,False,,4,hemisphere,hemisphere_P_high_W03
,,P_high,0,surface_topology_or_turn,F3,0,False,,False,,4,hemisphere,hemisphere_P_high_W03
0.6001587822922948,True,P_high,0,,F2,25,False,,True,True,5,hemisphere,hemisphere_P_high_W03
0.6002140517824641,True,P_high,24,,F3,70,False,0.11311503406614065,True,True,5,hemisphere,hemisphere_P_high_W03
,,P_high,0,surface_length,F2,0,False,,False,,6,hemisphere,hemisphere_P_high_W03
,,P_high,0,surface_length,F3,0,False,,False,,6,hemisphere,hemisphere_P_high_W03
,,P_high,0,surface_length,F2,0,False,,False,,7,hemisphere,hemisphere_P_high_W03
,,P_high,0,surface_length,F3,0,False,,False,,7,hemisphere,hemisphere_P_high_W03
0.578920364263662,True,P_high,0,,F2,25,True,,True,True,8,hemisphere,hemisphere_P_high_W03
0.5789364126453508,True,P_high,24,,F3,70,True,0.040506113320589066,True,True,8,hemisphere,hemisphere_P_high_W03
,,P_high,0,surface_topology_or_turn,F2,0,False,,False,,9,hemisphere,hemisphere_P_high_W03
,,P_high,0,surface_topology_or_turn,F3,0,False,,False,,9,hemisphere,hemisphere_P_high_W03
,,P_high,0,surface_topology_or_turn,F2,0,False,,False,,10,hemisphere,hemisphere_P_high_W03
,,P_high,0,surface_topology_or_turn,F3,0,False,,False,,10,hemisphere,hemisphere_P_high_W03
,,P_high,0,surface_length,F2,0,False,,False,,11,hemisphere,hemisphere_P_high_W03
,,P_high,0,surface_length,F3,0,False,,False,,11,hemisphere,hemisphere_P_high_W03
0.5788953736955498,True,P_high,0,,F2,25,True,,True,True,12,hemisphere,hemisphere_P_high_W03
0.5788498223773769,True,P_high,24,,F3,70,True,0.12594048958271742,True,True,12,hemisphere,hemisphere_P_high_W03
,,P_high,0,surface_topology_or_turn,F2,0,False,,False,,13,hemisphere,hemisphere_P_high_W03
,,P_high,0,surface_topology_or_turn,F3,0,False,,False,,13,hemisphere,hemisphere_P_high_W03
,,P_high,0,surface_length,F2,0,False,,False,,14,hemisphere,hemisphere_P_high_W03
,,P_high,0,surface_length,F3,0,False,,False,,14,hemisphere,hemisphere_P_high_W03
,,P_high,0,surface_topology_or_turn,F2,0,False,,False,,15,hemisphere,hemisphere_P_high_W03
,,P_high,0,surface_topology_or_turn,F3,0,False,,False,,15,hemisphere,hemisphere_P_high_W03
,,P_high,0,surface_topology_or_turn,F2,0,False,,False,,16,hemisphere,hemisphere_P_high_W03
,,P_high,0,surface_topology_or_turn,F3,0,False,,False,,16,hemisphere,hemisphere_P_high_W03
,,P_high,0,surface_length,F2,0,False,,False,,17,hemisphere,hemisphere_P_high_W03
,,P_high,0,surface_length,F3,0,False,,False,,17,hemisphere,hemisphere_P_high_W03
,,P_high,0,surface_length,F2,0,False,,False,,18,hemisphere,hemisphere_P_high_W03
,,P_high,0,surface_length,F3,0,False,,False,,18,hemisphere,hemisphere_P_high_W03
0.5711667355371141,True,P_high,0,,F2,25,True,,True,True,19,hemisphere,hemisphere_P_high_W03
0.5712562759176638,True,P_high,24,,F3,70,True,0.03905116394162178,True,True,19,hemisphere,hemisphere_P_high_W03
,,P_high,0,surface_topology_or_turn,F2,0,False,,False,,20,hemisphere,hemisphere_P_high_W03
,,P_high,0,surface_topology_or_turn,F3,0,False,,False,,20,hemisphere,hemisphere_P_high_W03
,,P_high,0,surface_length,F2,0,False,,False,,21,hemisphere,hemisphere_P_high_W03
,,P_high,0,surface_length,F3,0,False,,False,,21,hemisphere,hemisphere_P_high_W03
,,P_high,0,surface_length,F2,0,False,,False,,22,hemisphere,hemisphere_P_high_W03
,,P_high,0,surface_length,F3,0,False,,False,,22,hemisphere,hemisphere_P_high_W03
,,P_high,0,surface_topology_or_turn,F2,0,False,,False,,23,hemisphere,hemisphere_P_high_W03
,,P_high,0,surface_topology_or_turn,F3,0,False,,False,,23,hemisphere,hemisphere_P_high_W03
0.6025900820350198,True,P_high,26,,F1,101,False,0.3194576846435666,True,True,fixed_surface,hemisphere,hemisphere_P_high_W04
,,P_high,0,surface_topology_or_turn,F2,0,False,,False,,0,hemisphere,hemisphere_P_high_W04
,,P_high,0,surface_topology_or_turn,F3,0,False,,False,,0,hemisphere,hemisphere_P_high_W04
,,P_high,0,surface_topology_or_turn,F2,0,False,,False,,1,hemisphere,hemisphere_P_high_W04
,,P_high,0,surface_topology_or_turn,F3,0,False,,False,,1,hemisphere,hemisphere_P_high_W04
,,P_high,0,surface_topology_or_turn,F2,0,False,,False,,2,hemisphere,hemisphere_P_high_W04
,,P_high,0,surface_topology_or_turn,F3,0,False,,False,,2,hemisphere,hemisphere_P_high_W04
,,P_high,0,surface_topology_or_turn,F2,0,False,,False,,3,hemisphere,hemisphere_P_high_W04
,,P_high,0,surface_topology_or_turn,F3,0,False,,False,,3,hemisphere,hemisphere_P_high_W04
,,P_high,0,surface_topology_or_turn,F2,0,False,,False,,4,hemisphere,hemisphere_P_high_W04
,,P_high,0,surface_topology_or_turn,F3,0,False,,False,,4,hemisphere,hemisphere_P_high_W04
,,P_high,0,surface_topology_or_turn,F2,0,False,,False,,5,hemisphere,hemisphere_P_high_W04
,,P_high,0,surface_topology_or_turn,F3,0,False,,False,,5,hemisphere,hemisphere_P_high_W04
,,P_high,0,surface_topology_or_turn,F2,0,False,,False,,6,hemisphere,hemisphere_P_high_W04
,,P_high,0,surface_topology_or_turn,F3,0,False,,False,,6,hemisphere,hemisphere_P_high_W04
,,P_high,0,surface_topology_or_turn,F2,0,False,,False,,7,hemisphere,hemisphere_P_high_W04
,,P_high,0,surface_topology_or_turn,F3,0,False,,False,,7,hemisphere,hemisphere_P_high_W04
,,P_high,0,surface_topology_or_turn,F2,0,False,,False,,8,hemisphere,hemisphere_P_high_W04
,,P_high,0,surface_topology_or_turn,F3,0,False,,False,,8,hemisphere,hemisphere_P_high_W04
,,P_high,0,surface_topology_or_turn,F2,0,False,,False,,9,hemisphere,hemisphere_P_high_W04
,,P_high,0,surface_topology_or_turn,F3,0,False,,False,,9,hemisphere,hemisphere_P_high_W04
,,P_high,0,surface_topology_or_turn,F2,0,False,,False,,10,hemisphere,hemisphere_P_high_W04
,,P_high,0,surface_topology_or_turn,F3,0,False,,False,,10,hemisphere,hemisphere_P_high_W04
,,P_high,0,surface_topology_or_turn,F2,0,False,,False,,11,hemisphere,hemisphere_P_high_W04
,,P_high,0,surface_topology_or_turn,F3,0,False,,False,,11,hemisphere,hemisphere_P_high_W04
,,P_high,0,surface_topology_or_turn,F2,0,False,,False,,12,hemisphere,hemisphere_P_high_W04
,,P_high,0,surface_topology_or_turn,F3,0,False,,False,,12,hemisphere,hemisphere_P_high_W04
,,P_high,0,surface_topology_or_turn,F2,0,False,,False,,13,hemisphere,hemisphere_P_high_W04
,,P_high,0,surface_topology_or_turn,F3,0,False,,False,,13,hemisphere,hemisphere_P_high_W04
,,P_high,0,surface_topology_or_turn,F2,0,False,,False,,14,hemisphere,hemisphere_P_high_W04
,,P_high,0,surface_topology_or_turn,F3,0,False,,False,,14,hemisphere,hemisphere_P_high_W04
,,P_high,0,surface_topology_or_turn,F2,0,False,,False,,15,hemisphere,hemisphere_P_high_W04
,,P_high,0,surface_topology_or_turn,F3,0,False,,False,,15,hemisphere,hemisphere_P_high_W04
,,P_high,0,surface_topology_or_turn,F2,0,False,,False,,16,hemisphere,hemisphere_P_high_W04
,,P_high,0,surface_topology_or_turn,F3,0,False,,False,,16,hemisphere,hemisphere_P_high_W04
,,P_high,0,surface_topology_or_turn,F2,0,False,,False,,17,hemisphere,hemisphere_P_high_W04
,,P_high,0,surface_topology_or_turn,F3,0,False,,False,,17,hemisphere,hemisphere_P_high_W04
,,P_high,0,surface_topology_or_turn,F2,0,False,,False,,18,hemisphere,hemisphere_P_high_W04
,,P_high,0,surface_topology_or_turn,F3,0,False,,False,,18,hemisphere,hemisphere_P_high_W04
,,P_high,0,surface_topology_or_turn,F2,0,False,,False,,19,hemisphere,hemisphere_P_high_W04
,,P_high,0,surface_topology_or_turn,F3,0,False,,False,,19,hemisphere,hemisphere_P_high_W04
,,P_high,0,surface_topology_or_turn,F2,0,False,,False,,20,hemisphere,hemisphere_P_high_W04
,,P_high,0,surface_topology_or_turn,F3,0,False,,False,,20,hemisphere,hemisphere_P_high_W04
,,P_high,0,surface_topology_or_turn,F2,0,False,,False,,21,hemisphere,hemisphere_P_high_W04
,,P_high,0,surface_topology_or_turn,F3,0,False,,False,,21,hemisphere,hemisphere_P_high_W04
,,P_high,0,surface_topology_or_turn,F2,0,False,,False,,22,hemisphere,hemisphere_P_high_W04
,,P_high,0,surface_topology_or_turn,F3,0,False,,False,,22,hemisphere,hemisphere_P_high_W04
,,P_high,0,surface_topology_or_turn,F2,0,False,,False,,23,hemisphere,hemisphere_P_high_W04
,,P_high,0,surface_topology_or_turn,F3,0,False,,False,,23,hemisphere,hemisphere_P_high_W04
0.6074055984932829,True,P_high,25,,F1,97,False,0.0881830807775259,True,True,fixed_surface,hemisphere,hemisphere_P_high_W05
,,P_high,0,surface_topology_or_turn,F2,0,False,,False,,0,hemisphere,hemisphere_P_high_W05
,,P_high,0,surface_topology_or_turn,F3,0,False,,False,,0,hemisphere,hemisphere_P_high_W05
0.6024447446774471,True,P_high,0,,F2,26,True,,True,True,1,hemisphere,hemisphere_P_high_W05
0.6026491422179809,True,P_high,25,,F3,73,True,0.13110441900789738,True,True,1,hemisphere,hemisphere_P_high_W05
,,P_high,0,surface_topology_or_turn,F2,0,False,,False,,2,hemisphere,hemisphere_P_high_W05
,,P_high,0,surface_topology_or_turn,F3,0,False,,False,,2,hemisphere,hemisphere_P_high_W05
0.6064127673753356,True,P_high,0,,F2,26,False,,True,True,3,hemisphere,hemisphere_P_high_W05
0.6062713960259288,True,P_high,25,,F3,73,False,0.06099516339600086,True,True,3,hemisphere,hemisphere_P_high_W05
,,P_high,0,surface_topology_or_turn,F2,0,False,,False,,4,hemisphere,hemisphere_P_high_W05
,,P_high,0,surface_topology_or_turn,F3,0,False,,False,,4,hemisphere,hemisphere_P_high_W05
,,P_high,0,surface_topology_or_turn,F2,0,False,,False,,5,hemisphere,hemisphere_P_high_W05
,,P_high,0,surface_topology_or_turn,F3,0,False,,False,,5,hemisphere,hemisphere_P_high_W05
,,P_high,0,surface_topology_or_turn,F2,0,False,,False,,6,hemisphere,hemisphere_P_high_W05
,,P_high,0,surface_topology_or_turn,F3,0,False,,False,,6,hemisphere,hemisphere_P_high_W05
0.6042218050633191,True,P_high,0,,F2,26,False,,True,True,7,hemisphere,hemisphere_P_high_W05
0.6039811372461643,True,P_high,25,,F3,73,False,0.11603998579084873,True,True,7,hemisphere,hemisphere_P_high_W05
,,P_high,0,surface_topology_or_turn,F2,0,False,,False,,8,hemisphere,hemisphere_P_high_W05
,,P_high,0,surface_topology_or_turn,F3,0,False,,False,,8,hemisphere,hemisphere_P_high_W05
,,P_high,0,surface_topology_or_turn,F2,0,False,,False,,9,hemisphere,hemisphere_P_high_W05
,,P_high,0,surface_topology_or_turn,F3,0,False,,False,,9,hemisphere,hemisphere_P_high_W05
,,P_high,0,surface_topology_or_turn,F2,0,False,,False,,10,hemisphere,hemisphere_P_high_W05
,,P_high,0,surface_topology_or_turn,F3,0,False,,False,,10,hemisphere,hemisphere_P_high_W05
0.6101843072876644,True,P_high,0,,F2,26,False,,True,True,11,hemisphere,hemisphere_P_high_W05
0.610115975404902,True,P_high,25,,F3,73,False,0.04191945865750313,True,True,11,hemisphere,hemisphere_P_high_W05
,,P_high,0,surface_topology_or_turn,F2,0,False,,False,,12,hemisphere,hemisphere_P_high_W05
,,P_high,0,surface_topology_or_turn,F3,0,False,,False,,12,hemisphere,hemisphere_P_high_W05
,,P_high,0,surface_topology_or_turn,F2,0,False,,False,,13,hemisphere,hemisphere_P_high_W05
,,P_high,0,surface_topology_or_turn,F3,0,False,,False,,13,hemisphere,hemisphere_P_high_W05
,,P_high,0,surface_topology_or_turn,F2,0,False,,False,,14,hemisphere,hemisphere_P_high_W05
,,P_high,0,surface_topology_or_turn,F3,0,False,,False,,14,hemisphere,hemisphere_P_high_W05
0.6112915876132458,True,P_high,0,,F2,26,False,,True,True,15,hemisphere,hemisphere_P_high_W05
0.6113931222959448,True,P_high,25,,F3,73,False,0.032460722140967846,True,True,15,hemisphere,hemisphere_P_high_W05
,,P_high,0,surface_topology_or_turn,F2,0,False,,False,,16,hemisphere,hemisphere_P_high_W05
,,P_high,0,surface_topology_or_turn,F3,0,False,,False,,16,hemisphere,hemisphere_P_high_W05
,,P_high,0,surface_topology_or_turn,F2,0,False,,False,,17,hemisphere,hemisphere_P_high_W05
,,P_high,0,surface_topology_or_turn,F3,0,False,,False,,17,hemisphere,hemisphere_P_high_W05
,,P_high,0,surface_topology_or_turn,F2,0,False,,False,,18,hemisphere,hemisphere_P_high_W05
,,P_high,0,surface_topology_or_turn,F3,0,False,,False,,18,hemisphere,hemisphere_P_high_W05
0.6015687331748317,True,P_high,0,,F2,26,True,,True,True,19,hemisphere,hemisphere_P_high_W05
0.6018421722999436,True,P_high,25,,F3,73,True,0.059505559504032135,True,True,19,hemisphere,hemisphere_P_high_W05
,,P_high,0,surface_topology_or_turn,F2,0,False,,False,,20,hemisphere,hemisphere_P_high_W05
,,P_high,0,surface_topology_or_turn,F3,0,False,,False,,20,hemisphere,hemisphere_P_high_W05
,,P_high,0,surface_topology_or_turn,F2,0,False,,False,,21,hemisphere,hemisphere_P_high_W05
,,P_high,0,surface_topology_or_turn,F3,0,False,,False,,21,hemisphere,hemisphere_P_high_W05
,,P_high,0,surface_topology_or_turn,F2,0,False,,False,,22,hemisphere,hemisphere_P_high_W05
,,P_high,0,surface_topology_or_turn,F3,0,False,,False,,22,hemisphere,hemisphere_P_high_W05
0.6057850012284705,True,P_high,0,,F2,26,False,,True,True,23,hemisphere,hemisphere_P_high_W05
0.6054741826553054,True,P_high,25,,F3,73,False,0.08452878426760435,True,True,23,hemisphere,hemisphere_P_high_W05
0.593174070629981,True,P_high,25,,F1,97,False,0.16990114003419876,True,True,fixed_surface,hemisphere,hemisphere_P_high_W06
,,P_high,0,surface_topology_or_turn,F2,0,False,,False,,0,hemisphere,hemisphere_P_high_W06
,,P_high,0,surface_topology_or_turn,F3,0,False,,False,,0,hemisphere,hemisphere_P_high_W06
0.5896477606530712,True,P_high,0,,F2,26,True,,True,True,1,hemisphere,hemisphere_P_high_W06
0.5893597270288077,True,P_high,25,,F3,73,True,0.13172329310327768,True,True,1,hemisphere,hemisphere_P_high_W06
,,P_high,0,surface_length,F2,0,False,,False,,2,hemisphere,hemisphere_P_high_W06
,,P_high,0,surface_length,F3,0,False,,False,,2,hemisphere,hemisphere_P_high_W06
,,P_high,0,surface_length,F2,0,False,,False,,3,hemisphere,hemisphere_P_high_W06
,,P_high,0,surface_length,F3,0,False,,False,,3,hemisphere,hemisphere_P_high_W06
,,P_high,0,surface_topology_or_turn,F2,0,False,,False,,4,hemisphere,hemisphere_P_high_W06
,,P_high,0,surface_topology_or_turn,F3,0,False,,False,,4,hemisphere,hemisphere_P_high_W06
,,P_high,0,surface_topology_or_turn,F2,0,False,,False,,5,hemisphere,hemisphere_P_high_W06
,,P_high,0,surface_topology_or_turn,F3,0,False,,False,,5,hemisphere,hemisphere_P_high_W06
,,P_high,0,surface_length,F2,0,False,,False,,6,hemisphere,hemisphere_P_high_W06
,,P_high,0,surface_length,F3,0,False,,False,,6,hemisphere,hemisphere_P_high_W06
,,P_high,0,surface_length,F2,0,False,,False,,7,hemisphere,hemisphere_P_high_W06
,,P_high,0,surface_length,F3,0,False,,False,,7,hemisphere,hemisphere_P_high_W06
0.601455453489053,True,P_high,0,,F2,26,False,,True,True,8,hemisphere,hemisphere_P_high_W06
0.6016446680346286,True,P_high,25,,F3,73,False,0.11885060463100672,True,True,8,hemisphere,hemisphere_P_high_W06
,,P_high,0,surface_topology_or_turn,F2,0,False,,False,,9,hemisphere,hemisphere_P_high_W06
,,P_high,0,surface_topology_or_turn,F3,0,False,,False,,9,hemisphere,hemisphere_P_high_W06
,,P_high,0,surface_topology_or_turn,F2,0,False,,False,,10,hemisphere,hemisphere_P_high_W06
,,P_high,0,surface_topology_or_turn,F3,0,False,,False,,10,hemisphere,hemisphere_P_high_W06
0.5801957294280256,True,P_high,0,,F2,26,True,,True,True,11,hemisphere,hemisphere_P_high_W06
0.5801818162152431,True,P_high,25,,F3,73,True,0.07489579916000366,True,True,11,hemisphere,hemisphere_P_high_W06
,,P_high,0,surface_topology_or_turn,F2,0,False,,False,,12,hemisphere,hemisphere_P_high_W06
,,P_high,0,surface_topology_or_turn,F3,0,False,,False,,12,hemisphere,hemisphere_P_high_W06
,,P_high,0,surface_length,F2,0,False,,False,,13,hemisphere,hemisphere_P_high_W06
,,P_high,0,surface_length,F3,0,False,,False,,13,hemisphere,hemisphere_P_high_W06
,,P_high,0,surface_length,F2,0,False,,False,,14,hemisphere,hemisphere_P_high_W06
,,P_high,0,surface_length,F3,0,False,,False,,14,hemisphere,hemisphere_P_high_W06
,,P_high,0,surface_topology_or_turn,F2,0,False,,False,,15,hemisphere,hemisphere_P_high_W06
,,P_high,0,surface_topology_or_turn,F3,0,False,,False,,15,hemisphere,hemisphere_P_high_W06
,,P_high,0,surface_topology_or_turn,F2,0,False,,False,,16,hemisphere,hemisphere_P_high_W06
,,P_high,0,surface_topology_or_turn,F3,0,False,,False,,16,hemisphere,hemisphere_P_high_W06
,,P_high,0,surface_topology_or_turn,F2,0,False,,False,,17,hemisphere,hemisphere_P_high_W06
,,P_high,0,surface_topology_or_turn,F3,0,False,,False,,17,hemisphere,hemisphere_P_high_W06
0.595947712317268,True,P_high,0,,F2,26,False,,True,True,18,hemisphere,hemisphere_P_high_W06
0.5960716048042026,True,P_high,25,,F3,73,False,0.09369941335171461,True,True,18,hemisphere,hemisphere_P_high_W06
0.5894781518444228,True,P_high,0,,F2,26,False,,True,True,19,hemisphere,hemisphere_P_high_W06
0.589279505208844,True,P_high,25,,F3,73,False,0.16355961840599775,True,True,19,hemisphere,hemisphere_P_high_W06
,,P_high,0,surface_topology_or_turn,F2,0,False,,False,,20,hemisphere,hemisphere_P_high_W06
,,P_high,0,surface_topology_or_turn,F3,0,False,,False,,20,hemisphere,hemisphere_P_high_W06
,,P_high,0,surface_topology_or_turn,F2,0,False,,False,,21,hemisphere,hemisphere_P_high_W06
,,P_high,0,surface_topology_or_turn,F3,0,False,,False,,21,hemisphere,hemisphere_P_high_W06
0.6044948092777808,True,P_high,0,,F2,26,False,,True,True,22,hemisphere,hemisphere_P_high_W06
0.6041647497278356,True,P_high,25,,F3,73,False,0.07862300798296928,True,True,22,hemisphere,hemisphere_P_high_W06
,,P_high,0,surface_length,F2,0,False,,False,,23,hemisphere,hemisphere_P_high_W06
,,P_high,0,surface_length,F3,0,False,,False,,23,hemisphere,hemisphere_P_high_W06
0.6926804940237851,True,P_high,26,,F1,101,False,0.17521620634943247,True,True,fixed_surface,hemisphere,hemisphere_P_high_W07
,,P_high,0,surface_length,F2,0,False,,False,,0,hemisphere,hemisphere_P_high_W07
,,P_high,0,surface_length,F3,0,False,,False,,0,hemisphere,hemisphere_P_high_W07
,,P_high,0,surface_length,F2,0,False,,False,,1,hemisphere,hemisphere_P_high_W07
,,P_high,0,surface_length,F3,0,False,,False,,1,hemisphere,hemisphere_P_high_W07
,,P_high,0,surface_length,F2,0,False,,False,,2,hemisphere,hemisphere_P_high_W07
,,P_high,0,surface_length,F3,0,False,,False,,2,hemisphere,hemisphere_P_high_W07
0.6943058502775442,True,P_high,0,,F2,27,False,,True,True,3,hemisphere,hemisphere_P_high_W07
0.6945083364098225,True,P_high,26,,F3,76,False,0.1439470024779439,True,True,3,hemisphere,hemisphere_P_high_W07
,,P_high,0,surface_length,F2,0,False,,False,,4,hemisphere,hemisphere_P_high_W07
,,P_high,0,surface_length,F3,0,False,,False,,4,hemisphere,hemisphere_P_high_W07
,,P_high,0,surface_length,F2,0,False,,False,,5,hemisphere,hemisphere_P_high_W07
,,P_high,0,surface_length,F3,0,False,,False,,5,hemisphere,hemisphere_P_high_W07
,,P_high,0,surface_length,F2,0,False,,False,,6,hemisphere,hemisphere_P_high_W07
,,P_high,0,surface_length,F3,0,False,,False,,6,hemisphere,hemisphere_P_high_W07
,,P_high,0,surface_length,F2,0,False,,False,,7,hemisphere,hemisphere_P_high_W07
,,P_high,0,surface_length,F3,0,False,,False,,7,hemisphere,hemisphere_P_high_W07
,,P_high,0,surface_length,F2,0,False,,False,,8,hemisphere,hemisphere_P_high_W07
,,P_high,0,surface_length,F3,0,False,,False,,8,hemisphere,hemisphere_P_high_W07
,,P_high,0,surface_length,F2,0,False,,False,,9,hemisphere,hemisphere_P_high_W07
,,P_high,0,surface_length,F3,0,False,,False,,9,hemisphere,hemisphere_P_high_W07
,,P_high,0,surface_length,F2,0,False,,False,,10,hemisphere,hemisphere_P_high_W07
,,P_high,0,surface_length,F3,0,False,,False,,10,hemisphere,hemisphere_P_high_W07
0.6722574317233738,True,P_high,0,,F2,27,True,,True,True,11,hemisphere,hemisphere_P_high_W07
0.6724231067453137,True,P_high,26,,F3,76,True,0.0691216578707099,True,True,11,hemisphere,hemisphere_P_high_W07
,,P_high,0,surface_length,F2,0,False,,False,,12,hemisphere,hemisphere_P_high_W07
,,P_high,0,surface_length,F3,0,False,,False,,12,hemisphere,hemisphere_P_high_W07
,,P_high,0,surface_length,F2,0,False,,False,,13,hemisphere,hemisphere_P_high_W07
,,P_high,0,surface_length,F3,0,False,,False,,13,hemisphere,hemisphere_P_high_W07
0.7014002372610365,True,P_high,0,,F2,27,False,,True,True,14,hemisphere,hemisphere_P_high_W07
0.7012459108560227,True,P_high,26,,F3,76,False,0.11568461265414953,True,True,14,hemisphere,hemisphere_P_high_W07
0.680974938378608,True,P_high,0,,F2,27,False,,True,True,15,hemisphere,hemisphere_P_high_W07
0.6809782441955834,True,P_high,26,,F3,76,False,0.2682020692154765,True,True,15,hemisphere,hemisphere_P_high_W07
,,P_high,0,surface_length,F2,0,False,,False,,16,hemisphere,hemisphere_P_high_W07
,,P_high,0,surface_length,F3,0,False,,False,,16,hemisphere,hemisphere_P_high_W07
,,P_high,0,surface_length,F2,0,False,,False,,17,hemisphere,hemisphere_P_high_W07
,,P_high,0,surface_length,F3,0,False,,False,,17,hemisphere,hemisphere_P_high_W07
0.7105718774186831,True,P_high,0,,F2,27,False,,True,True,18,hemisphere,hemisphere_P_high_W07
0.7105708380713289,True,P_high,26,,F3,76,False,0.1638488294556737,True,True,18,hemisphere,hemisphere_P_high_W07
,,P_high,0,surface_length,F2,0,False,,False,,19,hemisphere,hemisphere_P_high_W07
,,P_high,0,surface_length,F3,0,False,,False,,19,hemisphere,hemisphere_P_high_W07
0.6850636254802634,True,P_high,0,,F2,27,False,,True,True,20,hemisphere,hemisphere_P_high_W07
0.6849253417773894,True,P_high,26,,F3,76,False,0.09551018197089434,True,True,20,hemisphere,hemisphere_P_high_W07
,,P_high,0,surface_length,F2,0,False,,False,,21,hemisphere,hemisphere_P_high_W07
,,P_high,0,surface_length,F3,0,False,,False,,21,hemisphere,hemisphere_P_high_W07
,,P_high,0,surface_length,F2,0,False,,False,,22,hemisphere,hemisphere_P_high_W07
,,P_high,0,surface_length,F3,0,False,,False,,22,hemisphere,hemisphere_P_high_W07
,,P_high,0,surface_length,F2,0,False,,False,,23,hemisphere,hemisphere_P_high_W07
,,P_high,0,surface_length,F3,0,False,,False,,23,hemisphere,hemisphere_P_high_W07
0.5206880771722411,True,P_high,26,,F1,101,False,0.2529152184724808,True,True,fixed_surface,hemisphere,hemisphere_P_high_W08
,,P_high,0,surface_topology_or_turn,F2,0,False,,False,,0,hemisphere,hemisphere_P_high_W08
,,P_high,0,surface_topology_or_turn,F3,0,False,,False,,0,hemisphere,hemisphere_P_high_W08
,,P_high,0,surface_topology_or_turn,F2,0,False,,False,,1,hemisphere,hemisphere_P_high_W08
,,P_high,0,surface_topology_or_turn,F3,0,False,,False,,1,hemisphere,hemisphere_P_high_W08
,,P_high,0,surface_length,F2,0,False,,False,,2,hemisphere,hemisphere_P_high_W08
,,P_high,0,surface_length,F3,0,False,,False,,2,hemisphere,hemisphere_P_high_W08
,,P_high,0,surface_topology_or_turn,F2,0,False,,False,,3,hemisphere,hemisphere_P_high_W08
,,P_high,0,surface_topology_or_turn,F3,0,False,,False,,3,hemisphere,hemisphere_P_high_W08
,,P_high,0,surface_topology_or_turn,F2,0,False,,False,,4,hemisphere,hemisphere_P_high_W08
,,P_high,0,surface_topology_or_turn,F3,0,False,,False,,4,hemisphere,hemisphere_P_high_W08
0.524839696394042,True,P_high,0,,F2,27,False,,True,True,5,hemisphere,hemisphere_P_high_W08
0.5253240571487946,True,P_high,26,,F3,76,False,0.05409582983702421,True,True,5,hemisphere,hemisphere_P_high_W08
0.515523625182143,True,P_high,0,,F2,27,True,,True,True,6,hemisphere,hemisphere_P_high_W08
0.5156419072540175,True,P_high,26,,F3,76,True,0.11816436052322388,True,True,6,hemisphere,hemisphere_P_high_W08
,,P_high,0,surface_topology_or_turn,F2,0,False,,False,,7,hemisphere,hemisphere_P_high_W08
,,P_high,0,surface_topology_or_turn,F3,0,False,,False,,7,hemisphere,hemisphere_P_high_W08
,,P_high,0,surface_topology_or_turn,F2,0,False,,False,,8,hemisphere,hemisphere_P_high_W08
,,P_high,0,surface_topology_or_turn,F3,0,False,,False,,8,hemisphere,hemisphere_P_high_W08
0.5282585391574492,True,P_high,0,,F2,27,False,,True,True,9,hemisphere,hemisphere_P_high_W08
0.5283887576876679,True,P_high,26,,F3,76,False,0.11008739843964577,True,True,9,hemisphere,hemisphere_P_high_W08
0.5335885971945487,True,P_high,0,,F2,27,False,,True,True,10,hemisphere,hemisphere_P_high_W08
0.5341089217357068,True,P_high,26,,F3,76,False,0.05937661696225405,True,True,10,hemisphere,hemisphere_P_high_W08
,,P_high,0,surface_topology_or_turn,F2,0,False,,False,,11,hemisphere,hemisphere_P_high_W08
,,P_high,0,surface_topology_or_turn,F3,0,False,,False,,11,hemisphere,hemisphere_P_high_W08
0.5293274898896128,True,P_high,0,,F2,27,False,,True,True,12,hemisphere,hemisphere_P_high_W08
0.5289256681225265,True,P_high,26,,F3,76,False,0.09272381477057934,True,True,12,hemisphere,hemisphere_P_high_W08
,,P_high,0,surface_length,F2,0,False,,False,,13,hemisphere,hemisphere_P_high_W08
,,P_high,0,surface_length,F3,0,False,,False,,13,hemisphere,hemisphere_P_high_W08
0.5230296130461202,True,P_high,0,,F2,27,False,,True,True,14,hemisphere,hemisphere_P_high_W08
0.5229667038068322,True,P_high,26,,F3,76,False,0.02744330558925867,True,True,14,hemisphere,hemisphere_P_high_W08
,,P_high,0,surface_topology_or_turn,F2,0,False,,False,,15,hemisphere,hemisphere_P_high_W08
,,P_high,0,surface_topology_or_turn,F3,0,False,,False,,15,hemisphere,hemisphere_P_high_W08
,,P_high,0,surface_topology_or_turn,F2,0,False,,False,,16,hemisphere,hemisphere_P_high_W08
,,P_high,0,surface_topology_or_turn,F3,0,False,,False,,16,hemisphere,hemisphere_P_high_W08
0.5185358024908241,True,P_high,0,,F2,27,False,,True,True,17,hemisphere,hemisphere_P_high_W08
0.518700788824706,True,P_high,26,,F3,76,False,0.07748038973659277,True,True,17,hemisphere,hemisphere_P_high_W08
0.5410216868773798,True,P_high,0,,F2,27,False,,True,True,18,hemisphere,hemisphere_P_high_W08
0.5408726077502296,True,P_high,26,,F3,76,False,0.09500996023416519,True,True,18,hemisphere,hemisphere_P_high_W08
,,P_high,0,surface_topology_or_turn,F2,0,False,,False,,19,hemisphere,hemisphere_P_high_W08
,,P_high,0,surface_topology_or_turn,F3,0,False,,False,,19,hemisphere,hemisphere_P_high_W08
,,P_high,0,surface_topology_or_turn,F2,0,False,,False,,20,hemisphere,hemisphere_P_high_W08
,,P_high,0,surface_topology_or_turn,F3,0,False,,False,,20,hemisphere,hemisphere_P_high_W08
,,P_high,0,surface_length,F2,0,False,,False,,21,hemisphere,hemisphere_P_high_W08
,,P_high,0,surface_length,F3,0,False,,False,,21,hemisphere,hemisphere_P_high_W08
,,P_high,0,surface_length,F2,0,False,,False,,22,hemisphere,hemisphere_P_high_W08
,,P_high,0,surface_length,F3,0,False,,False,,22,hemisphere,hemisphere_P_high_W08
,,P_high,0,surface_topology_or_turn,F2,0,False,,False,,23,hemisphere,hemisphere_P_high_W08
,,P_high,0,surface_topology_or_turn,F3,0,False,,False,,23,hemisphere,hemisphere_P_high_W08
0.4930397646360869,True,P_high,26,,F1,101,False,0.32914500031620264,True,True,fixed_surface,hemisphere,hemisphere_P_high_W09
,,P_high,0,surface_length,F2,0,False,,False,,0,hemisphere,hemisphere_P_high_W09
,,P_high,0,surface_length,F3,0,False,,False,,0,hemisphere,hemisphere_P_high_W09
,,P_high,0,surface_topology_or_turn,F2,0,False,,False,,1,hemisphere,hemisphere_P_high_W09
,,P_high,0,surface_topology_or_turn,F3,0,False,,False,,1,hemisphere,hemisphere_P_high_W09
,,P_high,0,surface_topology_or_turn,F2,0,False,,False,,2,hemisphere,hemisphere_P_high_W09
,,P_high,0,surface_topology_or_turn,F3,0,False,,False,,2,hemisphere,hemisphere_P_high_W09
0.4856461255616988,True,P_high,0,,F2,27,True,,True,True,3,hemisphere,hemisphere_P_high_W09
0.48569824919849097,True,P_high,26,,F3,76,True,0.16122373286634684,True,True,3,hemisphere,hemisphere_P_high_W09
0.5110475393391906,True,P_high,0,,F2,27,False,,True,True,4,hemisphere,hemisphere_P_high_W09
0.5114337271733116,True,P_high,26,,F3,76,False,0.13780262973159552,True,True,4,hemisphere,hemisphere_P_high_W09
,,P_high,0,surface_topology_or_turn,F2,0,False,,False,,5,hemisphere,hemisphere_P_high_W09
,,P_high,0,surface_topology_or_turn,F3,0,False,,False,,5,hemisphere,hemisphere_P_high_W09
,,P_high,0,surface_topology_or_turn,F2,0,False,,False,,6,hemisphere,hemisphere_P_high_W09
,,P_high,0,surface_topology_or_turn,F3,0,False,,False,,6,hemisphere,hemisphere_P_high_W09
,,P_high,0,surface_length,F2,0,False,,False,,7,hemisphere,hemisphere_P_high_W09
,,P_high,0,surface_length,F3,0,False,,False,,7,hemisphere,hemisphere_P_high_W09
,,P_high,0,surface_length,F2,0,False,,False,,8,hemisphere,hemisphere_P_high_W09
,,P_high,0,surface_length,F3,0,False,,False,,8,hemisphere,hemisphere_P_high_W09
,,P_high,0,surface_topology_or_turn,F2,0,False,,False,,9,hemisphere,hemisphere_P_high_W09
,,P_high,0,surface_topology_or_turn,F3,0,False,,False,,9,hemisphere,hemisphere_P_high_W09
,,P_high,0,surface_topology_or_turn,F2,0,False,,False,,10,hemisphere,hemisphere_P_high_W09
,,P_high,0,surface_topology_or_turn,F3,0,False,,False,,10,hemisphere,hemisphere_P_high_W09
,,P_high,0,surface_topology_or_turn,F2,0,False,,False,,11,hemisphere,hemisphere_P_high_W09
,,P_high,0,surface_topology_or_turn,F3,0,False,,False,,11,hemisphere,hemisphere_P_high_W09
,,P_high,0,surface_topology_or_turn,F2,0,False,,False,,12,hemisphere,hemisphere_P_high_W09
,,P_high,0,surface_topology_or_turn,F3,0,False,,False,,12,hemisphere,hemisphere_P_high_W09
,,P_high,0,surface_topology_or_turn,F2,0,False,,False,,13,hemisphere,hemisphere_P_high_W09
,,P_high,0,surface_topology_or_turn,F3,0,False,,False,,13,hemisphere,hemisphere_P_high_W09
,,P_high,0,surface_length,F2,0,False,,False,,14,hemisphere,hemisphere_P_high_W09
,,P_high,0,surface_length,F3,0,False,,False,,14,hemisphere,hemisphere_P_high_W09
0.4822284036719575,True,P_high,0,,F2,27,True,,True,True,15,hemisphere,hemisphere_P_high_W09
0.4821072274581339,True,P_high,26,,F3,76,True,0.10893080662935972,True,True,15,hemisphere,hemisphere_P_high_W09
,,P_high,0,surface_topology_or_turn,F2,0,False,,False,,16,hemisphere,hemisphere_P_high_W09
,,P_high,0,surface_topology_or_turn,F3,0,False,,False,,16,hemisphere,hemisphere_P_high_W09
,,P_high,0,surface_topology_or_turn,F2,0,False,,False,,17,hemisphere,hemisphere_P_high_W09
,,P_high,0,surface_topology_or_turn,F3,0,False,,False,,17,hemisphere,hemisphere_P_high_W09
0.500740051466156,True,P_high,0,,F2,27,False,,True,True,18,hemisphere,hemisphere_P_high_W09
0.5007649547354649,True,P_high,26,,F3,76,False,0.17216242384165525,True,True,18,hemisphere,hemisphere_P_high_W09
,,P_high,0,surface_length,F2,0,False,,False,,19,hemisphere,hemisphere_P_high_W09
,,P_high,0,surface_length,F3,0,False,,False,,19,hemisphere,hemisphere_P_high_W09
,,P_high,0,surface_topology_or_turn,F2,0,False,,False,,20,hemisphere,hemisphere_P_high_W09
,,P_high,0,surface_topology_or_turn,F3,0,False,,False,,20,hemisphere,hemisphere_P_high_W09
,,P_high,0,surface_topology_or_turn,F2,0,False,,False,,21,hemisphere,hemisphere_P_high_W09
,,P_high,0,surface_topology_or_turn,F3,0,False,,False,,21,hemisphere,hemisphere_P_high_W09
0.49400852433726705,True,P_high,0,,F2,27,False,,True,True,22,hemisphere,hemisphere_P_high_W09
0.4946872746401947,True,P_high,26,,F3,76,False,0.13956706132739782,True,True,22,hemisphere,hemisphere_P_high_W09
,,P_high,0,surface_topology_or_turn,F2,0,False,,False,,23,hemisphere,hemisphere_P_high_W09
,,P_high,0,surface_topology_or_turn,F3,0,False,,False,,23,hemisphere,hemisphere_P_high_W09
0.25783405623695943,True,P_low,24,,F1,93,False,0.23706830758601427,True,True,fixed_surface,hemisphere,hemisphere_P_low_W00
,,P_low,0,surface_length,F2,0,False,,False,,0,hemisphere,hemisphere_P_low_W00
,,P_low,0,surface_length,F3,0,False,,False,,0,hemisphere,hemisphere_P_low_W00
0.261536546478305,True,P_low,0,,F2,25,False,,True,True,1,hemisphere,hemisphere_P_low_W00
0.2615310693605849,True,P_low,24,,F3,70,False,0.0736812436953187,True,True,1,hemisphere,hemisphere_P_low_W00
0.26198356289377817,True,P_low,0,,F2,25,False,,True,True,2,hemisphere,hemisphere_P_low_W00
0.26207000442588246,True,P_low,24,,F3,70,False,0.06915844324976206,True,True,2,hemisphere,hemisphere_P_low_W00
0.2623375046334008,True,P_low,0,,F2,25,False,,True,True,3,hemisphere,hemisphere_P_low_W00
0.26234003369026065,True,P_low,24,,F3,70,False,0.08375224284827709,True,True,3,hemisphere,hemisphere_P_low_W00
,,P_low,0,surface_topology_or_turn,F2,0,False,,False,,4,hemisphere,hemisphere_P_low_W00
,,P_low,0,surface_topology_or_turn,F3,0,False,,False,,4,hemisphere,hemisphere_P_low_W00
0.2666000443887243,True,P_low,0,,F2,25,False,,True,True,5,hemisphere,hemisphere_P_low_W00
0.26663233810521264,True,P_low,24,,F3,70,False,0.17551794834434986,True,True,5,hemisphere,hemisphere_P_low_W00
,,P_low,0,surface_length,F2,0,False,,False,,6,hemisphere,hemisphere_P_low_W00
,,P_low,0,surface_length,F3,0,False,,False,,6,hemisphere,hemisphere_P_low_W00
,,P_low,0,surface_length,F2,0,False,,False,,7,hemisphere,hemisphere_P_low_W00
,,P_low,0,surface_length,F3,0,False,,False,,7,hemisphere,hemisphere_P_low_W00
0.26094674743081936,True,P_low,0,,F2,25,False,,True,True,8,hemisphere,hemisphere_P_low_W00
0.2609625453806914,True,P_low,24,,F3,70,False,0.025373583659529686,True,True,8,hemisphere,hemisphere_P_low_W00
,,P_low,0,surface_topology_or_turn,F2,0,False,,False,,9,hemisphere,hemisphere_P_low_W00
,,P_low,0,surface_topology_or_turn,F3,0,False,,False,,9,hemisphere,hemisphere_P_low_W00
,,P_low,0,surface_topology_or_turn,F2,0,False,,False,,10,hemisphere,hemisphere_P_low_W00
,,P_low,0,surface_topology_or_turn,F3,0,False,,False,,10,hemisphere,hemisphere_P_low_W00
,,P_low,0,surface_length,F2,0,False,,False,,11,hemisphere,hemisphere_P_low_W00
,,P_low,0,surface_length,F3,0,False,,False,,11,hemisphere,hemisphere_P_low_W00
0.25540494753493675,True,P_low,0,,F2,25,True,,True,True,12,hemisphere,hemisphere_P_low_W00
0.255395308110672,True,P_low,24,,F3,70,True,0.0614487249404192,True,True,12,hemisphere,hemisphere_P_low_W00
,,P_low,0,surface_topology_or_turn,F2,0,False,,False,,13,hemisphere,hemisphere_P_low_W00
,,P_low,0,surface_topology_or_turn,F3,0,False,,False,,13,hemisphere,hemisphere_P_low_W00
,,P_low,0,surface_length,F2,0,False,,False,,14,hemisphere,hemisphere_P_low_W00
,,P_low,0,surface_length,F3,0,False,,False,,14,hemisphere,hemisphere_P_low_W00
,,P_low,0,surface_length,F2,0,False,,False,,15,hemisphere,hemisphere_P_low_W00
,,P_low,0,surface_length,F3,0,False,,False,,15,hemisphere,hemisphere_P_low_W00
,,P_low,0,surface_topology_or_turn,F2,0,False,,False,,16,hemisphere,hemisphere_P_low_W00
,,P_low,0,surface_topology_or_turn,F3,0,False,,False,,16,hemisphere,hemisphere_P_low_W00
,,P_low,0,surface_length,F2,0,False,,False,,17,hemisphere,hemisphere_P_low_W00
,,P_low,0,surface_length,F3,0,False,,False,,17,hemisphere,hemisphere_P_low_W00
,,P_low,0,surface_length,F2,0,False,,False,,18,hemisphere,hemisphere_P_low_W00
,,P_low,0,surface_length,F3,0,False,,False,,18,hemisphere,hemisphere_P_low_W00
0.254774939678287,True,P_low,0,,F2,25,True,,True,True,19,hemisphere,hemisphere_P_low_W00
0.25483674413087964,True,P_low,24,,F3,70,True,0.14367029257118702,True,True,19,hemisphere,hemisphere_P_low_W00
,,P_low,0,surface_topology_or_turn,F2,0,False,,False,,20,hemisphere,hemisphere_P_low_W00
,,P_low,0,surface_topology_or_turn,F3,0,False,,False,,20,hemisphere,hemisphere_P_low_W00
,,P_low,0,surface_length,F2,0,False,,False,,21,hemisphere,hemisphere_P_low_W00
,,P_low,0,surface_length,F3,0,False,,False,,21,hemisphere,hemisphere_P_low_W00
,,P_low,0,surface_length,F2,0,False,,False,,22,hemisphere,hemisphere_P_low_W00
,,P_low,0,surface_length,F3,0,False,,False,,22,hemisphere,hemisphere_P_low_W00
,,P_low,0,surface_topology_or_turn,F2,0,False,,False,,23,hemisphere,hemisphere_P_low_W00
,,P_low,0,surface_topology_or_turn,F3,0,False,,False,,23,hemisphere,hemisphere_P_low_W00
0.3030562795343059,True,P_low,24,,F1,93,False,0.16405844874680042,True,True,fixed_surface,hemisphere,hemisphere_P_low_W01
,,P_low,0,surface_length,F2,0,False,,False,,0,hemisphere,hemisphere_P_low_W01
,,P_low,0,surface_length,F3,0,False,,False,,0,hemisphere,hemisphere_P_low_W01
,,P_low,0,surface_topology_or_turn,F2,0,False,,False,,1,hemisphere,hemisphere_P_low_W01
,,P_low,0,surface_topology_or_turn,F3,0,False,,False,,1,hemisphere,hemisphere_P_low_W01
,,P_low,0,surface_length,F2,0,False,,False,,2,hemisphere,hemisphere_P_low_W01
,,P_low,0,surface_length,F3,0,False,,False,,2,hemisphere,hemisphere_P_low_W01
0.30206318270058086,True,P_low,0,,F2,25,True,,True,True,3,hemisphere,hemisphere_P_low_W01
0.3021490449246039,True,P_low,24,,F3,70,True,0.18329466227442026,True,True,3,hemisphere,hemisphere_P_low_W01
0.29766147036443363,True,P_low,0,,F2,25,True,,True,True,4,hemisphere,hemisphere_P_low_W01
0.29764895486134224,True,P_low,24,,F3,70,True,0.06342840753495693,True,True,4,hemisphere,hemisphere_P_low_W01
,,P_low,0,surface_length,F2,0,False,,False,,5,hemisphere,hemisphere_P_low_W01
,,P_low,0,surface_length,F3,0,False,,False,,5,hemisphere,hemisphere_P_low_W01
0.30961347323058763,True,P_low,0,,F2,25,False,,True,True,6,hemisphere,hemisphere_P_low_W01
0.3095705144328952,True,P_low,24,,F3,70,False,0.14537561032921076,True,True,6,hemisphere,hemisphere_P_low_W01
,,P_low,0,surface_topology_or_turn,F2,0,False,,False,,7,hemisphere,hemisphere_P_low_W01
,,P_low,0,surface_topology_or_turn,F3,0,False,,False,,7,hemisphere,hemisphere_P_low_W01
,,P_low,0,surface_length,F2,0,False,,False,,8,hemisphere,hemisphere_P_low_W01
,,P_low,0,surface_length,F3,0,False,,False,,8,hemisphere,hemisphere_P_low_W01
0.3090367677833681,True,P_low,0,,F2,25,False,,True,True,9,hemisphere,hemisphere_P_low_W01
0.30904565027280884,True,P_low,24,,F3,70,False,0.1962667526677251,True,True,9,hemisphere,hemisphere_P_low_W01
,,P_low,0,surface_length,F2,0,False,,False,,10,hemisphere,hemisphere_P_low_W01
,,P_low,0,surface_length,F3,0,False,,False,,10,hemisphere,hemisphere_P_low_W01
,,P_low,0,surface_topology_or_turn,F2,0,False,,False,,11,hemisphere,hemisphere_P_low_W01
,,P_low,0,surface_topology_or_turn,F3,0,False,,False,,11,hemisphere,hemisphere_P_low_W01
0.30268161133125226,True,P_low,0,,F2,25,False,,True,True,12,hemisphere,hemisphere_P_low_W01
0.3027137526334712,True,P_low,24,,F3,70,False,0.1717723272740841,True,True,12,hemisphere,hemisphere_P_low_W01
,,P_low,0,surface_topology_or_turn,F2,0,False,,False,,13,hemisphere,hemisphere_P_low_W01
,,P_low,0,surface_topology_or_turn,F3,0,False,,False,,13,hemisphere,hemisphere_P_low_W01
,,P_low,0,surface_length,F2,0,False,,False,,14,hemisphere,hemisphere_P_low_W01
,,P_low,0,surface_length,F3,0,False,,False,,14,hemisphere,hemisphere_P_low_W01
0.2975442316375615,True,P_low,0,,F2,25,True,,True,True,15,hemisphere,hemisphere_P_low_W01
0.29748702192189946,True,P_low,24,,F3,70,True,0.11369587853550911,True,True,15,hemisphere,hemisphere_P_low_W01
,,P_low,0,surface_length,F2,0,False,,False,,16,hemisphere,hemisphere_P_low_W01
,,P_low,0,surface_length,F3,0,False,,False,,16,hemisphere,hemisphere_P_low_W01
0.3058599543065792,True,P_low,0,,F2,25,False,,True,True,17,hemisphere,hemisphere_P_low_W01
0.30581038369241353,True,P_low,24,,F3,70,False,0.02523637842386961,True,True,17,hemisphere,hemisphere_P_low_W01
,,P_low,0,surface_length,F2,0,False,,False,,18,hemisphere,hemisphere_P_low_W01
,,P_low,0,surface_length,F3,0,False,,False,,18,hemisphere,hemisphere_P_low_W01
,,P_low,0,surface_topology_or_turn,F2,0,False,,False,,19,hemisphere,hemisphere_P_low_W01
,,P_low,0,surface_topology_or_turn,F3,0,False,,False,,19,hemisphere,hemisphere_P_low_W01
0.2990394180716094,True,P_low,0,,F2,25,False,,True,True,20,hemisphere,hemisphere_P_low_W01
0.29902508761892327,True,P_low,24,,F3,70,False,0.09049655497074127,True,True,20,hemisphere,hemisphere_P_low_W01
,,P_low,0,surface_length,F2,0,False,,False,,21,hemisphere,hemisphere_P_low_W01
,,P_low,0,surface_length,F3,0,False,,False,,21,hemisphere,hemisphere_P_low_W01
0.3102529556619178,True,P_low,0,,F2,25,False,,True,True,22,hemisphere,hemisphere_P_low_W01
0.3101513744273022,True,P_low,24,,F3,70,False,0.0326379993930459,True,True,22,hemisphere,hemisphere_P_low_W01
,,P_low,0,surface_topology_or_turn,F2,0,False,,False,,23,hemisphere,hemisphere_P_low_W01
,,P_low,0,surface_topology_or_turn,F3,0,False,,False,,23,hemisphere,hemisphere_P_low_W01
0.32293157490056557,True,P_low,24,,F1,93,False,0.2611135970801115,True,True,fixed_surface,hemisphere,hemisphere_P_low_W02
0.3250568767476624,True,P_low,0,,F2,25,False,,True,True,0,hemisphere,hemisphere_P_low_W02
0.3251834317935738,True,P_low,24,,F3,70,False,0.025560959242284298,True,True,0,hemisphere,hemisphere_P_low_W02
,,P_low,0,surface_length,F2,0,False,,False,,1,hemisphere,hemisphere_P_low_W02
,,P_low,0,surface_length,F3,0,False,,False,,1,hemisphere,hemisphere_P_low_W02
,,P_low,0,surface_length,F2,0,False,,False,,2,hemisphere,hemisphere_P_low_W02
,,P_low,0,surface_length,F3,0,False,,False,,2,hemisphere,hemisphere_P_low_W02
0.3250131996367655,True,P_low,0,,F2,25,False,,True,True,3,hemisphere,hemisphere_P_low_W02
0.32499563414839355,True,P_low,24,,F3,70,False,0.05682763084769249,True,True,3,hemisphere,hemisphere_P_low_W02
0.3240971553505736,True,P_low,0,,F2,25,False,,True,True,4,hemisphere,hemisphere_P_low_W02
0.3239703603962813,True,P_low,24,,F3,70,False,0.0561088640242815,True,True,4,hemisphere,hemisphere_P_low_W02
0.3257017513128334,True,P_low,0,,F2,25,False,,True,True,5,hemisphere,hemisphere_P_low_W02
0.32589298785105614,True,P_low,24,,F3,70,False,0.09806781634688377,True,True,5,hemisphere,hemisphere_P_low_W02
0.32437251239578235,True,P_low,0,,F2,25,False,,True,True,6,hemisphere,hemisphere_P_low_W02
0.32416908656113574,True,P_low,24,,F3,70,False,0.07767274510115385,True,True,6,hemisphere,hemisphere_P_low_W02
0.32599776875709574,True,P_low,0,,F2,25,False,,True,True,7,hemisphere,hemisphere_P_low_W02
0.3261704530273757,True,P_low,24,,F3,70,False,0.13141186628490686,True,True,7,hemisphere,hemisphere_P_low_W02
,,P_low,0,surface_length,F2,0,False,,False,,8,hemisphere,hemisphere_P_low_W02
,,P_low,0,surface_length,F3,0,False,,False,,8,hemisphere,hemisphere_P_low_W02
0.3222377772846621,True,P_low,0,,F2,25,True,,True,True,9,hemisphere,hemisphere_P_low_W02
0.32227997198049396,True,P_low,24,,F3,70,True,0.07820424437522888,True,True,9,hemisphere,hemisphere_P_low_W02
0.3260690515573875,True,P_low,0,,F2,25,False,,True,True,10,hemisphere,hemisphere_P_low_W02
0.32601279163785846,True,P_low,24,,F3,70,False,0.09503778256475925,True,True,10,hemisphere,hemisphere_P_low_W02
,,P_low,0,surface_length,F2,0,False,,False,,11,hemisphere,hemisphere_P_low_W02
,,P_low,0,surface_length,F3,0,False,,False,,11,hemisphere,hemisphere_P_low_W02
0.32841057267663454,True,P_low,0,,F2,25,False,,True,True,12,hemisphere,hemisphere_P_low_W02
0.32811991971089327,True,P_low,24,,F3,70,False,0.10207715444266796,True,True,12,hemisphere,hemisphere_P_low_W02
0.3215924157969966,True,P_low,0,,F2,25,True,,True,True,13,hemisphere,hemisphere_P_low_W02
0.3218059498652187,True,P_low,24,,F3,70,True,0.035590785555541515,True,True,13,hemisphere,hemisphere_P_low_W02
0.32349070022189896,True,P_low,0,,F2,25,False,,True,True,14,hemisphere,hemisphere_P_low_W02
0.32353802845309565,True,P_low,24,,F3,70,False,0.2207398023456335,True,True,14,hemisphere,hemisphere_P_low_W02
0.3254833497234765,True,P_low,0,,F2,25,False,,True,True,15,hemisphere,hemisphere_P_low_W02
0.32560590204000206,True,P_low,24,,F3,70,False,0.0252190250903368,True,True,15,hemisphere,hemisphere_P_low_W02
0.3239222894226819,True,P_low,0,,F2,25,False,,True,True,16,hemisphere,hemisphere_P_low_W02
0.32392772204520826,True,P_low,24,,F3,70,False,0.13656957354396582,True,True,16,hemisphere,hemisphere_P_low_W02
,,P_low,0,surface_length,F2,0,False,,False,,17,hemisphere,hemisphere_P_low_W02
,,P_low,0,surface_length,F3,0,False,,False,,17,hemisphere,hemisphere_P_low_W02
0.3273167085428741,True,P_low,0,,F2,25,False,,True,True,18,hemisphere,hemisphere_P_low_W02
0.3272145377655761,True,P_low,24,,F3,70,False,0.05425621476024389,True,True,18,hemisphere,hemisphere_P_low_W02
0.3231450607715578,True,P_low,0,,F2,25,False,,True,True,19,hemisphere,hemisphere_P_low_W02
0.3234688588973068,True,P_low,24,,F3,70,False,0.03386806510388851,True,True,19,hemisphere,hemisphere_P_low_W02
0.3217075712809181,True,P_low,0,,F2,25,False,,True,True,20,hemisphere,hemisphere_P_low_W02
0.32189512669464404,True,P_low,24,,F3,70,False,0.029705321416258812,True,True,20,hemisphere,hemisphere_P_low_W02
0.32890693793544906,True,P_low,0,,F2,25,False,,True,True,21,hemisphere,hemisphere_P_low_W02
0.3287263734925771,True,P_low,24,,F3,70,False,0.031408676877617836,True,True,21,hemisphere,hemisphere_P_low_W02
,,P_low,0,surface_length,F2,0,False,,False,,22,hemisphere,hemisphere_P_low_W02
,,P_low,0,surface_length,F3,0,False,,False,,22,hemisphere,hemisphere_P_low_W02
0.326122324864559,True,P_low,0,,F2,25,False,,True,True,23,hemisphere,hemisphere_P_low_W02
0.3263624567347026,True,P_low,24,,F3,70,False,0.05922937951982021,True,True,23,hemisphere,hemisphere_P_low_W02
0.4948402952914511,True,P_low,24,,F1,93,False,0.1843269867822528,True,True,fixed_surface,hemisphere,hemisphere_P_low_W03
,,P_low,0,surface_topology_or_turn,F2,0,False,,False,,0,hemisphere,hemisphere_P_low_W03
,,P_low,0,surface_topology_or_turn,F3,0,False,,False,,0,hemisphere,hemisphere_P_low_W03
,,P_low,0,surface_topology_or_turn,F2,0,False,,False,,1,hemisphere,hemisphere_P_low_W03
,,P_low,0,surface_topology_or_turn,F3,0,False,,False,,1,hemisphere,hemisphere_P_low_W03
,,P_low,0,surface_topology_or_turn,F2,0,False,,False,,2,hemisphere,hemisphere_P_low_W03
,,P_low,0,surface_topology_or_turn,F3,0,False,,False,,2,hemisphere,hemisphere_P_low_W03
,,P_low,0,surface_topology_or_turn,F2,0,False,,False,,3,hemisphere,hemisphere_P_low_W03
,,P_low,0,surface_topology_or_turn,F3,0,False,,False,,3,hemisphere,hemisphere_P_low_W03
,,P_low,0,surface_topology_or_turn,F2,0,False,,False,,4,hemisphere,hemisphere_P_low_W03
,,P_low,0,surface_topology_or_turn,F3,0,False,,False,,4,hemisphere,hemisphere_P_low_W03
,,P_low,0,surface_topology_or_turn,F2,0,False,,False,,5,hemisphere,hemisphere_P_low_W03
,,P_low,0,surface_topology_or_turn,F3,0,False,,False,,5,hemisphere,hemisphere_P_low_W03
,,P_low,0,surface_topology_or_turn,F2,0,False,,False,,6,hemisphere,hemisphere_P_low_W03
,,P_low,0,surface_topology_or_turn,F3,0,False,,False,,6,hemisphere,hemisphere_P_low_W03
,,P_low,0,surface_topology_or_turn,F2,0,False,,False,,7,hemisphere,hemisphere_P_low_W03
,,P_low,0,surface_topology_or_turn,F3,0,False,,False,,7,hemisphere,hemisphere_P_low_W03
,,P_low,0,surface_topology_or_turn,F2,0,False,,False,,8,hemisphere,hemisphere_P_low_W03
,,P_low,0,surface_topology_or_turn,F3,0,False,,False,,8,hemisphere,hemisphere_P_low_W03
,,P_low,0,surface_topology_or_turn,F2,0,False,,False,,9,hemisphere,hemisphere_P_low_W03
,,P_low,0,surface_topology_or_turn,F3,0,False,,False,,9,hemisphere,hemisphere_P_low_W03
,,P_low,0,surface_topology_or_turn,F2,0,False,,False,,10,hemisphere,hemisphere_P_low_W03
,,P_low,0,surface_topology_or_turn,F3,0,False,,False,,10,hemisphere,hemisphere_P_low_W03
,,P_low,0,surface_topology_or_turn,F2,0,False,,False,,11,hemisphere,hemisphere_P_low_W03
,,P_low,0,surface_topology_or_turn,F3,0,False,,False,,11,hemisphere,hemisphere_P_low_W03
,,P_low,0,surface_topology_or_turn,F2,0,False,,False,,12,hemisphere,hemisphere_P_low_W03
,,P_low,0,surface_topology_or_turn,F3,0,False,,False,,12,hemisphere,hemisphere_P_low_W03
,,P_low,0,surface_topology_or_turn,F2,0,False,,False,,13,hemisphere,hemisphere_P_low_W03
,,P_low,0,surface_topology_or_turn,F3,0,False,,False,,13,hemisphere,hemisphere_P_low_W03
,,P_low,0,surface_topology_or_turn,F2,0,False,,False,,14,hemisphere,hemisphere_P_low_W03
,,P_low,0,surface_topology_or_turn,F3,0,False,,False,,14,hemisphere,hemisphere_P_low_W03
,,P_low,0,surface_topology_or_turn,F2,0,False,,False,,15,hemisphere,hemisphere_P_low_W03
,,P_low,0,surface_topology_or_turn,F3,0,False,,False,,15,hemisphere,hemisphere_P_low_W03
,,P_low,0,surface_topology_or_turn,F2,0,False,,False,,16,hemisphere,hemisphere_P_low_W03
,,P_low,0,surface_topology_or_turn,F3,0,False,,False,,16,hemisphere,hemisphere_P_low_W03
,,P_low,0,surface_topology_or_turn,F2,0,False,,False,,17,hemisphere,hemisphere_P_low_W03
,,P_low,0,surface_topology_or_turn,F3,0,False,,False,,17,hemisphere,hemisphere_P_low_W03
,,P_low,0,surface_topology_or_turn,F2,0,False,,False,,18,hemisphere,hemisphere_P_low_W03
,,P_low,0,surface_topology_or_turn,F3,0,False,,False,,18,hemisphere,hemisphere_P_low_W03
,,P_low,0,surface_topology_or_turn,F2,0,False,,False,,19,hemisphere,hemisphere_P_low_W03
,,P_low,0,surface_topology_or_turn,F3,0,False,,False,,19,hemisphere,hemisphere_P_low_W03
,,P_low,0,surface_topology_or_turn,F2,0,False,,False,,20,hemisphere,hemisphere_P_low_W03
,,P_low,0,surface_topology_or_turn,F3,0,False,,False,,20,hemisphere,hemisphere_P_low_W03
,,P_low,0,surface_topology_or_turn,F2,0,False,,False,,21,hemisphere,hemisphere_P_low_W03
,,P_low,0,surface_topology_or_turn,F3,0,False,,False,,21,hemisphere,hemisphere_P_low_W03
,,P_low,0,surface_topology_or_turn,F2,0,False,,False,,22,hemisphere,hemisphere_P_low_W03
,,P_low,0,surface_topology_or_turn,F3,0,False,,False,,22,hemisphere,hemisphere_P_low_W03
,,P_low,0,surface_topology_or_turn,F2,0,False,,False,,23,hemisphere,hemisphere_P_low_W03
,,P_low,0,surface_topology_or_turn,F3,0,False,,False,,23,hemisphere,hemisphere_P_low_W03
0.47154564573508867,True,P_low,26,,F1,101,False,0.26127700600773096,True,True,fixed_surface,hemisphere,hemisphere_P_low_W04
,,P_low,0,surface_topology_or_turn,F2,0,False,,False,,0,hemisphere,hemisphere_P_low_W04
,,P_low,0,surface_topology_or_turn,F3,0,False,,False,,0,hemisphere,hemisphere_P_low_W04
,,P_low,0,surface_length,F2,0,False,,False,,1,hemisphere,hemisphere_P_low_W04
,,P_low,0,surface_length,F3,0,False,,False,,1,hemisphere,hemisphere_P_low_W04
,,P_low,0,surface_topology_or_turn,F2,0,False,,False,,2,hemisphere,hemisphere_P_low_W04
,,P_low,0,surface_topology_or_turn,F3,0,False,,False,,2,hemisphere,hemisphere_P_low_W04
,,P_low,0,surface_length,F2,0,False,,False,,3,hemisphere,hemisphere_P_low_W04
,,P_low,0,surface_length,F3,0,False,,False,,3,hemisphere,hemisphere_P_low_W04
,,P_low,0,surface_length,F2,0,False,,False,,4,hemisphere,hemisphere_P_low_W04
,,P_low,0,surface_length,F3,0,False,,False,,4,hemisphere,hemisphere_P_low_W04
0.47025454009612194,True,P_low,0,,F2,27,True,,True,True,5,hemisphere,hemisphere_P_low_W04
0.47059789209694325,True,P_low,26,,F3,76,True,0.13264424074441195,True,True,5,hemisphere,hemisphere_P_low_W04
,,P_low,0,surface_length,F2,0,False,,False,,6,hemisphere,hemisphere_P_low_W04
,,P_low,0,surface_length,F3,0,False,,False,,6,hemisphere,hemisphere_P_low_W04
,,P_low,0,surface_topology_or_turn,F2,0,False,,False,,7,hemisphere,hemisphere_P_low_W04
,,P_low,0,surface_topology_or_turn,F3,0,False,,False,,7,hemisphere,hemisphere_P_low_W04
,,P_low,0,surface_topology_or_turn,F2,0,False,,False,,8,hemisphere,hemisphere_P_low_W04
,,P_low,0,surface_topology_or_turn,F3,0,False,,False,,8,hemisphere,hemisphere_P_low_W04
,,P_low,0,surface_length,F2,0,False,,False,,9,hemisphere,hemisphere_P_low_W04
,,P_low,0,surface_length,F3,0,False,,False,,9,hemisphere,hemisphere_P_low_W04
0.47526773597880906,True,P_low,0,,F2,27,False,,True,True,10,hemisphere,hemisphere_P_low_W04
0.4751416941514184,True,P_low,26,,F3,76,False,0.07811221200972795,True,True,10,hemisphere,hemisphere_P_low_W04
,,P_low,0,surface_length,F2,0,False,,False,,11,hemisphere,hemisphere_P_low_W04
,,P_low,0,surface_length,F3,0,False,,False,,11,hemisphere,hemisphere_P_low_W04
0.47168639090720477,True,P_low,0,,F2,27,False,,True,True,12,hemisphere,hemisphere_P_low_W04
0.47165328627364134,True,P_low,26,,F3,76,False,0.0340690528973937,True,True,12,hemisphere,hemisphere_P_low_W04
,,P_low,0,surface_length,F2,0,False,,False,,13,hemisphere,hemisphere_P_low_W04
,,P_low,0,surface_length,F3,0,False,,False,,13,hemisphere,hemisphere_P_low_W04
,,P_low,0,surface_length,F2,0,False,,False,,14,hemisphere,hemisphere_P_low_W04
,,P_low,0,surface_length,F3,0,False,,False,,14,hemisphere,hemisphere_P_low_W04
,,P_low,0,surface_topology_or_turn,F2,0,False,,False,,15,hemisphere,hemisphere_P_low_W04
,,P_low,0,surface_topology_or_turn,F3,0,False,,False,,15,hemisphere,hemisphere_P_low_W04
,,P_low,0,surface_length,F2,0,False,,False,,16,hemisphere,hemisphere_P_low_W04
,,P_low,0,surface_length,F3,0,False,,False,,16,hemisphere,hemisphere_P_low_W04
,,P_low,0,surface_length,F2,0,False,,False,,17,hemisphere,hemisphere_P_low_W04
,,P_low,0,surface_length,F3,0,False,,False,,17,hemisphere,hemisphere_P_low_W04
,,P_low,0,surface_topology_or_turn,F2,0,False,,False,,18,hemisphere,hemisphere_P_low_W04
,,P_low,0,surface_topology_or_turn,F3,0,False,,False,,18,hemisphere,hemisphere_P_low_W04
,,P_low,0,surface_length,F2,0,False,,False,,19,hemisphere,hemisphere_P_low_W04
,,P_low,0,surface_length,F3,0,False,,False,,19,hemisphere,hemisphere_P_low_W04
,,P_low,0,surface_length,F2,0,False,,False,,20,hemisphere,hemisphere_P_low_W04
,,P_low,0,surface_length,F3,0,False,,False,,20,hemisphere,hemisphere_P_low_W04
,,P_low,0,surface_length,F2,0,False,,False,,21,hemisphere,hemisphere_P_low_W04
,,P_low,0,surface_length,F3,0,False,,False,,21,hemisphere,hemisphere_P_low_W04
,,P_low,0,surface_length,F2,0,False,,False,,22,hemisphere,hemisphere_P_low_W04
,,P_low,0,surface_length,F3,0,False,,False,,22,hemisphere,hemisphere_P_low_W04
,,P_low,0,surface_length,F2,0,False,,False,,23,hemisphere,hemisphere_P_low_W04
,,P_low,0,surface_length,F3,0,False,,False,,23,hemisphere,hemisphere_P_low_W04
0.4452204484307422,True,P_low,25,,F1,97,False,0.29109157901257277,True,True,fixed_surface,hemisphere,hemisphere_P_low_W05
,,P_low,0,surface_topology_or_turn,F2,0,False,,False,,0,hemisphere,hemisphere_P_low_W05
,,P_low,0,surface_topology_or_turn,F3,0,False,,False,,0,hemisphere,hemisphere_P_low_W05
0.4427500877097161,True,P_low,0,,F2,26,True,,True,True,1,hemisphere,hemisphere_P_low_W05
0.443142483787796,True,P_low,25,,F3,73,True,0.15657985769212246,True,True,1,hemisphere,hemisphere_P_low_W05
,,P_low,0,surface_topology_or_turn,F2,0,False,,False,,2,hemisphere,hemisphere_P_low_W05
,,P_low,0,surface_topology_or_turn,F3,0,False,,False,,2,hemisphere,hemisphere_P_low_W05
0.4475885137090433,True,P_low,0,,F2,26,False,,True,True,3,hemisphere,hemisphere_P_low_W05
0.4473014648147207,True,P_low,25,,F3,73,False,0.15665718354284763,True,True,3,hemisphere,hemisphere_P_low_W05
,,P_low,0,surface_topology_or_turn,F2,0,False,,False,,4,hemisphere,hemisphere_P_low_W05
,,P_low,0,surface_topology_or_turn,F3,0,False,,False,,4,hemisphere,hemisphere_P_low_W05
,,P_low,0,surface_length,F2,0,False,,False,,5,hemisphere,hemisphere_P_low_W05
,,P_low,0,surface_length,F3,0,False,,False,,5,hemisphere,hemisphere_P_low_W05
,,P_low,0,surface_topology_or_turn,F2,0,False,,False,,6,hemisphere,hemisphere_P_low_W05
,,P_low,0,surface_topology_or_turn,F3,0,False,,False,,6,hemisphere,hemisphere_P_low_W05
,,P_low,0,surface_topology_or_turn,F2,0,False,,False,,7,hemisphere,hemisphere_P_low_W05
,,P_low,0,surface_topology_or_turn,F3,0,False,,False,,7,hemisphere,hemisphere_P_low_W05
,,P_low,0,surface_topology_or_turn,F2,0,False,,False,,8,hemisphere,hemisphere_P_low_W05
,,P_low,0,surface_topology_or_turn,F3,0,False,,False,,8,hemisphere,hemisphere_P_low_W05
0.4423659324610549,True,P_low,0,,F2,26,True,,True,True,9,hemisphere,hemisphere_P_low_W05
0.4425025723292763,True,P_low,25,,F3,73,True,0.12858655862510204,True,True,9,hemisphere,hemisphere_P_low_W05
,,P_low,0,surface_topology_or_turn,F2,0,False,,False,,10,hemisphere,hemisphere_P_low_W05
,,P_low,0,surface_topology_or_turn,F3,0,False,,False,,10,hemisphere,hemisphere_P_low_W05
0.4548492451784128,True,P_low,0,,F2,26,False,,True,True,11,hemisphere,hemisphere_P_low_W05
0.45472363914531017,True,P_low,25,,F3,73,False,0.17279356624931097,True,True,11,hemisphere,hemisphere_P_low_W05
,,P_low,0,surface_topology_or_turn,F2,0,False,,False,,12,hemisphere,hemisphere_P_low_W05
,,P_low,0,surface_topology_or_turn,F3,0,False,,False,,12,hemisphere,hemisphere_P_low_W05
0.4400845669810674,True,P_low,0,,F2,26,True,,True,True,13,hemisphere,hemisphere_P_low_W05
0.44046436989691107,True,P_low,25,,F3,73,True,0.06246739625930786,True,True,13,hemisphere,hemisphere_P_low_W05
,,P_low,0,surface_topology_or_turn,F2,0,False,,False,,14,hemisphere,hemisphere_P_low_W05
,,P_low,0,surface_topology_or_turn,F3,0,False,,False,,14,hemisphere,hemisphere_P_low_W05
,,P_low,0,surface_topology_or_turn,F2,0,False,,False,,15,hemisphere,hemisphere_P_low_W05
,,P_low,0,surface_topology_or_turn,F3,0,False,,False,,15,hemisphere,hemisphere_P_low_W05
,,P_low,0,surface_topology_or_turn,F2,0,False,,False,,16,hemisphere,hemisphere_P_low_W05
,,P_low,0,surface_topology_or_turn,F3,0,False,,False,,16,hemisphere,hemisphere_P_low_W05
0.4471045936310132,True,P_low,0,,F2,26,False,,True,True,17,hemisphere,hemisphere_P_low_W05
0.44752036342332224,True,P_low,25,,F3,73,False,0.22393803391605616,True,True,17,hemisphere,hemisphere_P_low_W05
,,P_low,0,surface_topology_or_turn,F2,0,False,,False,,18,hemisphere,hemisphere_P_low_W05
,,P_low,0,surface_topology_or_turn,F3,0,False,,False,,18,hemisphere,hemisphere_P_low_W05
0.44396125686049803,True,P_low,0,,F2,26,False,,True,True,19,hemisphere,hemisphere_P_low_W05
0.44450041892520914,True,P_low,25,,F3,73,False,0.04668136965483427,True,True,19,hemisphere,hemisphere_P_low_W05
,,P_low,0,surface_topology_or_turn,F2,0,False,,False,,20,hemisphere,hemisphere_P_low_W05
,,P_low,0,surface_topology_or_turn,F3,0,False,,False,,20,hemisphere,hemisphere_P_low_W05
0.4471867453520573,True,P_low,0,,F2,26,False,,True,True,21,hemisphere,hemisphere_P_low_W05
0.44738389770657705,True,P_low,25,,F3,73,False,0.17196770384907722,True,True,21,hemisphere,hemisphere_P_low_W05
,,P_low,0,surface_topology_or_turn,F2,0,False,,False,,22,hemisphere,hemisphere_P_low_W05
,,P_low,0,surface_topology_or_turn,F3,0,False,,False,,22,hemisphere,hemisphere_P_low_W05
,,P_low,0,surface_topology_or_turn,F2,0,False,,False,,23,hemisphere,hemisphere_P_low_W05
,,P_low,0,surface_topology_or_turn,F3,0,False,,False,,23,hemisphere,hemisphere_P_low_W05
0.5033426792577412,True,P_low,25,,F1,97,False,0.06968576274812222,True,True,fixed_surface,hemisphere,hemisphere_P_low_W06
,,P_low,0,surface_topology_or_turn,F2,0,False,,False,,0,hemisphere,hemisphere_P_low_W06
,,P_low,0,surface_topology_or_turn,F3,0,False,,False,,0,hemisphere,hemisphere_P_low_W06
0.5006097878603356,True,P_low,0,,F2,26,True,,True,True,1,hemisphere,hemisphere_P_low_W06
0.5002532334992212,True,P_low,25,,F3,73,True,0.072639393620193,True,True,1,hemisphere,hemisphere_P_low_W06
,,P_low,0,surface_length,F2,0,False,,False,,2,hemisphere,hemisphere_P_low_W06
,,P_low,0,surface_length,F3,0,False,,False,,2,hemisphere,hemisphere_P_low_W06
,,P_low,0,surface_length,F2,0,False,,False,,3,hemisphere,hemisphere_P_low_W06
,,P_low,0,surface_length,F3,0,False,,False,,3,hemisphere,hemisphere_P_low_W06
,,P_low,0,surface_topology_or_turn,F2,0,False,,False,,4,hemisphere,hemisphere_P_low_W06
,,P_low,0,surface_topology_or_turn,F3,0,False,,False,,4,hemisphere,hemisphere_P_low_W06
,,P_low,0,surface_topology_or_turn,F2,0,False,,False,,5,hemisphere,hemisphere_P_low_W06
,,P_low,0,surface_topology_or_turn,F3,0,False,,False,,5,hemisphere,hemisphere_P_low_W06
,,P_low,0,surface_length,F2,0,False,,False,,6,hemisphere,hemisphere_P_low_W06
,,P_low,0,surface_length,F3,0,False,,False,,6,hemisphere,hemisphere_P_low_W06
,,P_low,0,surface_length,F2,0,False,,False,,7,hemisphere,hemisphere_P_low_W06
,,P_low,0,surface_length,F3,0,False,,False,,7,hemisphere,hemisphere_P_low_W06
0.5171038188585556,True,P_low,0,,F2,26,False,,True,True,8,hemisphere,hemisphere_P_low_W06
0.5173310181214332,True,P_low,25,,F3,73,False,0.03325878269970417,True,True,8,hemisphere,hemisphere_P_low_W06
,,P_low,0,surface_topology_or_turn,F2,0,False,,False,,9,hemisphere,hemisphere_P_low_W06
,,P_low,0,surface_topology_or_turn,F3,0,False,,False,,9,hemisphere,hemisphere_P_low_W06
,,P_low,0,surface_topology_or_turn,F2,0,False,,False,,10,hemisphere,hemisphere_P_low_W06
,,P_low,0,surface_topology_or_turn,F3,0,False,,False,,10,hemisphere,hemisphere_P_low_W06
0.5043775808095129,True,P_low,0,,F2,26,False,,True,True,11,hemisphere,hemisphere_P_low_W06
0.5042848685501994,True,P_low,25,,F3,73,False,0.15077960398048162,True,True,11,hemisphere,hemisphere_P_low_W06
,,P_low,0,surface_topology_or_turn,F2,0,False,,False,,12,hemisphere,hemisphere_P_low_W06
,,P_low,0,surface_topology_or_turn,F3,0,False,,False,,12,hemisphere,hemisphere_P_low_W06
,,P_low,0,surface_length,F2,0,False,,False,,13,hemisphere,hemisphere_P_low_W06
,,P_low,0,surface_length,F3,0,False,,False,,13,hemisphere,hemisphere_P_low_W06
,,P_low,0,surface_length,F2,0,False,,False,,14,hemisphere,hemisphere_P_low_W06
,,P_low,0,surface_length,F3,0,False,,False,,14,hemisphere,hemisphere_P_low_W06
,,P_low,0,surface_topology_or_turn,F2,0,False,,False,,15,hemisphere,hemisphere_P_low_W06
,,P_low,0,surface_topology_or_turn,F3,0,False,,False,,15,hemisphere,hemisphere_P_low_W06
,,P_low,0,surface_topology_or_turn,F2,0,False,,False,,16,hemisphere,hemisphere_P_low_W06
,,P_low,0,surface_topology_or_turn,F3,0,False,,False,,16,hemisphere,hemisphere_P_low_W06
,,P_low,0,surface_topology_or_turn,F2,0,False,,False,,17,hemisphere,hemisphere_P_low_W06
,,P_low,0,surface_topology_or_turn,F3,0,False,,False,,17,hemisphere,hemisphere_P_low_W06
0.5031928308838843,True,P_low,0,,F2,26,False,,True,True,18,hemisphere,hemisphere_P_low_W06
0.503353485738141,True,P_low,25,,F3,73,False,0.04443122446537018,True,True,18,hemisphere,hemisphere_P_low_W06
0.4989179295583341,True,P_low,0,,F2,26,True,,True,True,19,hemisphere,hemisphere_P_low_W06
0.498660319765607,True,P_low,25,,F3,73,True,0.028853734023869038,True,True,19,hemisphere,hemisphere_P_low_W06
,,P_low,0,surface_topology_or_turn,F2,0,False,,False,,20,hemisphere,hemisphere_P_low_W06
,,P_low,0,surface_topology_or_turn,F3,0,False,,False,,20,hemisphere,hemisphere_P_low_W06
,,P_low,0,surface_topology_or_turn,F2,0,False,,False,,21,hemisphere,hemisphere_P_low_W06
,,P_low,0,surface_topology_or_turn,F3,0,False,,False,,21,hemisphere,hemisphere_P_low_W06
0.5122143160569852,True,P_low,0,,F2,26,False,,True,True,22,hemisphere,hemisphere_P_low_W06
0.5118054483330956,True,P_low,25,,F3,73,False,0.06424230616539717,True,True,22,hemisphere,hemisphere_P_low_W06
,,P_low,0,surface_topology_or_turn,F2,0,False,,False,,23,hemisphere,hemisphere_P_low_W06
,,P_low,0,surface_topology_or_turn,F3,0,False,,False,,23,hemisphere,hemisphere_P_low_W06
0.7370880411316063,True,P_low,26,,F1,101,False,0.17372615076601505,True,True,fixed_surface,hemisphere,hemisphere_P_low_W07
,,P_low,0,surface_length,F2,0,False,,False,,0,hemisphere,hemisphere_P_low_W07
,,P_low,0,surface_length,F3,0,False,,False,,0,hemisphere,hemisphere_P_low_W07
,,P_low,0,surface_length,F2,0,False,,False,,1,hemisphere,hemisphere_P_low_W07
,,P_low,0,surface_length,F3,0,False,,False,,1,hemisphere,hemisphere_P_low_W07
,,P_low,0,surface_length,F2,0,False,,False,,2,hemisphere,hemisphere_P_low_W07
,,P_low,0,surface_length,F3,0,False,,False,,2,hemisphere,hemisphere_P_low_W07
0.7387545409194701,True,P_low,0,,F2,27,False,,True,True,3,hemisphere,hemisphere_P_low_W07
0.7388828789142402,True,P_low,26,,F3,76,False,0.17608921509236097,True,True,3,hemisphere,hemisphere_P_low_W07
,,P_low,0,surface_length,F2,0,False,,False,,4,hemisphere,hemisphere_P_low_W07
,,P_low,0,surface_length,F3,0,False,,False,,4,hemisphere,hemisphere_P_low_W07
,,P_low,0,surface_length,F2,0,False,,False,,5,hemisphere,hemisphere_P_low_W07
,,P_low,0,surface_length,F3,0,False,,False,,5,hemisphere,hemisphere_P_low_W07
,,P_low,0,surface_length,F2,0,False,,False,,6,hemisphere,hemisphere_P_low_W07
,,P_low,0,surface_length,F3,0,False,,False,,6,hemisphere,hemisphere_P_low_W07
,,P_low,0,surface_length,F2,0,False,,False,,7,hemisphere,hemisphere_P_low_W07
,,P_low,0,surface_length,F3,0,False,,False,,7,hemisphere,hemisphere_P_low_W07
,,P_low,0,surface_length,F2,0,False,,False,,8,hemisphere,hemisphere_P_low_W07
,,P_low,0,surface_length,F3,0,False,,False,,8,hemisphere,hemisphere_P_low_W07
,,P_low,0,surface_length,F2,0,False,,False,,9,hemisphere,hemisphere_P_low_W07
,,P_low,0,surface_length,F3,0,False,,False,,9,hemisphere,hemisphere_P_low_W07
,,P_low,0,surface_length,F2,0,False,,False,,10,hemisphere,hemisphere_P_low_W07
,,P_low,0,surface_length,F3,0,False,,False,,10,hemisphere,hemisphere_P_low_W07
0.7152660445190187,True,P_low,0,,F2,27,True,,True,True,11,hemisphere,hemisphere_P_low_W07
0.7153855721292518,True,P_low,26,,F3,76,True,0.07586186937987804,True,True,11,hemisphere,hemisphere_P_low_W07
,,P_low,0,surface_length,F2,0,False,,False,,12,hemisphere,hemisphere_P_low_W07
,,P_low,0,surface_length,F3,0,False,,False,,12,hemisphere,hemisphere_P_low_W07
,,P_low,0,surface_length,F2,0,False,,False,,13,hemisphere,hemisphere_P_low_W07
,,P_low,0,surface_length,F3,0,False,,False,,13,hemisphere,hemisphere_P_low_W07
0.7433103027623476,True,P_low,0,,F2,27,False,,True,True,14,hemisphere,hemisphere_P_low_W07
0.7432019034525227,True,P_low,26,,F3,76,False,0.14615362510085106,True,True,14,hemisphere,hemisphere_P_low_W07
0.7245652348980514,True,P_low,0,,F2,27,False,,True,True,15,hemisphere,hemisphere_P_low_W07
0.7245822157799813,True,P_low,26,,F3,76,False,0.09128903318196535,True,True,15,hemisphere,hemisphere_P_low_W07
,,P_low,0,surface_length,F2,0,False,,False,,16,hemisphere,hemisphere_P_low_W07
,,P_low,0,surface_length,F3,0,False,,False,,16,hemisphere,hemisphere_P_low_W07
,,P_low,0,surface_length,F2,0,False,,False,,17,hemisphere,hemisphere_P_low_W07
,,P_low,0,surface_length,F3,0,False,,False,,17,hemisphere,hemisphere_P_low_W07
0.7550536475299401,True,P_low,0,,F2,27,False,,True,True,18,hemisphere,hemisphere_P_low_W07
0.7550204294528897,True,P_low,26,,F3,76,False,0.09854269213974476,True,True,18,hemisphere,hemisphere_P_low_W07
,,P_low,0,surface_length,F2,0,False,,False,,19,hemisphere,hemisphere_P_low_W07
,,P_low,0,surface_length,F3,0,False,,False,,19,hemisphere,hemisphere_P_low_W07
0.728061890397013,True,P_low,0,,F2,27,False,,True,True,20,hemisphere,hemisphere_P_low_W07
0.7279851839222911,True,P_low,26,,F3,76,False,0.21391136571764946,True,True,20,hemisphere,hemisphere_P_low_W07
,,P_low,0,surface_length,F2,0,False,,False,,21,hemisphere,hemisphere_P_low_W07
,,P_low,0,surface_length,F3,0,False,,False,,21,hemisphere,hemisphere_P_low_W07
,,P_low,0,surface_length,F2,0,False,,False,,22,hemisphere,hemisphere_P_low_W07
,,P_low,0,surface_length,F3,0,False,,False,,22,hemisphere,hemisphere_P_low_W07
,,P_low,0,surface_length,F2,0,False,,False,,23,hemisphere,hemisphere_P_low_W07
,,P_low,0,surface_length,F3,0,False,,False,,23,hemisphere,hemisphere_P_low_W07
0.43130677381864885,True,P_low,26,,F1,101,False,0.20128792524337769,True,True,fixed_surface,hemisphere,hemisphere_P_low_W08
,,P_low,0,surface_topology_or_turn,F2,0,False,,False,,0,hemisphere,hemisphere_P_low_W08
,,P_low,0,surface_topology_or_turn,F3,0,False,,False,,0,hemisphere,hemisphere_P_low_W08
,,P_low,0,surface_topology_or_turn,F2,0,False,,False,,1,hemisphere,hemisphere_P_low_W08
,,P_low,0,surface_topology_or_turn,F3,0,False,,False,,1,hemisphere,hemisphere_P_low_W08
,,P_low,0,surface_length,F2,0,False,,False,,2,hemisphere,hemisphere_P_low_W08
,,P_low,0,surface_length,F3,0,False,,False,,2,hemisphere,hemisphere_P_low_W08
,,P_low,0,surface_topology_or_turn,F2,0,False,,False,,3,hemisphere,hemisphere_P_low_W08
,,P_low,0,surface_topology_or_turn,F3,0,False,,False,,3,hemisphere,hemisphere_P_low_W08
,,P_low,0,surface_topology_or_turn,F2,0,False,,False,,4,hemisphere,hemisphere_P_low_W08
,,P_low,0,surface_topology_or_turn,F3,0,False,,False,,4,hemisphere,hemisphere_P_low_W08
0.43173108308994956,True,P_low,0,,F2,27,False,,True,True,5,hemisphere,hemisphere_P_low_W08
0.4323327248277161,True,P_low,26,,F3,76,False,0.1368545964360237,True,True,5,hemisphere,hemisphere_P_low_W08
0.426597606470512,True,P_low,0,,F2,27,True,,True,True,6,hemisphere,hemisphere_P_low_W08
0.4267460888936637,True,P_low,26,,F3,76,True,0.09453609678894281,True,True,6,hemisphere,hemisphere_P_low_W08
,,P_low,0,surface_topology_or_turn,F2,0,False,,False,,7,hemisphere,hemisphere_P_low_W08
,,P_low,0,surface_topology_or_turn,F3,0,False,,False,,7,hemisphere,hemisphere_P_low_W08
,,P_low,0,surface_topology_or_turn,F2,0,False,,False,,8,hemisphere,hemisphere_P_low_W08
,,P_low,0,surface_topology_or_turn,F3,0,False,,False,,8,hemisphere,hemisphere_P_low_W08
0.43587394224831344,True,P_low,0,,F2,27,False,,True,True,9,hemisphere,hemisphere_P_low_W08
0.4360428380859783,True,P_low,26,,F3,76,False,0.1470441147685051,True,True,9,hemisphere,hemisphere_P_low_W08
0.43526912576417903,True,P_low,0,,F2,27,False,,True,True,10,hemisphere,hemisphere_P_low_W08
0.4359098965378815,True,P_low,26,,F3,76,False,0.13127361238002777,True,True,10,hemisphere,hemisphere_P_low_W08
,,P_low,0,surface_topology_or_turn,F2,0,False,,False,,11,hemisphere,hemisphere_P_low_W08
,,P_low,0,surface_topology_or_turn,F3,0,False,,False,,11,hemisphere,hemisphere_P_low_W08
0.43470930068036706,True,P_low,0,,F2,27,False,,True,True,12,hemisphere,hemisphere_P_low_W08
0.43422062493790914,True,P_low,26,,F3,76,False,0.06273353099822998,True,True,12,hemisphere,hemisphere_P_low_W08
,,P_low,0,surface_length,F2,0,False,,False,,13,hemisphere,hemisphere_P_low_W08
,,P_low,0,surface_length,F3,0,False,,False,,13,hemisphere,hemisphere_P_low_W08
0.42932632120051445,True,P_low,0,,F2,27,False,,True,True,14,hemisphere,hemisphere_P_low_W08
0.4292552612207269,True,P_low,26,,F3,76,False,0.28049115370959044,True,True,14,hemisphere,hemisphere_P_low_W08
,,P_low,0,surface_topology_or_turn,F2,0,False,,False,,15,hemisphere,hemisphere_P_low_W08
,,P_low,0,surface_topology_or_turn,F3,0,False,,False,,15,hemisphere,hemisphere_P_low_W08
,,P_low,0,surface_topology_or_turn,F2,0,False,,False,,16,hemisphere,hemisphere_P_low_W08
,,P_low,0,surface_topology_or_turn,F3,0,False,,False,,16,hemisphere,hemisphere_P_low_W08
0.4314069489468005,True,P_low,0,,F2,27,False,,True,True,17,hemisphere,hemisphere_P_low_W08
0.4315973175630172,True,P_low,26,,F3,76,False,0.08279800415039062,True,True,17,hemisphere,hemisphere_P_low_W08
0.4378892889510254,True,P_low,0,,F2,27,False,,True,True,18,hemisphere,hemisphere_P_low_W08
0.4377260463932389,True,P_low,26,,F3,76,False,0.14468833710998297,True,True,18,hemisphere,hemisphere_P_low_W08
,,P_low,0,surface_topology_or_turn,F2,0,False,,False,,19,hemisphere,hemisphere_P_low_W08
,,P_low,0,surface_topology_or_turn,F3,0,False,,False,,19,hemisphere,hemisphere_P_low_W08
,,P_low,0,surface_topology_or_turn,F2,0,False,,False,,20,hemisphere,hemisphere_P_low_W08
,,P_low,0,surface_topology_or_turn,F3,0,False,,False,,20,hemisphere,hemisphere_P_low_W08
,,P_low,0,surface_length,F2,0,False,,False,,21,hemisphere,hemisphere_P_low_W08
,,P_low,0,surface_length,F3,0,False,,False,,21,hemisphere,hemisphere_P_low_W08
,,P_low,0,surface_length,F2,0,False,,False,,22,hemisphere,hemisphere_P_low_W08
,,P_low,0,surface_length,F3,0,False,,False,,22,hemisphere,hemisphere_P_low_W08
,,P_low,0,surface_topology_or_turn,F2,0,False,,False,,23,hemisphere,hemisphere_P_low_W08
,,P_low,0,surface_topology_or_turn,F3,0,False,,False,,23,hemisphere,hemisphere_P_low_W08
0.36323004145393906,True,P_low,26,,F1,101,False,0.1332694385200739,True,True,fixed_surface,hemisphere,hemisphere_P_low_W09
,,P_low,0,surface_length,F2,0,False,,False,,0,hemisphere,hemisphere_P_low_W09
,,P_low,0,surface_length,F3,0,False,,False,,0,hemisphere,hemisphere_P_low_W09
,,P_low,0,surface_topology_or_turn,F2,0,False,,False,,1,hemisphere,hemisphere_P_low_W09
,,P_low,0,surface_topology_or_turn,F3,0,False,,False,,1,hemisphere,hemisphere_P_low_W09
,,P_low,0,surface_topology_or_turn,F2,0,False,,False,,2,hemisphere,hemisphere_P_low_W09
,,P_low,0,surface_topology_or_turn,F3,0,False,,False,,2,hemisphere,hemisphere_P_low_W09
0.3598508957701432,True,P_low,0,,F2,27,True,,True,True,3,hemisphere,hemisphere_P_low_W09
0.3599130005032337,True,P_low,26,,F3,76,True,0.03995014540851116,True,True,3,hemisphere,hemisphere_P_low_W09
,,P_low,0,surface_topology_or_turn,F2,0,False,,False,,4,hemisphere,hemisphere_P_low_W09
,,P_low,0,surface_topology_or_turn,F3,0,False,,False,,4,hemisphere,hemisphere_P_low_W09
,,P_low,0,surface_topology_or_turn,F2,0,False,,False,,5,hemisphere,hemisphere_P_low_W09
,,P_low,0,surface_topology_or_turn,F3,0,False,,False,,5,hemisphere,hemisphere_P_low_W09
,,P_low,0,surface_topology_or_turn,F2,0,False,,False,,6,hemisphere,hemisphere_P_low_W09
,,P_low,0,surface_topology_or_turn,F3,0,False,,False,,6,hemisphere,hemisphere_P_low_W09
,,P_low,0,surface_length,F2,0,False,,False,,7,hemisphere,hemisphere_P_low_W09
,,P_low,0,surface_length,F3,0,False,,False,,7,hemisphere,hemisphere_P_low_W09
,,P_low,0,surface_length,F2,0,False,,False,,8,hemisphere,hemisphere_P_low_W09
,,P_low,0,surface_length,F3,0,False,,False,,8,hemisphere,hemisphere_P_low_W09
,,P_low,0,surface_topology_or_turn,F2,0,False,,False,,9,hemisphere,hemisphere_P_low_W09
,,P_low,0,surface_topology_or_turn,F3,0,False,,False,,9,hemisphere,hemisphere_P_low_W09
,,P_low,0,surface_topology_or_turn,F2,0,False,,False,,10,hemisphere,hemisphere_P_low_W09
,,P_low,0,surface_topology_or_turn,F3,0,False,,False,,10,hemisphere,hemisphere_P_low_W09
,,P_low,0,surface_topology_or_turn,F2,0,False,,False,,11,hemisphere,hemisphere_P_low_W09
,,P_low,0,surface_topology_or_turn,F3,0,False,,False,,11,hemisphere,hemisphere_P_low_W09
,,P_low,0,surface_topology_or_turn,F2,0,False,,False,,12,hemisphere,hemisphere_P_low_W09
,,P_low,0,surface_topology_or_turn,F3,0,False,,False,,12,hemisphere,hemisphere_P_low_W09
,,P_low,0,surface_topology_or_turn,F2,0,False,,False,,13,hemisphere,hemisphere_P_low_W09
,,P_low,0,surface_topology_or_turn,F3,0,False,,False,,13,hemisphere,hemisphere_P_low_W09
,,P_low,0,surface_length,F2,0,False,,False,,14,hemisphere,hemisphere_P_low_W09
,,P_low,0,surface_length,F3,0,False,,False,,14,hemisphere,hemisphere_P_low_W09
0.3595117908953115,True,P_low,0,,F2,27,True,,True,True,15,hemisphere,hemisphere_P_low_W09
0.3593761074184178,True,P_low,26,,F3,76,True,0.07326884381473064,True,True,15,hemisphere,hemisphere_P_low_W09
,,P_low,0,surface_topology_or_turn,F2,0,False,,False,,16,hemisphere,hemisphere_P_low_W09
,,P_low,0,surface_topology_or_turn,F3,0,False,,False,,16,hemisphere,hemisphere_P_low_W09
,,P_low,0,surface_topology_or_turn,F2,0,False,,False,,17,hemisphere,hemisphere_P_low_W09
,,P_low,0,surface_topology_or_turn,F3,0,False,,False,,17,hemisphere,hemisphere_P_low_W09
0.36918612567681686,True,P_low,0,,F2,27,False,,True,True,18,hemisphere,hemisphere_P_low_W09
0.36922380810212196,True,P_low,26,,F3,76,False,0.027313600294291973,True,True,18,hemisphere,hemisphere_P_low_W09
,,P_low,0,surface_length,F2,0,False,,False,,19,hemisphere,hemisphere_P_low_W09
,,P_low,0,surface_length,F3,0,False,,False,,19,hemisphere,hemisphere_P_low_W09
,,P_low,0,surface_topology_or_turn,F2,0,False,,False,,20,hemisphere,hemisphere_P_low_W09
,,P_low,0,surface_topology_or_turn,F3,0,False,,False,,20,hemisphere,hemisphere_P_low_W09
,,P_low,0,surface_length,F2,0,False,,False,,21,hemisphere,hemisphere_P_low_W09
,,P_low,0,surface_length,F3,0,False,,False,,21,hemisphere,hemisphere_P_low_W09
0.36351357490714575,True,P_low,0,,F2,27,False,,True,True,22,hemisphere,hemisphere_P_low_W09
0.3644112992854063,True,P_low,26,,F3,76,False,0.0914091244339943,True,True,22,hemisphere,hemisphere_P_low_W09
,,P_low,0,surface_topology_or_turn,F2,0,False,,False,,23,hemisphere,hemisphere_P_low_W09
,,P_low,0,surface_topology_or_turn,F3,0,False,,False,,23,hemisphere,hemisphere_P_low_W09
0.24767738664021188,True,P_mid,24,,F1,93,False,0.3357598492875695,True,True,fixed_surface,hemisphere,hemisphere_P_mid_W00
,,P_mid,0,surface_length,F2,0,False,,False,,0,hemisphere,hemisphere_P_mid_W00
,,P_mid,0,surface_length,F3,0,False,,False,,0,hemisphere,hemisphere_P_mid_W00
0.2547675683162197,True,P_mid,0,,F2,25,False,,True,True,1,hemisphere,hemisphere_P_mid_W00
0.25476811935974514,True,P_mid,24,,F3,70,False,0.1110690888017416,True,True,1,hemisphere,hemisphere_P_mid_W00
,,P_mid,0,surface_topology_or_turn,F2,0,False,,False,,2,hemisphere,hemisphere_P_mid_W00
,,P_mid,0,surface_topology_or_turn,F3,0,False,,False,,2,hemisphere,hemisphere_P_mid_W00
0.2565006805884785,True,P_mid,0,,F2,25,False,,True,True,3,hemisphere,hemisphere_P_mid_W00
0.25653808745771134,True,P_mid,24,,F3,70,False,0.14827097114175558,True,True,3,hemisphere,hemisphere_P_mid_W00
,,P_mid,0,surface_topology_or_turn,F2,0,False,,False,,4,hemisphere,hemisphere_P_mid_W00
,,P_mid,0,surface_topology_or_turn,F3,0,False,,False,,4,hemisphere,hemisphere_P_mid_W00
0.25958218765091123,True,P_mid,0,,F2,25,False,,True,True,5,hemisphere,hemisphere_P_mid_W00
0.25959358714340863,True,P_mid,24,,F3,70,False,0.2969586066901684,True,True,5,hemisphere,hemisphere_P_mid_W00
,,P_mid,0,surface_length,F2,0,False,,False,,6,hemisphere,hemisphere_P_mid_W00
,,P_mid,0,surface_length,F3,0,False,,False,,6,hemisphere,hemisphere_P_mid_W00
,,P_mid,0,surface_length,F2,0,False,,False,,7,hemisphere,hemisphere_P_mid_W00
,,P_mid,0,surface_length,F3,0,False,,False,,7,hemisphere,hemisphere_P_mid_W00
0.2594796170198892,True,P_mid,0,,F2,25,False,,True,True,8,hemisphere,hemisphere_P_mid_W00
0.2594832196215892,True,P_mid,24,,F3,70,False,0.05207448918372393,True,True,8,hemisphere,hemisphere_P_mid_W00
,,P_mid,0,surface_topology_or_turn,F2,0,False,,False,,9,hemisphere,hemisphere_P_mid_W00
,,P_mid,0,surface_topology_or_turn,F3,0,False,,False,,9,hemisphere,hemisphere_P_mid_W00
,,P_mid,0,surface_topology_or_turn,F2,0,False,,False,,10,hemisphere,hemisphere_P_mid_W00
,,P_mid,0,surface_topology_or_turn,F3,0,False,,False,,10,hemisphere,hemisphere_P_mid_W00
,,P_mid,0,surface_length,F2,0,False,,False,,11,hemisphere,hemisphere_P_mid_W00
,,P_mid,0,surface_length,F3,0,False,,False,,11,hemisphere,hemisphere_P_mid_W00
0.24699041358860452,True,P_mid,0,,F2,25,True,,True,True,12,hemisphere,hemisphere_P_mid_W00
0.247003814300987,True,P_mid,24,,F3,70,True,0.13381863944232464,True,True,12,hemisphere,hemisphere_P_mid_W00
,,P_mid,0,surface_topology_or_turn,F2,0,False,,False,,13,hemisphere,hemisphere_P_mid_W00
,,P_mid,0,surface_topology_or_turn,F3,0,False,,False,,13,hemisphere,hemisphere_P_mid_W00
,,P_mid,0,surface_length,F2,0,False,,False,,14,hemisphere,hemisphere_P_mid_W00
,,P_mid,0,surface_length,F3,0,False,,False,,14,hemisphere,hemisphere_P_mid_W00
,,P_mid,0,surface_topology_or_turn,F2,0,False,,False,,15,hemisphere,hemisphere_P_mid_W00
,,P_mid,0,surface_topology_or_turn,F3,0,False,,False,,15,hemisphere,hemisphere_P_mid_W00
,,P_mid,0,surface_topology_or_turn,F2,0,False,,False,,16,hemisphere,hemisphere_P_mid_W00
,,P_mid,0,surface_topology_or_turn,F3,0,False,,False,,16,hemisphere,hemisphere_P_mid_W00
,,P_mid,0,surface_length,F2,0,False,,False,,17,hemisphere,hemisphere_P_mid_W00
,,P_mid,0,surface_length,F3,0,False,,False,,17,hemisphere,hemisphere_P_mid_W00
,,P_mid,0,surface_length,F2,0,False,,False,,18,hemisphere,hemisphere_P_mid_W00
,,P_mid,0,surface_length,F3,0,False,,False,,18,hemisphere,hemisphere_P_mid_W00
0.24890216376570082,True,P_mid,0,,F2,25,False,,True,True,19,hemisphere,hemisphere_P_mid_W00
0.24892982548671436,True,P_mid,24,,F3,70,False,0.13811454363167286,True,True,19,hemisphere,hemisphere_P_mid_W00
,,P_mid,0,surface_topology_or_turn,F2,0,False,,False,,20,hemisphere,hemisphere_P_mid_W00
,,P_mid,0,surface_topology_or_turn,F3,0,False,,False,,20,hemisphere,hemisphere_P_mid_W00
,,P_mid,0,surface_length,F2,0,False,,False,,21,hemisphere,hemisphere_P_mid_W00
,,P_mid,0,surface_length,F3,0,False,,False,,21,hemisphere,hemisphere_P_mid_W00
,,P_mid,0,surface_length,F2,0,False,,False,,22,hemisphere,hemisphere_P_mid_W00
,,P_mid,0,surface_length,F3,0,False,,False,,22,hemisphere,hemisphere_P_mid_W00
,,P_mid,0,surface_topology_or_turn,F2,0,False,,False,,23,hemisphere,hemisphere_P_mid_W00
,,P_mid,0,surface_topology_or_turn,F3,0,False,,False,,23,hemisphere,hemisphere_P_mid_W00
0.27444265807663637,True,P_mid,24,,F1,93,False,0.17213295586407185,True,True,fixed_surface,hemisphere,hemisphere_P_mid_W01
,,P_mid,0,surface_length,F2,0,False,,False,,0,hemisphere,hemisphere_P_mid_W01
,,P_mid,0,surface_length,F3,0,False,,False,,0,hemisphere,hemisphere_P_mid_W01
,,P_mid,0,surface_topology_or_turn,F2,0,False,,False,,1,hemisphere,hemisphere_P_mid_W01
,,P_mid,0,surface_topology_or_turn,F3,0,False,,False,,1,hemisphere,hemisphere_P_mid_W01
,,P_mid,0,surface_length,F2,0,False,,False,,2,hemisphere,hemisphere_P_mid_W01
,,P_mid,0,surface_length,F3,0,False,,False,,2,hemisphere,hemisphere_P_mid_W01
0.2726646446074237,True,P_mid,0,,F2,25,True,,True,True,3,hemisphere,hemisphere_P_mid_W01
0.27281693378375177,True,P_mid,24,,F3,70,True,0.11845037434250116,True,True,3,hemisphere,hemisphere_P_mid_W01
0.2725895784205901,True,P_mid,0,,F2,25,True,,True,True,4,hemisphere,hemisphere_P_mid_W01
0.2725668760666118,True,P_mid,24,,F3,70,True,0.23704084660857916,True,True,4,hemisphere,hemisphere_P_mid_W01
,,P_mid,0,surface_length,F2,0,False,,False,,5,hemisphere,hemisphere_P_mid_W01
,,P_mid,0,surface_length,F3,0,False,,False,,5,hemisphere,hemisphere_P_mid_W01
0.28394100909070097,True,P_mid,0,,F2,25,False,,True,True,6,hemisphere,hemisphere_P_mid_W01
0.2838629145168402,True,P_mid,24,,F3,70,False,0.07710079569369555,True,True,6,hemisphere,hemisphere_P_mid_W01
,,P_mid,0,surface_topology_or_turn,F2,0,False,,False,,7,hemisphere,hemisphere_P_mid_W01
,,P_mid,0,surface_topology_or_turn,F3,0,False,,False,,7,hemisphere,hemisphere_P_mid_W01
,,P_mid,0,surface_length,F2,0,False,,False,,8,hemisphere,hemisphere_P_mid_W01
,,P_mid,0,surface_length,F3,0,False,,False,,8,hemisphere,hemisphere_P_mid_W01
0.2794119046457809,True,P_mid,0,,F2,25,False,,True,True,9,hemisphere,hemisphere_P_mid_W01
0.27942876050880094,True,P_mid,24,,F3,70,False,0.12883491069078445,True,True,9,hemisphere,hemisphere_P_mid_W01
,,P_mid,0,surface_length,F2,0,False,,False,,10,hemisphere,hemisphere_P_mid_W01
,,P_mid,0,surface_length,F3,0,False,,False,,10,hemisphere,hemisphere_P_mid_W01
,,P_mid,0,surface_topology_or_turn,F2,0,False,,False,,11,hemisphere,hemisphere_P_mid_W01
,,P_mid,0,surface_topology_or_turn,F3,0,False,,False,,11,hemisphere,hemisphere_P_mid_W01
0.27621402558390706,True,P_mid,0,,F2,25,False,,True,True,12,hemisphere,hemisphere_P_mid_W01
0.27627399797557867,True,P_mid,24,,F3,70,False,0.18398987594991922,True,True,12,hemisphere,hemisphere_P_mid_W01
,,P_mid,0,surface_topology_or_turn,F2,0,False,,False,,13,hemisphere,hemisphere_P_mid_W01
,,P_mid,0,surface_topology_or_turn,F3,0,False,,False,,13,hemisphere,hemisphere_P_mid_W01
,,P_mid,0,surface_length,F2,0,False,,False,,14,hemisphere,hemisphere_P_mid_W01
,,P_mid,0,surface_length,F3,0,False,,False,,14,hemisphere,hemisphere_P_mid_W01
0.27036456922926666,True,P_mid,0,,F2,25,True,,True,True,15,hemisphere,hemisphere_P_mid_W01
0.27025470816845465,True,P_mid,24,,F3,70,True,0.14450688380748034,True,True,15,hemisphere,hemisphere_P_mid_W01
,,P_mid,0,surface_length,F2,0,False,,False,,16,hemisphere,hemisphere_P_mid_W01
,,P_mid,0,surface_length,F3,0,False,,False,,16,hemisphere,hemisphere_P_mid_W01
0.276898589300968,True,P_mid,0,,F2,25,False,,True,True,17,hemisphere,hemisphere_P_mid_W01
0.27680357525851695,True,P_mid,24,,F3,70,False,0.07827858347445726,True,True,17,hemisphere,hemisphere_P_mid_W01
,,P_mid,0,surface_length,F2,0,False,,False,,18,hemisphere,hemisphere_P_mid_W01
,,P_mid,0,surface_length,F3,0,False,,False,,18,hemisphere,hemisphere_P_mid_W01
,,P_mid,0,surface_topology_or_turn,F2,0,False,,False,,19,hemisphere,hemisphere_P_mid_W01
,,P_mid,0,surface_topology_or_turn,F3,0,False,,False,,19,hemisphere,hemisphere_P_mid_W01
0.2717841635460248,True,P_mid,0,,F2,25,False,,True,True,20,hemisphere,hemisphere_P_mid_W01
0.27175818124662704,True,P_mid,24,,F3,70,False,0.14890856575220823,True,True,20,hemisphere,hemisphere_P_mid_W01
,,P_mid,0,surface_length,F2,0,False,,False,,21,hemisphere,hemisphere_P_mid_W01
,,P_mid,0,surface_length,F3,0,False,,False,,21,hemisphere,hemisphere_P_mid_W01
0.2862614455416939,True,P_mid,0,,F2,25,False,,True,True,22,hemisphere,hemisphere_P_mid_W01
0.2860593904917724,True,P_mid,24,,F3,70,False,0.06136231031268835,True,True,22,hemisphere,hemisphere_P_mid_W01
,,P_mid,0,surface_topology_or_turn,F2,0,False,,False,,23,hemisphere,hemisphere_P_mid_W01
,,P_mid,0,surface_topology_or_turn,F3,0,False,,False,,23,hemisphere,hemisphere_P_mid_W01
0.3288975591954704,True,P_mid,24,,F1,93,False,0.26463052444159985,True,True,fixed_surface,hemisphere,hemisphere_P_mid_W02
0.3371682257715789,True,P_mid,0,,F2,25,False,,True,True,0,hemisphere,hemisphere_P_mid_W02
0.3373259791128414,True,P_mid,24,,F3,70,False,0.1844952441751957,True,True,0,hemisphere,hemisphere_P_mid_W02
,,P_mid,0,surface_length,F2,0,False,,False,,1,hemisphere,hemisphere_P_mid_W02
,,P_mid,0,surface_length,F3,0,False,,False,,1,hemisphere,hemisphere_P_mid_W02
,,P_mid,0,surface_length,F2,0,False,,False,,2,hemisphere,hemisphere_P_mid_W02
,,P_mid,0,surface_length,F3,0,False,,False,,2,hemisphere,hemisphere_P_mid_W02
0.333201715098805,True,P_mid,0,,F2,25,False,,True,True,3,hemisphere,hemisphere_P_mid_W02
0.3331794735679489,True,P_mid,24,,F3,70,False,0.026437641121447086,True,True,3,hemisphere,hemisphere_P_mid_W02
0.33066822703586096,True,P_mid,0,,F2,25,False,,True,True,4,hemisphere,hemisphere_P_mid_W02
0.33050131554329815,True,P_mid,24,,F3,70,False,0.05628591775894165,True,True,4,hemisphere,hemisphere_P_mid_W02
0.3408842682222395,True,P_mid,0,,F2,25,False,,True,True,5,hemisphere,hemisphere_P_mid_W02
0.3411110465038639,True,P_mid,24,,F3,70,False,0.05775001272559166,True,True,5,hemisphere,hemisphere_P_mid_W02
0.3311648098400576,True,P_mid,0,,F2,25,False,,True,True,6,hemisphere,hemisphere_P_mid_W02
0.3309075060816555,True,P_mid,24,,F3,70,False,0.04786344151943922,True,True,6,hemisphere,hemisphere_P_mid_W02
0.33947535486587443,True,P_mid,0,,F2,25,False,,True,True,7,hemisphere,hemisphere_P_mid_W02
0.33969281605588353,True,P_mid,24,,F3,70,False,0.14357953518629074,True,True,7,hemisphere,hemisphere_P_mid_W02
,,P_mid,0,surface_length,F2,0,False,,False,,8,hemisphere,hemisphere_P_mid_W02
,,P_mid,0,surface_length,F3,0,False,,False,,8,hemisphere,hemisphere_P_mid_W02
0.3253836169904818,True,P_mid,0,,F2,25,True,,True,True,9,hemisphere,hemisphere_P_mid_W02
0.3254365283608593,True,P_mid,24,,F3,70,True,0.22690583020448685,True,True,9,hemisphere,hemisphere_P_mid_W02
0.3413374373296717,True,P_mid,0,,F2,25,False,,True,True,10,hemisphere,hemisphere_P_mid_W02
0.34125860879636516,True,P_mid,24,,F3,70,False,0.07478002924472094,True,True,10,hemisphere,hemisphere_P_mid_W02
,,P_mid,0,surface_length,F2,0,False,,False,,11,hemisphere,hemisphere_P_mid_W02
,,P_mid,0,surface_length,F3,0,False,,False,,11,hemisphere,hemisphere_P_mid_W02
0.35614790628772663,True,P_mid,0,,F2,25,False,,True,True,12,hemisphere,hemisphere_P_mid_W02
0.35577569227885986,True,P_mid,24,,F3,70,False,0.025508341379463673,True,True,12,hemisphere,hemisphere_P_mid_W02
0.3227747600463473,True,P_mid,0,,F2,25,True,,True,True,13,hemisphere,hemisphere_P_mid_W02
0.3230416339904711,True,P_mid,24,,F3,70,True,0.1839462798088789,True,True,13,hemisphere,hemisphere_P_mid_W02
0.32726466248991604,True,P_mid,0,,F2,25,False,,True,True,14,hemisphere,hemisphere_P_mid_W02
0.3273250400481254,True,P_mid,24,,F3,70,False,0.047118001617491245,True,True,14,hemisphere,hemisphere_P_mid_W02
0.3414042735811614,True,P_mid,0,,F2,25,False,,True,True,15,hemisphere,hemisphere_P_mid_W02
0.3415540095022123,True,P_mid,24,,F3,70,False,0.0848801713436842,True,True,15,hemisphere,hemisphere_P_mid_W02
0.33069867287961807,True,P_mid,0,,F2,25,False,,True,True,16,hemisphere,hemisphere_P_mid_W02
0.330704295407686,True,P_mid,24,,F3,70,False,0.03162206243723631,True,True,16,hemisphere,hemisphere_P_mid_W02
,,P_mid,0,surface_length,F2,0,False,,False,,17,hemisphere,hemisphere_P_mid_W02
,,P_mid,0,surface_length,F3,0,False,,False,,17,hemisphere,hemisphere_P_mid_W02
0.34582505435952393,True,P_mid,0,,F2,25,False,,True,True,18,hemisphere,hemisphere_P_mid_W02
0.3456851054150928,True,P_mid,24,,F3,70,False,0.059725139290094376,True,True,18,hemisphere,hemisphere_P_mid_W02
0.3276080396379447,True,P_mid,0,,F2,25,False,,True,True,19,hemisphere,hemisphere_P_mid_W02
0.3280100618170239,True,P_mid,24,,F3,70,False,0.21498603839427233,True,True,19,hemisphere,hemisphere_P_mid_W02
0.3234976494596897,True,P_mid,0,,F2,25,False,,True,True,20,hemisphere,hemisphere_P_mid_W02
0.32373328019487324,True,P_mid,24,,F3,70,False,0.03597589023411274,True,True,20,hemisphere,hemisphere_P_mid_W02
0.3564710952248682,True,P_mid,0,,F2,25,False,,True,True,21,hemisphere,hemisphere_P_mid_W02
0.35623911727461377,True,P_mid,24,,F3,70,False,0.05388575233519077,True,True,21,hemisphere,hemisphere_P_mid_W02
,,P_mid,0,surface_length,F2,0,False,,False,,22,hemisphere,hemisphere_P_mid_W02
,,P_mid,0,surface_length,F3,0,False,,False,,22,hemisphere,hemisphere_P_mid_W02
0.33659604762954487,True,P_mid,0,,F2,25,False,,True,True,23,hemisphere,hemisphere_P_mid_W02
0.33689890975858905,True,P_mid,24,,F3,70,False,0.1732512777671218,True,True,23,hemisphere,hemisphere_P_mid_W02
1.154634484423539,True,P_mid,164,,F1,632,False,0.5874918065965176,True,True,fixed_surface,hemisphere,hemisphere_P_mid_W03
,,P_mid,0,surface_topology_or_turn,F2,0,False,,False,,0,hemisphere,hemisphere_P_mid_W03
,,P_mid,0,surface_topology_or_turn,F3,0,False,,False,,0,hemisphere,hemisphere_P_mid_W03
,,P_mid,0,surface_topology_or_turn,F2,0,False,,False,,1,hemisphere,hemisphere_P_mid_W03
,,P_mid,0,surface_topology_or_turn,F3,0,False,,False,,1,hemisphere,hemisphere_P_mid_W03
,,P_mid,0,surface_topology_or_turn,F2,0,False,,False,,2,hemisphere,hemisphere_P_mid_W03
,,P_mid,0,surface_topology_or_turn,F3,0,False,,False,,2,hemisphere,hemisphere_P_mid_W03
,,P_mid,0,surface_topology_or_turn,F2,0,False,,False,,3,hemisphere,hemisphere_P_mid_W03
,,P_mid,0,surface_topology_or_turn,F3,0,False,,False,,3,hemisphere,hemisphere_P_mid_W03
,,P_mid,0,surface_topology_or_turn,F2,0,False,,False,,4,hemisphere,hemisphere_P_mid_W03
,,P_mid,0,surface_topology_or_turn,F3,0,False,,False,,4,hemisphere,hemisphere_P_mid_W03
,,P_mid,0,surface_topology_or_turn,F2,0,False,,False,,5,hemisphere,hemisphere_P_mid_W03
,,P_mid,0,surface_topology_or_turn,F3,0,False,,False,,5,hemisphere,hemisphere_P_mid_W03
,,P_mid,0,surface_topology_or_turn,F2,0,False,,False,,6,hemisphere,hemisphere_P_mid_W03
,,P_mid,0,surface_topology_or_turn,F3,0,False,,False,,6,hemisphere,hemisphere_P_mid_W03
,,P_mid,0,surface_topology_or_turn,F2,0,False,,False,,7,hemisphere,hemisphere_P_mid_W03
,,P_mid,0,surface_topology_or_turn,F3,0,False,,False,,7,hemisphere,hemisphere_P_mid_W03
,,P_mid,0,surface_topology_or_turn,F2,0,False,,False,,8,hemisphere,hemisphere_P_mid_W03
,,P_mid,0,surface_topology_or_turn,F3,0,False,,False,,8,hemisphere,hemisphere_P_mid_W03
,,P_mid,0,surface_topology_or_turn,F2,0,False,,False,,9,hemisphere,hemisphere_P_mid_W03
,,P_mid,0,surface_topology_or_turn,F3,0,False,,False,,9,hemisphere,hemisphere_P_mid_W03
,,P_mid,0,surface_topology_or_turn,F2,0,False,,False,,10,hemisphere,hemisphere_P_mid_W03
,,P_mid,0,surface_topology_or_turn,F3,0,False,,False,,10,hemisphere,hemisphere_P_mid_W03
,,P_mid,0,surface_topology_or_turn,F2,0,False,,False,,11,hemisphere,hemisphere_P_mid_W03
,,P_mid,0,surface_topology_or_turn,F3,0,False,,False,,11,hemisphere,hemisphere_P_mid_W03
,,P_mid,0,surface_topology_or_turn,F2,0,False,,False,,12,hemisphere,hemisphere_P_mid_W03
,,P_mid,0,surface_topology_or_turn,F3,0,False,,False,,12,hemisphere,hemisphere_P_mid_W03
,,P_mid,0,surface_topology_or_turn,F2,0,False,,False,,13,hemisphere,hemisphere_P_mid_W03
,,P_mid,0,surface_topology_or_turn,F3,0,False,,False,,13,hemisphere,hemisphere_P_mid_W03
,,P_mid,0,surface_topology_or_turn,F2,0,False,,False,,14,hemisphere,hemisphere_P_mid_W03
,,P_mid,0,surface_topology_or_turn,F3,0,False,,False,,14,hemisphere,hemisphere_P_mid_W03
,,P_mid,0,surface_topology_or_turn,F2,0,False,,False,,15,hemisphere,hemisphere_P_mid_W03
,,P_mid,0,surface_topology_or_turn,F3,0,False,,False,,15,hemisphere,hemisphere_P_mid_W03
,,P_mid,0,surface_topology_or_turn,F2,0,False,,False,,16,hemisphere,hemisphere_P_mid_W03
,,P_mid,0,surface_topology_or_turn,F3,0,False,,False,,16,hemisphere,hemisphere_P_mid_W03
,,P_mid,0,surface_topology_or_turn,F2,0,False,,False,,17,hemisphere,hemisphere_P_mid_W03
,,P_mid,0,surface_topology_or_turn,F3,0,False,,False,,17,hemisphere,hemisphere_P_mid_W03
,,P_mid,0,surface_topology_or_turn,F2,0,False,,False,,18,hemisphere,hemisphere_P_mid_W03
,,P_mid,0,surface_topology_or_turn,F3,0,False,,False,,18,hemisphere,hemisphere_P_mid_W03
,,P_mid,0,surface_topology_or_turn,F2,0,False,,False,,19,hemisphere,hemisphere_P_mid_W03
,,P_mid,0,surface_topology_or_turn,F3,0,False,,False,,19,hemisphere,hemisphere_P_mid_W03
,,P_mid,0,surface_topology_or_turn,F2,0,False,,False,,20,hemisphere,hemisphere_P_mid_W03
,,P_mid,0,surface_topology_or_turn,F3,0,False,,False,,20,hemisphere,hemisphere_P_mid_W03
,,P_mid,0,surface_topology_or_turn,F2,0,False,,False,,21,hemisphere,hemisphere_P_mid_W03
,,P_mid,0,surface_topology_or_turn,F3,0,False,,False,,21,hemisphere,hemisphere_P_mid_W03
,,P_mid,0,surface_topology_or_turn,F2,0,False,,False,,22,hemisphere,hemisphere_P_mid_W03
,,P_mid,0,surface_topology_or_turn,F3,0,False,,False,,22,hemisphere,hemisphere_P_mid_W03
,,P_mid,0,surface_topology_or_turn,F2,0,False,,False,,23,hemisphere,hemisphere_P_mid_W03
,,P_mid,0,surface_topology_or_turn,F3,0,False,,False,,23,hemisphere,hemisphere_P_mid_W03
0.8026627219868667,True,P_mid,26,,F1,101,False,0.11972144898027182,True,True,fixed_surface,hemisphere,hemisphere_P_mid_W04
,,P_mid,0,surface_topology_or_turn,F2,0,False,,False,,0,hemisphere,hemisphere_P_mid_W04
,,P_mid,0,surface_topology_or_turn,F3,0,False,,False,,0,hemisphere,hemisphere_P_mid_W04
,,P_mid,0,surface_topology_or_turn,F2,0,False,,False,,1,hemisphere,hemisphere_P_mid_W04
,,P_mid,0,surface_topology_or_turn,F3,0,False,,False,,1,hemisphere,hemisphere_P_mid_W04
,,P_mid,0,surface_topology_or_turn,F2,0,False,,False,,2,hemisphere,hemisphere_P_mid_W04
,,P_mid,0,surface_topology_or_turn,F3,0,False,,False,,2,hemisphere,hemisphere_P_mid_W04
,,P_mid,0,surface_topology_or_turn,F2,0,False,,False,,3,hemisphere,hemisphere_P_mid_W04
,,P_mid,0,surface_topology_or_turn,F3,0,False,,False,,3,hemisphere,hemisphere_P_mid_W04
,,P_mid,0,surface_topology_or_turn,F2,0,False,,False,,4,hemisphere,hemisphere_P_mid_W04
,,P_mid,0,surface_topology_or_turn,F3,0,False,,False,,4,hemisphere,hemisphere_P_mid_W04
,,P_mid,0,surface_topology_or_turn,F2,0,False,,False,,5,hemisphere,hemisphere_P_mid_W04
,,P_mid,0,surface_topology_or_turn,F3,0,False,,False,,5,hemisphere,hemisphere_P_mid_W04
,,P_mid,0,surface_topology_or_turn,F2,0,False,,False,,6,hemisphere,hemisphere_P_mid_W04
,,P_mid,0,surface_topology_or_turn,F3,0,False,,False,,6,hemisphere,hemisphere_P_mid_W04
,,P_mid,0,surface_topology_or_turn,F2,0,False,,False,,7,hemisphere,hemisphere_P_mid_W04
,,P_mid,0,surface_topology_or_turn,F3,0,False,,False,,7,hemisphere,hemisphere_P_mid_W04
,,P_mid,0,surface_topology_or_turn,F2,0,False,,False,,8,hemisphere,hemisphere_P_mid_W04
,,P_mid,0,surface_topology_or_turn,F3,0,False,,False,,8,hemisphere,hemisphere_P_mid_W04
,,P_mid,0,surface_topology_or_turn,F2,0,False,,False,,9,hemisphere,hemisphere_P_mid_W04
,,P_mid,0,surface_topology_or_turn,F3,0,False,,False,,9,hemisphere,hemisphere_P_mid_W04
,,P_mid,0,surface_topology_or_turn,F2,0,False,,False,,10,hemisphere,hemisphere_P_mid_W04
,,P_mid,0,surface_topology_or_turn,F3,0,False,,False,,10,hemisphere,hemisphere_P_mid_W04
,,P_mid,0,surface_topology_or_turn,F2,0,False,,False,,11,hemisphere,hemisphere_P_mid_W04
,,P_mid,0,surface_topology_or_turn,F3,0,False,,False,,11,hemisphere,hemisphere_P_mid_W04
,,P_mid,0,surface_topology_or_turn,F2,0,False,,False,,12,hemisphere,hemisphere_P_mid_W04
,,P_mid,0,surface_topology_or_turn,F3,0,False,,False,,12,hemisphere,hemisphere_P_mid_W04
,,P_mid,0,surface_topology_or_turn,F2,0,False,,False,,13,hemisphere,hemisphere_P_mid_W04
,,P_mid,0,surface_topology_or_turn,F3,0,False,,False,,13,hemisphere,hemisphere_P_mid_W04
,,P_mid,0,surface_topology_or_turn,F2,0,False,,False,,14,hemisphere,hemisphere_P_mid_W04
,,P_mid,0,surface_topology_or_turn,F3,0,False,,False,,14,hemisphere,hemisphere_P_mid_W04
,,P_mid,0,surface_topology_or_turn,F2,0,False,,False,,15,hemisphere,hemisphere_P_mid_W04
,,P_mid,0,surface_topology_or_turn,F3,0,False,,False,,15,hemisphere,hemisphere_P_mid_W04
,,P_mid,0,surface_topology_or_turn,F2,0,False,,False,,16,hemisphere,hemisphere_P_mid_W04
,,P_mid,0,surface_topology_or_turn,F3,0,False,,False,,16,hemisphere,hemisphere_P_mid_W04
,,P_mid,0,surface_topology_or_turn,F2,0,False,,False,,17,hemisphere,hemisphere_P_mid_W04
,,P_mid,0,surface_topology_or_turn,F3,0,False,,False,,17,hemisphere,hemisphere_P_mid_W04
,,P_mid,0,surface_topology_or_turn,F2,0,False,,False,,18,hemisphere,hemisphere_P_mid_W04
,,P_mid,0,surface_topology_or_turn,F3,0,False,,False,,18,hemisphere,hemisphere_P_mid_W04
,,P_mid,0,surface_topology_or_turn,F2,0,False,,False,,19,hemisphere,hemisphere_P_mid_W04
,,P_mid,0,surface_topology_or_turn,F3,0,False,,False,,19,hemisphere,hemisphere_P_mid_W04
,,P_mid,0,surface_topology_or_turn,F2,0,False,,False,,20,hemisphere,hemisphere_P_mid_W04
,,P_mid,0,surface_topology_or_turn,F3,0,False,,False,,20,hemisphere,hemisphere_P_mid_W04
,,P_mid,0,surface_topology_or_turn,F2,0,False,,False,,21,hemisphere,hemisphere_P_mid_W04
,,P_mid,0,surface_topology_or_turn,F3,0,False,,False,,21,hemisphere,hemisphere_P_mid_W04
,,P_mid,0,surface_topology_or_turn,F2,0,False,,False,,22,hemisphere,hemisphere_P_mid_W04
,,P_mid,0,surface_topology_or_turn,F3,0,False,,False,,22,hemisphere,hemisphere_P_mid_W04
,,P_mid,0,surface_topology_or_turn,F2,0,False,,False,,23,hemisphere,hemisphere_P_mid_W04
,,P_mid,0,surface_topology_or_turn,F3,0,False,,False,,23,hemisphere,hemisphere_P_mid_W04
0.6001178689960485,True,P_mid,25,,F1,97,False,0.18768489826470613,True,True,fixed_surface,hemisphere,hemisphere_P_mid_W05
,,P_mid,0,surface_topology_or_turn,F2,0,False,,False,,0,hemisphere,hemisphere_P_mid_W05
,,P_mid,0,surface_topology_or_turn,F3,0,False,,False,,0,hemisphere,hemisphere_P_mid_W05
0.5956229546681043,True,P_mid,0,,F2,26,True,,True,True,1,hemisphere,hemisphere_P_mid_W05
0.5958612699123296,True,P_mid,25,,F3,73,True,0.042782969772815704,True,True,1,hemisphere,hemisphere_P_mid_W05
,,P_mid,0,surface_topology_or_turn,F2,0,False,,False,,2,hemisphere,hemisphere_P_mid_W05
,,P_mid,0,surface_topology_or_turn,F3,0,False,,False,,2,hemisphere,hemisphere_P_mid_W05
0.5991602713932653,True,P_mid,0,,F2,26,False,,True,True,3,hemisphere,hemisphere_P_mid_W05
0.5989825529764299,True,P_mid,25,,F3,73,False,0.03713949304074049,True,True,3,hemisphere,hemisphere_P_mid_W05
,,P_mid,0,surface_topology_or_turn,F2,0,False,,False,,4,hemisphere,hemisphere_P_mid_W05
,,P_mid,0,surface_topology_or_turn,F3,0,False,,False,,4,hemisphere,hemisphere_P_mid_W05
,,P_mid,0,surface_topology_or_turn,F2,0,False,,False,,5,hemisphere,hemisphere_P_mid_W05
,,P_mid,0,surface_topology_or_turn,F3,0,False,,False,,5,hemisphere,hemisphere_P_mid_W05
,,P_mid,0,surface_topology_or_turn,F2,0,False,,False,,6,hemisphere,hemisphere_P_mid_W05
,,P_mid,0,surface_topology_or_turn,F3,0,False,,False,,6,hemisphere,hemisphere_P_mid_W05
0.5967106865427714,True,P_mid,0,,F2,26,False,,True,True,7,hemisphere,hemisphere_P_mid_W05
0.5963992253485307,True,P_mid,25,,F3,73,False,0.04475097917020321,True,True,7,hemisphere,hemisphere_P_mid_W05
,,P_mid,0,surface_topology_or_turn,F2,0,False,,False,,8,hemisphere,hemisphere_P_mid_W05
,,P_mid,0,surface_topology_or_turn,F3,0,False,,False,,8,hemisphere,hemisphere_P_mid_W05
,,P_mid,0,surface_topology_or_turn,F2,0,False,,False,,9,hemisphere,hemisphere_P_mid_W05
,,P_mid,0,surface_topology_or_turn,F3,0,False,,False,,9,hemisphere,hemisphere_P_mid_W05
,,P_mid,0,surface_topology_or_turn,F2,0,False,,False,,10,hemisphere,hemisphere_P_mid_W05
,,P_mid,0,surface_topology_or_turn,F3,0,False,,False,,10,hemisphere,hemisphere_P_mid_W05
0.6038527020355209,True,P_mid,0,,F2,26,False,,True,True,11,hemisphere,hemisphere_P_mid_W05
0.6037886439210757,True,P_mid,25,,F3,73,False,0.07837462332099676,True,True,11,hemisphere,hemisphere_P_mid_W05
,,P_mid,0,surface_topology_or_turn,F2,0,False,,False,,12,hemisphere,hemisphere_P_mid_W05
,,P_mid,0,surface_topology_or_turn,F3,0,False,,False,,12,hemisphere,hemisphere_P_mid_W05
,,P_mid,0,surface_topology_or_turn,F2,0,False,,False,,13,hemisphere,hemisphere_P_mid_W05
,,P_mid,0,surface_topology_or_turn,F3,0,False,,False,,13,hemisphere,hemisphere_P_mid_W05
,,P_mid,0,surface_topology_or_turn,F2,0,False,,False,,14,hemisphere,hemisphere_P_mid_W05
,,P_mid,0,surface_topology_or_turn,F3,0,False,,False,,14,hemisphere,hemisphere_P_mid_W05
0.603469086079937,True,P_mid,0,,F2,26,False,,True,True,15,hemisphere,hemisphere_P_mid_W05
0.603617337917252,True,P_mid,25,,F3,73,False,0.03907179180532694,True,True,15,hemisphere,hemisphere_P_mid_W05
,,P_mid,0,surface_topology_or_turn,F2,0,False,,False,,16,hemisphere,hemisphere_P_mid_W05
,,P_mid,0,surface_topology_or_turn,F3,0,False,,False,,16,hemisphere,hemisphere_P_mid_W05
,,P_mid,0,surface_topology_or_turn,F2,0,False,,False,,17,hemisphere,hemisphere_P_mid_W05
,,P_mid,0,surface_topology_or_turn,F3,0,False,,False,,17,hemisphere,hemisphere_P_mid_W05
,,P_mid,0,surface_topology_or_turn,F2,0,False,,False,,18,hemisphere,hemisphere_P_mid_W05
,,P_mid,0,surface_topology_or_turn,F3,0,False,,False,,18,hemisphere,hemisphere_P_mid_W05
0.5949977278883385,True,P_mid,0,,F2,26,True,,True,True,19,hemisphere,hemisphere_P_mid_W05
0.5953541778597229,True,P_mid,25,,F3,73,True,0.14244461618363857,True,True,19,hemisphere,hemisphere_P_mid_W05
,,P_mid,0,surface_topology_or_turn,F2,0,False,,False,,20,hemisphere,hemisphere_P_mid_W05
,,P_mid,0,surface_topology_or_turn,F3,0,False,,False,,20,hemisphere,hemisphere_P_mid_W05
,,P_mid,0,surface_topology_or_turn,F2,0,False,,False,,21,hemisphere,hemisphere_P_mid_W05
,,P_mid,0,surface_topology_or_turn,F3,0,False,,False,,21,hemisphere,hemisphere_P_mid_W05
,,P_mid,0,surface_topology_or_turn,F2,0,False,,False,,22,hemisphere,hemisphere_P_mid_W05
,,P_mid,0,surface_topology_or_turn,F3,0,False,,False,,22,hemisphere,hemisphere_P_mid_W05
0.5980235607293823,True,P_mid,0,,F2,26,False,,True,True,23,hemisphere,hemisphere_P_mid_W05
0.5975930947575485,True,P_mid,25,,F3,73,False,0.2398759452626109,True,True,23,hemisphere,hemisphere_P_mid_W05
0.5318214259490881,True,P_mid,25,,F1,97,False,0.23439678270369768,True,True,fixed_surface,hemisphere,hemisphere_P_mid_W06
,,P_mid,0,surface_topology_or_turn,F2,0,False,,False,,0,hemisphere,hemisphere_P_mid_W06
,,P_mid,0,surface_topology_or_turn,F3,0,False,,False,,0,hemisphere,hemisphere_P_mid_W06
0.532583396915799,True,P_mid,0,,F2,26,False,,True,True,1,hemisphere,hemisphere_P_mid_W06
0.5323638082853525,True,P_mid,25,,F3,73,False,0.03438190184533596,True,True,1,hemisphere,hemisphere_P_mid_W06
,,P_mid,0,surface_length,F2,0,False,,False,,2,hemisphere,hemisphere_P_mid_W06
,,P_mid,0,surface_length,F3,0,False,,False,,2,hemisphere,hemisphere_P_mid_W06
,,P_mid,0,surface_length,F2,0,False,,False,,3,hemisphere,hemisphere_P_mid_W06
,,P_mid,0,surface_length,F3,0,False,,False,,3,hemisphere,hemisphere_P_mid_W06
,,P_mid,0,surface_topology_or_turn,F2,0,False,,False,,4,hemisphere,hemisphere_P_mid_W06
,,P_mid,0,surface_topology_or_turn,F3,0,False,,False,,4,hemisphere,hemisphere_P_mid_W06
,,P_mid,0,surface_length,F2,0,False,,False,,5,hemisphere,hemisphere_P_mid_W06
,,P_mid,0,surface_length,F3,0,False,,False,,5,hemisphere,hemisphere_P_mid_W06
,,P_mid,0,surface_length,F2,0,False,,False,,6,hemisphere,hemisphere_P_mid_W06
,,P_mid,0,surface_length,F3,0,False,,False,,6,hemisphere,hemisphere_P_mid_W06
,,P_mid,0,surface_length,F2,0,False,,False,,7,hemisphere,hemisphere_P_mid_W06
,,P_mid,0,surface_length,F3,0,False,,False,,7,hemisphere,hemisphere_P_mid_W06
0.5393195252707066,True,P_mid,0,,F2,26,False,,True,True,8,hemisphere,hemisphere_P_mid_W06
0.5394192792867716,True,P_mid,25,,F3,73,False,0.0575728602707386,True,True,8,hemisphere,hemisphere_P_mid_W06
,,P_mid,0,surface_length,F2,0,False,,False,,9,hemisphere,hemisphere_P_mid_W06
,,P_mid,0,surface_length,F3,0,False,,False,,9,hemisphere,hemisphere_P_mid_W06
0.5409523704049478,True,P_mid,0,,F2,26,False,,True,True,10,hemisphere,hemisphere_P_mid_W06
0.5408248827111128,True,P_mid,25,,F3,73,False,0.19643608666956425,True,True,10,hemisphere,hemisphere_P_mid_W06
0.5269602522883771,True,P_mid,0,,F2,26,True,,True,True,11,hemisphere,hemisphere_P_mid_W06
0.5268415244813653,True,P_mid,25,,F3,73,True,0.06238993164151907,True,True,11,hemisphere,hemisphere_P_mid_W06
,,P_mid,0,surface_topology_or_turn,F2,0,False,,False,,12,hemisphere,hemisphere_P_mid_W06
,,P_mid,0,surface_topology_or_turn,F3,0,False,,False,,12,hemisphere,hemisphere_P_mid_W06
,,P_mid,0,surface_length,F2,0,False,,False,,13,hemisphere,hemisphere_P_mid_W06
,,P_mid,0,surface_length,F3,0,False,,False,,13,hemisphere,hemisphere_P_mid_W06
,,P_mid,0,surface_length,F2,0,False,,False,,14,hemisphere,hemisphere_P_mid_W06
,,P_mid,0,surface_length,F3,0,False,,False,,14,hemisphere,hemisphere_P_mid_W06
,,P_mid,0,surface_topology_or_turn,F2,0,False,,False,,15,hemisphere,hemisphere_P_mid_W06
,,P_mid,0,surface_topology_or_turn,F3,0,False,,False,,15,hemisphere,hemisphere_P_mid_W06
,,P_mid,0,surface_topology_or_turn,F2,0,False,,False,,16,hemisphere,hemisphere_P_mid_W06
,,P_mid,0,surface_topology_or_turn,F3,0,False,,False,,16,hemisphere,hemisphere_P_mid_W06
,,P_mid,0,surface_length,F2,0,False,,False,,17,hemisphere,hemisphere_P_mid_W06
,,P_mid,0,surface_length,F3,0,False,,False,,17,hemisphere,hemisphere_P_mid_W06
,,P_mid,0,surface_topology_or_turn,F2,0,False,,False,,18,hemisphere,hemisphere_P_mid_W06
,,P_mid,0,surface_topology_or_turn,F3,0,False,,False,,18,hemisphere,hemisphere_P_mid_W06
0.5341905213231662,True,P_mid,0,,F2,26,False,,True,True,19,hemisphere,hemisphere_P_mid_W06
0.5340374061452645,True,P_mid,25,,F3,73,False,0.1372047085314989,True,True,19,hemisphere,hemisphere_P_mid_W06
,,P_mid,0,surface_topology_or_turn,F2,0,False,,False,,20,hemisphere,hemisphere_P_mid_W06
,,P_mid,0,surface_topology_or_turn,F3,0,False,,False,,20,hemisphere,hemisphere_P_mid_W06
,,P_mid,0,surface_length,F2,0,False,,False,,21,hemisphere,hemisphere_P_mid_W06
,,P_mid,0,surface_length,F3,0,False,,False,,21,hemisphere,hemisphere_P_mid_W06
0.5406738986779697,True,P_mid,0,,F2,26,False,,True,True,22,hemisphere,hemisphere_P_mid_W06
0.5403837774303561,True,P_mid,25,,F3,73,False,0.02865784615278244,True,True,22,hemisphere,hemisphere_P_mid_W06
,,P_mid,0,surface_length,F2,0,False,,False,,23,hemisphere,hemisphere_P_mid_W06
,,P_mid,0,surface_length,F3,0,False,,False,,23,hemisphere,hemisphere_P_mid_W06
0.6298206676492579,True,P_mid,26,,F1,101,False,0.17226344253867865,True,True,fixed_surface,hemisphere,hemisphere_P_mid_W07
,,P_mid,0,surface_topology_or_turn,F2,0,False,,False,,0,hemisphere,hemisphere_P_mid_W07
,,P_mid,0,surface_topology_or_turn,F3,0,False,,False,,0,hemisphere,hemisphere_P_mid_W07
,,P_mid,0,surface_topology_or_turn,F2,0,False,,False,,1,hemisphere,hemisphere_P_mid_W07
,,P_mid,0,surface_topology_or_turn,F3,0,False,,False,,1,hemisphere,hemisphere_P_mid_W07
,,P_mid,0,surface_topology_or_turn,F2,0,False,,False,,2,hemisphere,hemisphere_P_mid_W07
,,P_mid,0,surface_topology_or_turn,F3,0,False,,False,,2,hemisphere,hemisphere_P_mid_W07
,,P_mid,0,surface_topology_or_turn,F2,0,False,,False,,3,hemisphere,hemisphere_P_mid_W07
,,P_mid,0,surface_topology_or_turn,F3,0,False,,False,,3,hemisphere,hemisphere_P_mid_W07
,,P_mid,0,surface_topology_or_turn,F2,0,False,,False,,4,hemisphere,hemisphere_P_mid_W07
,,P_mid,0,surface_topology_or_turn,F3,0,False,,False,,4,hemisphere,hemisphere_P_mid_W07
,,P_mid,0,surface_topology_or_turn,F2,0,False,,False,,5,hemisphere,hemisphere_P_mid_W07
,,P_mid,0,surface_topology_or_turn,F3,0,False,,False,,5,hemisphere,hemisphere_P_mid_W07
,,P_mid,0,surface_topology_or_turn,F2,0,False,,False,,6,hemisphere,hemisphere_P_mid_W07
,,P_mid,0,surface_topology_or_turn,F3,0,False,,False,,6,hemisphere,hemisphere_P_mid_W07
,,P_mid,0,surface_topology_or_turn,F2,0,False,,False,,7,hemisphere,hemisphere_P_mid_W07
,,P_mid,0,surface_topology_or_turn,F3,0,False,,False,,7,hemisphere,hemisphere_P_mid_W07
,,P_mid,0,surface_topology_or_turn,F2,0,False,,False,,8,hemisphere,hemisphere_P_mid_W07
,,P_mid,0,surface_topology_or_turn,F3,0,False,,False,,8,hemisphere,hemisphere_P_mid_W07
,,P_mid,0,surface_topology_or_turn,F2,0,False,,False,,9,hemisphere,hemisphere_P_mid_W07
,,P_mid,0,surface_topology_or_turn,F3,0,False,,False,,9,hemisphere,hemisphere_P_mid_W07
,,P_mid,0,surface_topology_or_turn,F2,0,False,,False,,10,hemisphere,hemisphere_P_mid_W07
,,P_mid,0,surface_topology_or_turn,F3,0,False,,False,,10,hemisphere,hemisphere_P_mid_W07
,,P_mid,0,surface_topology_or_turn,F2,0,False,,False,,11,hemisphere,hemisphere_P_mid_W07
,,P_mid,0,surface_topology_or_turn,F3,0,False,,False,,11,hemisphere,hemisphere_P_mid_W07
,,P_mid,0,surface_topology_or_turn,F2,0,False,,False,,12,hemisphere,hemisphere_P_mid_W07
,,P_mid,0,surface_topology_or_turn,F3,0,False,,False,,12,hemisphere,hemisphere_P_mid_W07
,,P_mid,0,surface_topology_or_turn,F2,0,False,,False,,13,hemisphere,hemisphere_P_mid_W07
,,P_mid,0,surface_topology_or_turn,F3,0,False,,False,,13,hemisphere,hemisphere_P_mid_W07
,,P_mid,0,surface_topology_or_turn,F2,0,False,,False,,14,hemisphere,hemisphere_P_mid_W07
,,P_mid,0,surface_topology_or_turn,F3,0,False,,False,,14,hemisphere,hemisphere_P_mid_W07
,,P_mid,0,surface_topology_or_turn,F2,0,False,,False,,15,hemisphere,hemisphere_P_mid_W07
,,P_mid,0,surface_topology_or_turn,F3,0,False,,False,,15,hemisphere,hemisphere_P_mid_W07
,,P_mid,0,surface_topology_or_turn,F2,0,False,,False,,16,hemisphere,hemisphere_P_mid_W07
,,P_mid,0,surface_topology_or_turn,F3,0,False,,False,,16,hemisphere,hemisphere_P_mid_W07
,,P_mid,0,surface_topology_or_turn,F2,0,False,,False,,17,hemisphere,hemisphere_P_mid_W07
,,P_mid,0,surface_topology_or_turn,F3,0,False,,False,,17,hemisphere,hemisphere_P_mid_W07
,,P_mid,0,surface_topology_or_turn,F2,0,False,,False,,18,hemisphere,hemisphere_P_mid_W07
,,P_mid,0,surface_topology_or_turn,F3,0,False,,False,,18,hemisphere,hemisphere_P_mid_W07
,,P_mid,0,surface_topology_or_turn,F2,0,False,,False,,19,hemisphere,hemisphere_P_mid_W07
,,P_mid,0,surface_topology_or_turn,F3,0,False,,False,,19,hemisphere,hemisphere_P_mid_W07
,,P_mid,0,surface_topology_or_turn,F2,0,False,,False,,20,hemisphere,hemisphere_P_mid_W07
,,P_mid,0,surface_topology_or_turn,F3,0,False,,False,,20,hemisphere,hemisphere_P_mid_W07
,,P_mid,0,surface_topology_or_turn,F2,0,False,,False,,21,hemisphere,hemisphere_P_mid_W07
,,P_mid,0,surface_topology_or_turn,F3,0,False,,False,,21,hemisphere,hemisphere_P_mid_W07
,,P_mid,0,surface_topology_or_turn,F2,0,False,,False,,22,hemisphere,hemisphere_P_mid_W07
,,P_mid,0,surface_topology_or_turn,F3,0,False,,False,,22,hemisphere,hemisphere_P_mid_W07
,,P_mid,0,surface_topology_or_turn,F2,0,False,,False,,23,hemisphere,hemisphere_P_mid_W07
,,P_mid,0,surface_topology_or_turn,F3,0,False,,False,,23,hemisphere,hemisphere_P_mid_W07
0.458285246444086,True,P_mid,26,,F1,101,False,0.13978707510977983,True,True,fixed_surface,hemisphere,hemisphere_P_mid_W08
,,P_mid,0,surface_topology_or_turn,F2,0,False,,False,,0,hemisphere,hemisphere_P_mid_W08
,,P_mid,0,surface_topology_or_turn,F3,0,False,,False,,0,hemisphere,hemisphere_P_mid_W08
,,P_mid,0,surface_topology_or_turn,F2,0,False,,False,,1,hemisphere,hemisphere_P_mid_W08
,,P_mid,0,surface_topology_or_turn,F3,0,False,,False,,1,hemisphere,hemisphere_P_mid_W08
,,P_mid,0,surface_length,F2,0,False,,False,,2,hemisphere,hemisphere_P_mid_W08
,,P_mid,0,surface_length,F3,0,False,,False,,2,hemisphere,hemisphere_P_mid_W08
,,P_mid,0,surface_topology_or_turn,F2,0,False,,False,,3,hemisphere,hemisphere_P_mid_W08
,,P_mid,0,surface_topology_or_turn,F3,0,False,,False,,3,hemisphere,hemisphere_P_mid_W08
,,P_mid,0,surface_topology_or_turn,F2,0,False,,False,,4,hemisphere,hemisphere_P_mid_W08
,,P_mid,0,surface_topology_or_turn,F3,0,False,,False,,4,hemisphere,hemisphere_P_mid_W08
0.4625957926937652,True,P_mid,0,,F2,27,False,,True,True,5,hemisphere,hemisphere_P_mid_W08
0.46278484281758747,True,P_mid,26,,F3,76,False,0.059606402181088924,True,True,5,hemisphere,hemisphere_P_mid_W08
0.4548169760353724,True,P_mid,0,,F2,27,True,,True,True,6,hemisphere,hemisphere_P_mid_W08
0.45486147024037477,True,P_mid,26,,F3,76,True,0.028308631852269173,True,True,6,hemisphere,hemisphere_P_mid_W08
,,P_mid,0,surface_topology_or_turn,F2,0,False,,False,,7,hemisphere,hemisphere_P_mid_W08
,,P_mid,0,surface_topology_or_turn,F3,0,False,,False,,7,hemisphere,hemisphere_P_mid_W08
,,P_mid,0,surface_topology_or_turn,F2,0,False,,False,,8,hemisphere,hemisphere_P_mid_W08
,,P_mid,0,surface_topology_or_turn,F3,0,False,,False,,8,hemisphere,hemisphere_P_mid_W08
0.46531847954580796,True,P_mid,0,,F2,27,False,,True,True,9,hemisphere,hemisphere_P_mid_W08
0.4653710366510033,True,P_mid,26,,F3,76,False,0.056374615989625454,True,True,9,hemisphere,hemisphere_P_mid_W08
0.46492414094969775,True,P_mid,0,,F2,27,False,,True,True,10,hemisphere,hemisphere_P_mid_W08
0.4651177457594077,True,P_mid,26,,F3,76,False,0.02745288796722889,True,True,10,hemisphere,hemisphere_P_mid_W08
,,P_mid,0,surface_topology_or_turn,F2,0,False,,False,,11,hemisphere,hemisphere_P_mid_W08
,,P_mid,0,surface_topology_or_turn,F3,0,False,,False,,11,hemisphere,hemisphere_P_mid_W08
0.4621067787517888,True,P_mid,0,,F2,27,False,,True,True,12,hemisphere,hemisphere_P_mid_W08
0.4619923577009315,True,P_mid,26,,F3,76,False,0.10922538582235575,True,True,12,hemisphere,hemisphere_P_mid_W08
,,P_mid,0,surface_length,F2,0,False,,False,,13,hemisphere,hemisphere_P_mid_W08
,,P_mid,0,surface_length,F3,0,False,,False,,13,hemisphere,hemisphere_P_mid_W08
0.45815308844715696,True,P_mid,0,,F2,27,False,,True,True,14,hemisphere,hemisphere_P_mid_W08
0.4581318704408247,True,P_mid,26,,F3,76,False,0.25363424699753523,True,True,14,hemisphere,hemisphere_P_mid_W08
,,P_mid,0,surface_topology_or_turn,F2,0,False,,False,,15,hemisphere,hemisphere_P_mid_W08
,,P_mid,0,surface_topology_or_turn,F3,0,False,,False,,15,hemisphere,hemisphere_P_mid_W08
,,P_mid,0,surface_topology_or_turn,F2,0,False,,False,,16,hemisphere,hemisphere_P_mid_W08
,,P_mid,0,surface_topology_or_turn,F3,0,False,,False,,16,hemisphere,hemisphere_P_mid_W08
0.4587570756672903,True,P_mid,0,,F2,27,False,,True,True,17,hemisphere,hemisphere_P_mid_W08
0.4588150416936711,True,P_mid,26,,F3,76,False,0.1666651088744402,True,True,17,hemisphere,hemisphere_P_mid_W08
0.4681553852630845,True,P_mid,0,,F2,27,False,,True,True,18,hemisphere,hemisphere_P_mid_W08
0.4681119928769122,True,P_mid,26,,F3,76,False,0.04038856830447912,True,True,18,hemisphere,hemisphere_P_mid_W08
,,P_mid,0,surface_topology_or_turn,F2,0,False,,False,,19,hemisphere,hemisphere_P_mid_W08
,,P_mid,0,surface_topology_or_turn,F3,0,False,,False,,19,hemisphere,hemisphere_P_mid_W08
,,P_mid,0,surface_topology_or_turn,F2,0,False,,False,,20,hemisphere,hemisphere_P_mid_W08
,,P_mid,0,surface_topology_or_turn,F3,0,False,,False,,20,hemisphere,hemisphere_P_mid_W08
,,P_mid,0,surface_length,F2,0,False,,False,,21,hemisphere,hemisphere_P_mid_W08
,,P_mid,0,surface_length,F3,0,False,,False,,21,hemisphere,hemisphere_P_mid_W08
,,P_mid,0,surface_length,F2,0,False,,False,,22,hemisphere,hemisphere_P_mid_W08
,,P_mid,0,surface_length,F3,0,False,,False,,22,hemisphere,hemisphere_P_mid_W08
,,P_mid,0,surface_topology_or_turn,F2,0,False,,False,,23,hemisphere,hemisphere_P_mid_W08
,,P_mid,0,surface_topology_or_turn,F3,0,False,,False,,23,hemisphere,hemisphere_P_mid_W08
0.3992475457729036,True,P_mid,26,,F1,101,False,0.1810833215713501,True,True,fixed_surface,hemisphere,hemisphere_P_mid_W09
,,P_mid,0,surface_length,F2,0,False,,False,,0,hemisphere,hemisphere_P_mid_W09
,,P_mid,0,surface_length,F3,0,False,,False,,0,hemisphere,hemisphere_P_mid_W09
,,P_mid,0,surface_topology_or_turn,F2,0,False,,False,,1,hemisphere,hemisphere_P_mid_W09
,,P_mid,0,surface_topology_or_turn,F3,0,False,,False,,1,hemisphere,hemisphere_P_mid_W09
,,P_mid,0,surface_topology_or_turn,F2,0,False,,False,,2,hemisphere,hemisphere_P_mid_W09
,,P_mid,0,surface_topology_or_turn,F3,0,False,,False,,2,hemisphere,hemisphere_P_mid_W09
0.39712954106790016,True,P_mid,0,,F2,27,True,,True,True,3,hemisphere,hemisphere_P_mid_W09
0.39714289426818455,True,P_mid,26,,F3,76,True,0.16610325686633587,True,True,3,hemisphere,hemisphere_P_mid_W09
0.41588405641274967,True,P_mid,0,,F2,27,False,,True,True,4,hemisphere,hemisphere_P_mid_W09
0.41608521861837133,True,P_mid,26,,F3,76,False,0.16962391696870327,True,True,4,hemisphere,hemisphere_P_mid_W09
,,P_mid,0,surface_topology_or_turn,F2,0,False,,False,,5,hemisphere,hemisphere_P_mid_W09
,,P_mid,0,surface_topology_or_turn,F3,0,False,,False,,5,hemisphere,hemisphere_P_mid_W09
,,P_mid,0,surface_topology_or_turn,F2,0,False,,False,,6,hemisphere,hemisphere_P_mid_W09
,,P_mid,0,surface_topology_or_turn,F3,0,False,,False,,6,hemisphere,hemisphere_P_mid_W09
,,P_mid,0,surface_length,F2,0,False,,False,,7,hemisphere,hemisphere_P_mid_W09
,,P_mid,0,surface_length,F3,0,False,,False,,7,hemisphere,hemisphere_P_mid_W09
,,P_mid,0,surface_length,F2,0,False,,False,,8,hemisphere,hemisphere_P_mid_W09
,,P_mid,0,surface_length,F3,0,False,,False,,8,hemisphere,hemisphere_P_mid_W09
,,P_mid,0,surface_topology_or_turn,F2,0,False,,False,,9,hemisphere,hemisphere_P_mid_W09
,,P_mid,0,surface_topology_or_turn,F3,0,False,,False,,9,hemisphere,hemisphere_P_mid_W09
,,P_mid,0,surface_topology_or_turn,F2,0,False,,False,,10,hemisphere,hemisphere_P_mid_W09
,,P_mid,0,surface_topology_or_turn,F3,0,False,,False,,10,hemisphere,hemisphere_P_mid_W09
,,P_mid,0,surface_topology_or_turn,F2,0,False,,False,,11,hemisphere,hemisphere_P_mid_W09
,,P_mid,0,surface_topology_or_turn,F3,0,False,,False,,11,hemisphere,hemisphere_P_mid_W09
,,P_mid,0,surface_topology_or_turn,F2,0,False,,False,,12,hemisphere,hemisphere_P_mid_W09
,,P_mid,0,surface_topology_or_turn,F3,0,False,,False,,12,hemisphere,hemisphere_P_mid_W09
,,P_mid,0,surface_topology_or_turn,F2,0,False,,False,,13,hemisphere,hemisphere_P_mid_W09
,,P_mid,0,surface_topology_or_turn,F3,0,False,,False,,13,hemisphere,hemisphere_P_mid_W09
,,P_mid,0,surface_length,F2,0,False,,False,,14,hemisphere,hemisphere_P_mid_W09
,,P_mid,0,surface_length,F3,0,False,,False,,14,hemisphere,hemisphere_P_mid_W09
0.3910014962346092,True,P_mid,0,,F2,27,True,,True,True,15,hemisphere,hemisphere_P_mid_W09
0.3909539328338936,True,P_mid,26,,F3,76,True,0.16305832657963037,True,True,15,hemisphere,hemisphere_P_mid_W09
,,P_mid,0,surface_topology_or_turn,F2,0,False,,False,,16,hemisphere,hemisphere_P_mid_W09
,,P_mid,0,surface_topology_or_turn,F3,0,False,,False,,16,hemisphere,hemisphere_P_mid_W09
,,P_mid,0,surface_topology_or_turn,F2,0,False,,False,,17,hemisphere,hemisphere_P_mid_W09
,,P_mid,0,surface_topology_or_turn,F3,0,False,,False,,17,hemisphere,hemisphere_P_mid_W09
0.40743615439148,True,P_mid,0,,F2,27,False,,True,True,18,hemisphere,hemisphere_P_mid_W09
0.4074510554967972,True,P_mid,26,,F3,76,False,0.04055263940244913,True,True,18,hemisphere,hemisphere_P_mid_W09
,,P_mid,0,surface_length,F2,0,False,,False,,19,hemisphere,hemisphere_P_mid_W09
,,P_mid,0,surface_length,F3,0,False,,False,,19,hemisphere,hemisphere_P_mid_W09
,,P_mid,0,surface_topology_or_turn,F2,0,False,,False,,20,hemisphere,hemisphere_P_mid_W09
,,P_mid,0,surface_topology_or_turn,F3,0,False,,False,,20,hemisphere,hemisphere_P_mid_W09
,,P_mid,0,surface_topology_or_turn,F2,0,False,,False,,21,hemisphere,hemisphere_P_mid_W09
,,P_mid,0,surface_topology_or_turn,F3,0,False,,False,,21,hemisphere,hemisphere_P_mid_W09
0.4004145304351757,True,P_mid,0,,F2,27,False,,True,True,22,hemisphere,hemisphere_P_mid_W09
0.40082549474656426,True,P_mid,26,,F3,76,False,0.16330672055482864,True,True,22,hemisphere,hemisphere_P_mid_W09
,,P_mid,0,surface_topology_or_turn,F2,0,False,,False,,23,hemisphere,hemisphere_P_mid_W09
,,P_mid,0,surface_topology_or_turn,F3,0,False,,False,,23,hemisphere,hemisphere_P_mid_W09
0.16613037814745343,True,P_high,26,,F1,101,False,0.06650831550359726,True,True,fixed_surface,saddle,saddle_P_high_W00
,,P_high,0,surface_length,F2,0,False,,False,,0,saddle,saddle_P_high_W00
,,P_high,0,surface_length,F3,0,False,,False,,0,saddle,saddle_P_high_W00
,,P_high,0,surface_length,F2,0,False,,False,,1,saddle,saddle_P_high_W00
,,P_high,0,surface_length,F3,0,False,,False,,1,saddle,saddle_P_high_W00
0.17341402564487166,True,P_high,0,,F2,27,False,,True,True,2,saddle,saddle_P_high_W00
0.1734200869867069,True,P_high,26,,F3,76,False,0.2292177714407444,True,True,2,saddle,saddle_P_high_W00
,,P_high,0,surface_length,F2,0,False,,False,,3,saddle,saddle_P_high_W00
,,P_high,0,surface_length,F3,0,False,,False,,3,saddle,saddle_P_high_W00
0.17189843452864453,True,P_high,0,,F2,27,False,,True,True,4,saddle,saddle_P_high_W00
0.17187982553623396,True,P_high,26,,F3,76,False,0.10551817622035742,True,True,4,saddle,saddle_P_high_W00
0.17062435504535908,True,P_high,0,,F2,27,False,,True,True,5,saddle,saddle_P_high_W00
0.17064615082031206,True,P_high,26,,F3,76,False,0.07848797552287579,True,True,5,saddle,saddle_P_high_W00
,,P_high,0,surface_length,F2,0,False,,False,,6,saddle,saddle_P_high_W00
,,P_high,0,surface_length,F3,0,False,,False,,6,saddle,saddle_P_high_W00
0.16508569009520496,True,P_high,0,,F2,27,True,,True,True,7,saddle,saddle_P_high_W00
0.16509467915067366,True,P_high,26,,F3,76,True,0.09750931523740292,True,True,7,saddle,saddle_P_high_W00
,,P_high,0,surface_length,F2,0,False,,False,,8,saddle,saddle_P_high_W00
,,P_high,0,surface_length,F3,0,False,,False,,8,saddle,saddle_P_high_W00
,,P_high,0,surface_length,F2,0,False,,False,,9,saddle,saddle_P_high_W00
,,P_high,0,surface_length,F3,0,False,,False,,9,saddle,saddle_P_high_W00
,,P_high,0,surface_length,F2,0,False,,False,,10,saddle,saddle_P_high_W00
,,P_high,0,surface_length,F3,0,False,,False,,10,saddle,saddle_P_high_W00
,,P_high,0,surface_length,F2,0,False,,False,,11,saddle,saddle_P_high_W00
,,P_high,0,surface_length,F3,0,False,,False,,11,saddle,saddle_P_high_W00
0.15601325991865442,True,P_high,0,,F2,27,True,,True,True,12,saddle,saddle_P_high_W00
0.15599337428615476,True,P_high,26,,F3,76,True,0.1408061385154724,True,True,12,saddle,saddle_P_high_W00
,,P_high,0,surface_length,F2,0,False,,False,,13,saddle,saddle_P_high_W00
,,P_high,0,surface_length,F3,0,False,,False,,13,saddle,saddle_P_high_W00
,,P_high,0,surface_length,F2,0,False,,False,,14,saddle,saddle_P_high_W00
,,P_high,0,surface_length,F3,0,False,,False,,14,saddle,saddle_P_high_W00
0.16382557751101895,True,P_high,0,,F2,27,False,,True,True,15,saddle,saddle_P_high_W00
0.16384031984956546,True,P_high,26,,F3,76,False,0.060827416367828846,True,True,15,saddle,saddle_P_high_W00
,,P_high,0,surface_length,F2,0,False,,False,,16,saddle,saddle_P_high_W00
,,P_high,0,surface_length,F3,0,False,,False,,16,saddle,saddle_P_high_W00
,,P_high,0,surface_length,F2,0,False,,False,,17,saddle,saddle_P_high_W00
,,P_high,0,surface_length,F3,0,False,,False,,17,saddle,saddle_P_high_W00
,,P_high,0,surface_length,F2,0,False,,False,,18,saddle,saddle_P_high_W00
,,P_high,0,surface_length,F3,0,False,,False,,18,saddle,saddle_P_high_W00
0.17387675563598662,True,P_high,0,,F2,27,False,,True,True,19,saddle,saddle_P_high_W00
0.1738954486184696,True,P_high,26,,F3,76,False,0.24013089668005705,True,True,19,saddle,saddle_P_high_W00
0.1714750398304384,True,P_high,0,,F2,27,False,,True,True,20,saddle,saddle_P_high_W00
0.17148670043312436,True,P_high,26,,F3,76,False,0.028260186314582825,True,True,20,saddle,saddle_P_high_W00
,,P_high,0,surface_length,F2,0,False,,False,,21,saddle,saddle_P_high_W00
,,P_high,0,surface_length,F3,0,False,,False,,21,saddle,saddle_P_high_W00
0.16034627577506427,True,P_high,0,,F2,27,False,,True,True,22,saddle,saddle_P_high_W00
0.16032913077344033,True,P_high,26,,F3,76,False,0.07694098819047213,True,True,22,saddle,saddle_P_high_W00
,,P_high,0,surface_length,F2,0,False,,False,,23,saddle,saddle_P_high_W00
,,P_high,0,surface_length,F3,0,False,,False,,23,saddle,saddle_P_high_W00
0.147650457284491,True,P_high,24,,F1,93,False,0.14178137946873903,True,True,fixed_surface,saddle,saddle_P_high_W01
0.14870405090964786,True,P_high,0,,F2,25,False,,True,True,0,saddle,saddle_P_high_W01
0.14866769576850608,True,P_high,24,,F3,70,False,0.13822906278073788,True,True,0,saddle,saddle_P_high_W01
0.14917932623796848,True,P_high,0,,F2,25,False,,True,True,1,saddle,saddle_P_high_W01
0.14923278407786106,True,P_high,24,,F3,70,False,0.13405532389879227,True,True,1,saddle,saddle_P_high_W01
,,P_high,0,surface_length,F2,0,False,,False,,2,saddle,saddle_P_high_W01
,,P_high,0,surface_length,F3,0,False,,False,,2,saddle,saddle_P_high_W01
0.14829475916385493,True,P_high,0,,F2,25,False,,True,True,3,saddle,saddle_P_high_W01
0.14831435984847693,True,P_high,24,,F3,70,False,0.02522115968167782,True,True,3,saddle,saddle_P_high_W01
,,P_high,0,surface_length,F2,0,False,,False,,4,saddle,saddle_P_high_W01
,,P_high,0,surface_length,F3,0,False,,False,,4,saddle,saddle_P_high_W01
0.14958581509440103,True,P_high,0,,F2,25,False,,True,True,5,saddle,saddle_P_high_W01
0.14956013940095847,True,P_high,24,,F3,70,False,0.11967647634446621,True,True,5,saddle,saddle_P_high_W01
0.1486311875668227,True,P_high,0,,F2,25,False,,True,True,6,saddle,saddle_P_high_W01
0.14865781619700952,True,P_high,24,,F3,70,False,0.0708101224154234,True,True,6,saddle,saddle_P_high_W01
0.14779296980101417,True,P_high,0,,F2,25,False,,True,True,7,saddle,saddle_P_high_W01
0.14778804947751603,True,P_high,24,,F3,70,False,0.035040317103266716,True,True,7,saddle,saddle_P_high_W01
,,P_high,0,surface_length,F2,0,False,,False,,8,saddle,saddle_P_high_W01
,,P_high,0,surface_length,F3,0,False,,False,,8,saddle,saddle_P_high_W01
0.1478671711920113,True,P_high,0,,F2,25,False,,True,True,9,saddle,saddle_P_high_W01
0.14787720198185525,True,P_high,24,,F3,70,False,0.02527651935815811,True,True,9,saddle,saddle_P_high_W01
0.1495883205640127,True,P_high,0,,F2,25,False,,True,True,10,saddle,saddle_P_high_W01
0.14959801491319483,True,P_high,24,,F3,70,False,0.025005788542330265,True,True,10,saddle,saddle_P_high_W01
,,P_high,0,surface_length,F2,0,False,,False,,11,saddle,saddle_P_high_W01
,,P_high,0,surface_length,F3,0,False,,False,,11,saddle,saddle_P_high_W01
0.1501897291379784,True,P_high,0,,F2,25,False,,True,True,12,saddle,saddle_P_high_W01
0.15023117245985457,True,P_high,24,,F3,70,False,0.02479515876621008,True,True,12,saddle,saddle_P_high_W01
0.149248317172529,True,P_high,0,,F2,25,False,,True,True,13,saddle,saddle_P_high_W01
0.14926447046993488,True,P_high,24,,F3,70,False,0.0845203185454011,True,True,13,saddle,saddle_P_high_W01
0.14736885528077692,True,P_high,0,,F2,25,True,,True,True,14,saddle,saddle_P_high_W01
0.14732745913833845,True,P_high,24,,F3,70,True,0.024888375774025917,True,True,14,saddle,saddle_P_high_W01
0.14865741563100165,True,P_high,0,,F2,25,False,,True,True,15,saddle,saddle_P_high_W01
0.1486567587533627,True,P_high,24,,F3,70,False,0.11869178339838982,True,True,15,saddle,saddle_P_high_W01
0.15073065817634407,True,P_high,0,,F2,25,False,,True,True,16,saddle,saddle_P_high_W01
0.15068757458009774,True,P_high,24,,F3,70,False,0.05115951877087355,True,True,16,saddle,saddle_P_high_W01
,,P_high,0,surface_length,F2,0,False,,False,,17,saddle,saddle_P_high_W01
,,P_high,0,surface_length,F3,0,False,,False,,17,saddle,saddle_P_high_W01
0.14874115049936432,True,P_high,0,,F2,25,False,,True,True,18,saddle,saddle_P_high_W01
0.14873669824135805,True,P_high,24,,F3,70,False,0.07942521013319492,True,True,18,saddle,saddle_P_high_W01
0.14829611607339022,True,P_high,0,,F2,25,False,,True,True,19,saddle,saddle_P_high_W01
0.14831319977918533,True,P_high,24,,F3,70,False,0.026387430727481842,True,True,19,saddle,saddle_P_high_W01
0.14719853065263994,True,P_high,0,,F2,25,True,,True,True,20,saddle,saddle_P_high_W01
0.14715608628253085,True,P_high,24,,F3,70,True,0.03376683685928583,True,True,20,saddle,saddle_P_high_W01
,,P_high,0,surface_length,F2,0,False,,False,,21,saddle,saddle_P_high_W01
,,P_high,0,surface_length,F3,0,False,,False,,21,saddle,saddle_P_high_W01
0.14976200743800167,True,P_high,0,,F2,25,False,,True,True,22,saddle,saddle_P_high_W01
0.14978511848641252,True,P_high,24,,F3,70,False,0.02636394463479519,True,True,22,saddle,saddle_P_high_W01
0.1484401221767522,True,P_high,0,,F2,25,False,,True,True,23,saddle,saddle_P_high_W01
0.14840301018641994,True,P_high,24,,F3,70,False,0.10105448309332132,True,True,23,saddle,saddle_P_high_W01
0.15816017372941385,True,P_high,25,,F1,97,False,0.10106029082089663,True,True,fixed_surface,saddle,saddle_P_high_W02
,,P_high,0,surface_topology_or_turn,F2,0,False,,False,,0,saddle,saddle_P_high_W02
,,P_high,0,surface_topology_or_turn,F3,0,False,,False,,0,saddle,saddle_P_high_W02
,,P_high,0,surface_topology_or_turn,F2,0,False,,False,,1,saddle,saddle_P_high_W02
,,P_high,0,surface_topology_or_turn,F3,0,False,,False,,1,saddle,saddle_P_high_W02
,,P_high,0,surface_topology_or_turn,F2,0,False,,False,,2,saddle,saddle_P_high_W02
,,P_high,0,surface_topology_or_turn,F3,0,False,,False,,2,saddle,saddle_P_high_W02
,,P_high,0,surface_topology_or_turn,F2,0,False,,False,,3,saddle,saddle_P_high_W02
,,P_high,0,surface_topology_or_turn,F3,0,False,,False,,3,saddle,saddle_P_high_W02
,,P_high,0,surface_topology_or_turn,F2,0,False,,False,,4,saddle,saddle_P_high_W02
,,P_high,0,surface_topology_or_turn,F3,0,False,,False,,4,saddle,saddle_P_high_W02
,,P_high,0,surface_topology_or_turn,F2,0,False,,False,,5,saddle,saddle_P_high_W02
,,P_high,0,surface_topology_or_turn,F3,0,False,,False,,5,saddle,saddle_P_high_W02
,,P_high,0,surface_topology_or_turn,F2,0,False,,False,,6,saddle,saddle_P_high_W02
,,P_high,0,surface_topology_or_turn,F3,0,False,,False,,6,saddle,saddle_P_high_W02
,,P_high,0,surface_topology_or_turn,F2,0,False,,False,,7,saddle,saddle_P_high_W02
,,P_high,0,surface_topology_or_turn,F3,0,False,,False,,7,saddle,saddle_P_high_W02
,,P_high,0,surface_topology_or_turn,F2,0,False,,False,,8,saddle,saddle_P_high_W02
,,P_high,0,surface_topology_or_turn,F3,0,False,,False,,8,saddle,saddle_P_high_W02
,,P_high,0,surface_topology_or_turn,F2,0,False,,False,,9,saddle,saddle_P_high_W02
,,P_high,0,surface_topology_or_turn,F3,0,False,,False,,9,saddle,saddle_P_high_W02
,,P_high,0,surface_topology_or_turn,F2,0,False,,False,,10,saddle,saddle_P_high_W02
,,P_high,0,surface_topology_or_turn,F3,0,False,,False,,10,saddle,saddle_P_high_W02
,,P_high,0,surface_topology_or_turn,F2,0,False,,False,,11,saddle,saddle_P_high_W02
,,P_high,0,surface_topology_or_turn,F3,0,False,,False,,11,saddle,saddle_P_high_W02
,,P_high,0,surface_topology_or_turn,F2,0,False,,False,,12,saddle,saddle_P_high_W02
,,P_high,0,surface_topology_or_turn,F3,0,False,,False,,12,saddle,saddle_P_high_W02
,,P_high,0,surface_topology_or_turn,F2,0,False,,False,,13,saddle,saddle_P_high_W02
,,P_high,0,surface_topology_or_turn,F3,0,False,,False,,13,saddle,saddle_P_high_W02
,,P_high,0,surface_topology_or_turn,F2,0,False,,False,,14,saddle,saddle_P_high_W02
,,P_high,0,surface_topology_or_turn,F3,0,False,,False,,14,saddle,saddle_P_high_W02
,,P_high,0,surface_topology_or_turn,F2,0,False,,False,,15,saddle,saddle_P_high_W02
,,P_high,0,surface_topology_or_turn,F3,0,False,,False,,15,saddle,saddle_P_high_W02
,,P_high,0,surface_topology_or_turn,F2,0,False,,False,,16,saddle,saddle_P_high_W02
,,P_high,0,surface_topology_or_turn,F3,0,False,,False,,16,saddle,saddle_P_high_W02
,,P_high,0,surface_topology_or_turn,F2,0,False,,False,,17,saddle,saddle_P_high_W02
,,P_high,0,surface_topology_or_turn,F3,0,False,,False,,17,saddle,saddle_P_high_W02
,,P_high,0,surface_topology_or_turn,F2,0,False,,False,,18,saddle,saddle_P_high_W02
,,P_high,0,surface_topology_or_turn,F3,0,False,,False,,18,saddle,saddle_P_high_W02
,,P_high,0,surface_topology_or_turn,F2,0,False,,False,,19,saddle,saddle_P_high_W02
,,P_high,0,surface_topology_or_turn,F3,0,False,,False,,19,saddle,saddle_P_high_W02
,,P_high,0,surface_topology_or_turn,F2,0,False,,False,,20,saddle,saddle_P_high_W02
,,P_high,0,surface_topology_or_turn,F3,0,False,,False,,20,saddle,saddle_P_high_W02
,,P_high,0,surface_topology_or_turn,F2,0,False,,False,,21,saddle,saddle_P_high_W02
,,P_high,0,surface_topology_or_turn,F3,0,False,,False,,21,saddle,saddle_P_high_W02
,,P_high,0,surface_topology_or_turn,F2,0,False,,False,,22,saddle,saddle_P_high_W02
,,P_high,0,surface_topology_or_turn,F3,0,False,,False,,22,saddle,saddle_P_high_W02
,,P_high,0,surface_topology_or_turn,F2,0,False,,False,,23,saddle,saddle_P_high_W02
,,P_high,0,surface_topology_or_turn,F3,0,False,,False,,23,saddle,saddle_P_high_W02
0.2078711763027938,True,P_high,26,,F1,101,False,0.20416968781501055,True,True,fixed_surface,saddle,saddle_P_high_W03
,,P_high,0,surface_topology_or_turn,F2,0,False,,False,,0,saddle,saddle_P_high_W03
,,P_high,0,surface_topology_or_turn,F3,0,False,,False,,0,saddle,saddle_P_high_W03
,,P_high,0,surface_length,F2,0,False,,False,,1,saddle,saddle_P_high_W03
,,P_high,0,surface_length,F3,0,False,,False,,1,saddle,saddle_P_high_W03
0.20114173156439033,True,P_high,0,,F2,27,True,,True,True,2,saddle,saddle_P_high_W03
0.20114112293691364,True,P_high,26,,F3,76,True,0.07946011424064636,True,True,2,saddle,saddle_P_high_W03
,,P_high,0,surface_length,F2,0,False,,False,,3,saddle,saddle_P_high_W03
,,P_high,0,surface_length,F3,0,False,,False,,3,saddle,saddle_P_high_W03
,,P_high,0,surface_length,F2,0,False,,False,,4,saddle,saddle_P_high_W03
,,P_high,0,surface_length,F3,0,False,,False,,4,saddle,saddle_P_high_W03
0.20157766348530046,True,P_high,0,,F2,27,False,,True,True,5,saddle,saddle_P_high_W03
0.20158143832669523,True,P_high,26,,F3,76,False,0.06492467410862446,True,True,5,saddle,saddle_P_high_W03
,,P_high,0,surface_length,F2,0,False,,False,,6,saddle,saddle_P_high_W03
,,P_high,0,surface_length,F3,0,False,,False,,6,saddle,saddle_P_high_W03
,,P_high,0,surface_length,F2,0,False,,False,,7,saddle,saddle_P_high_W03
,,P_high,0,surface_length,F3,0,False,,False,,7,saddle,saddle_P_high_W03
,,P_high,0,surface_length,F2,0,False,,False,,8,saddle,saddle_P_high_W03
,,P_high,0,surface_length,F3,0,False,,False,,8,saddle,saddle_P_high_W03
,,P_high,0,surface_topology_or_turn,F2,0,False,,False,,9,saddle,saddle_P_high_W03
,,P_high,0,surface_topology_or_turn,F3,0,False,,False,,9,saddle,saddle_P_high_W03
,,P_high,0,surface_topology_or_turn,F2,0,False,,False,,10,saddle,saddle_P_high_W03
,,P_high,0,surface_topology_or_turn,F3,0,False,,False,,10,saddle,saddle_P_high_W03
,,P_high,0,surface_topology_or_turn,F2,0,False,,False,,11,saddle,saddle_P_high_W03
,,P_high,0,surface_topology_or_turn,F3,0,False,,False,,11,saddle,saddle_P_high_W03
,,P_high,0,surface_topology_or_turn,F2,0,False,,False,,12,saddle,saddle_P_high_W03
,,P_high,0,surface_topology_or_turn,F3,0,False,,False,,12,saddle,saddle_P_high_W03
,,P_high,0,surface_topology_or_turn,F2,0,False,,False,,13,saddle,saddle_P_high_W03
,,P_high,0,surface_topology_or_turn,F3,0,False,,False,,13,saddle,saddle_P_high_W03
,,P_high,0,surface_topology_or_turn,F2,0,False,,False,,14,saddle,saddle_P_high_W03
,,P_high,0,surface_topology_or_turn,F3,0,False,,False,,14,saddle,saddle_P_high_W03
,,P_high,0,surface_topology_or_turn,F2,0,False,,False,,15,saddle,saddle_P_high_W03
,,P_high,0,surface_topology_or_turn,F3,0,False,,False,,15,saddle,saddle_P_high_W03
,,P_high,0,surface_topology_or_turn,F2,0,False,,False,,16,saddle,saddle_P_high_W03
,,P_high,0,surface_topology_or_turn,F3,0,False,,False,,16,saddle,saddle_P_high_W03
,,P_high,0,surface_topology_or_turn,F2,0,False,,False,,17,saddle,saddle_P_high_W03
,,P_high,0,surface_topology_or_turn,F3,0,False,,False,,17,saddle,saddle_P_high_W03
,,P_high,0,surface_topology_or_turn,F2,0,False,,False,,18,saddle,saddle_P_high_W03
,,P_high,0,surface_topology_or_turn,F3,0,False,,False,,18,saddle,saddle_P_high_W03
,,P_high,0,surface_topology_or_turn,F2,0,False,,False,,19,saddle,saddle_P_high_W03
,,P_high,0,surface_topology_or_turn,F3,0,False,,False,,19,saddle,saddle_P_high_W03
,,P_high,0,surface_topology_or_turn,F2,0,False,,False,,20,saddle,saddle_P_high_W03
,,P_high,0,surface_topology_or_turn,F3,0,False,,False,,20,saddle,saddle_P_high_W03
,,P_high,0,surface_topology_or_turn,F2,0,False,,False,,21,saddle,saddle_P_high_W03
,,P_high,0,surface_topology_or_turn,F3,0,False,,False,,21,saddle,saddle_P_high_W03
,,P_high,0,surface_topology_or_turn,F2,0,False,,False,,22,saddle,saddle_P_high_W03
,,P_high,0,surface_topology_or_turn,F3,0,False,,False,,22,saddle,saddle_P_high_W03
,,P_high,0,surface_topology_or_turn,F2,0,False,,False,,23,saddle,saddle_P_high_W03
,,P_high,0,surface_topology_or_turn,F3,0,False,,False,,23,saddle,saddle_P_high_W03
0.13390184691117954,True,P_high,25,,F1,97,False,0.09557908494025469,True,True,fixed_surface,saddle,saddle_P_high_W04
0.13105188815998162,True,P_high,0,,F2,26,True,,True,True,0,saddle,saddle_P_high_W04
0.13104654810914115,True,P_high,25,,F3,73,True,0.03312841150909662,True,True,0,saddle,saddle_P_high_W04
0.1369961478273209,True,P_high,0,,F2,26,False,,True,True,1,saddle,saddle_P_high_W04
0.13699824715701475,True,P_high,25,,F3,73,False,0.07480706088244915,True,True,1,saddle,saddle_P_high_W04
0.1321388930282444,True,P_high,0,,F2,26,False,,True,True,2,saddle,saddle_P_high_W04
0.13214432286370317,True,P_high,25,,F3,73,False,0.10913632810115814,True,True,2,saddle,saddle_P_high_W04
0.13463073952490096,True,P_high,0,,F2,26,False,,True,True,3,saddle,saddle_P_high_W04
0.13462899125637157,True,P_high,25,,F3,73,False,0.09222629945725203,True,True,3,saddle,saddle_P_high_W04
,,P_high,0,surface_length,F2,0,False,,False,,4,saddle,saddle_P_high_W04
,,P_high,0,surface_length,F3,0,False,,False,,4,saddle,saddle_P_high_W04
,,P_high,0,surface_topology_or_turn,F2,0,False,,False,,5,saddle,saddle_P_high_W04
,,P_high,0,surface_topology_or_turn,F3,0,False,,False,,5,saddle,saddle_P_high_W04
0.13613136576167173,True,P_high,0,,F2,26,False,,True,True,6,saddle,saddle_P_high_W04
0.1361349434463015,True,P_high,25,,F3,73,False,0.1861253660172224,True,True,6,saddle,saddle_P_high_W04
0.13202148229737407,True,P_high,0,,F2,26,False,,True,True,7,saddle,saddle_P_high_W04
0.1320162830101488,True,P_high,25,,F3,73,False,0.050125788897275925,True,True,7,saddle,saddle_P_high_W04
,,P_high,0,surface_length,F2,0,False,,False,,8,saddle,saddle_P_high_W04
,,P_high,0,surface_length,F3,0,False,,False,,8,saddle,saddle_P_high_W04
0.13623088209182038,True,P_high,0,,F2,26,False,,True,True,9,saddle,saddle_P_high_W04
0.13623147289275292,True,P_high,25,,F3,73,False,0.11258717533200979,True,True,9,saddle,saddle_P_high_W04
,,P_high,0,surface_length,F2,0,False,,False,,10,saddle,saddle_P_high_W04
,,P_high,0,surface_length,F3,0,False,,False,,10,saddle,saddle_P_high_W04
,,P_high,0,surface_length,F2,0,False,,False,,11,saddle,saddle_P_high_W04
,,P_high,0,surface_length,F3,0,False,,False,,11,saddle,saddle_P_high_W04
,,P_high,0,surface_length,F2,0,False,,False,,12,saddle,saddle_P_high_W04
,,P_high,0,surface_length,F3,0,False,,False,,12,saddle,saddle_P_high_W04
,,P_high,0,surface_length,F2,0,False,,False,,13,saddle,saddle_P_high_W04
,,P_high,0,surface_length,F3,0,False,,False,,13,saddle,saddle_P_high_W04
,,P_high,0,surface_length,F2,0,False,,False,,14,saddle,saddle_P_high_W04
,,P_high,0,surface_length,F3,0,False,,False,,14,saddle,saddle_P_high_W04
0.13144205973443795,True,P_high,0,,F2,26,False,,True,True,15,saddle,saddle_P_high_W04
0.1314436886053101,True,P_high,25,,F3,73,False,0.029729015193879604,True,True,15,saddle,saddle_P_high_W04
,,P_high,0,surface_length,F2,0,False,,False,,16,saddle,saddle_P_high_W04
,,P_high,0,surface_length,F3,0,False,,False,,16,saddle,saddle_P_high_W04
,,P_high,0,surface_length,F2,0,False,,False,,17,saddle,saddle_P_high_W04
,,P_high,0,surface_length,F3,0,False,,False,,17,saddle,saddle_P_high_W04
,,P_high,0,surface_length,F2,0,False,,False,,18,saddle,saddle_P_high_W04
,,P_high,0,surface_length,F3,0,False,,False,,18,saddle,saddle_P_high_W04
,,P_high,0,surface_length,F2,0,False,,False,,19,saddle,saddle_P_high_W04
,,P_high,0,surface_length,F3,0,False,,False,,19,saddle,saddle_P_high_W04
,,P_high,0,surface_length,F2,0,False,,False,,20,saddle,saddle_P_high_W04
,,P_high,0,surface_length,F3,0,False,,False,,20,saddle,saddle_P_high_W04
0.13043183632897593,True,P_high,0,,F2,26,True,,True,True,21,saddle,saddle_P_high_W04
0.13043558141232262,True,P_high,25,,F3,73,True,0.07429190818220377,True,True,21,saddle,saddle_P_high_W04
0.13070546325874888,True,P_high,0,,F2,26,False,,True,True,22,saddle,saddle_P_high_W04
0.1307148971186859,True,P_high,25,,F3,73,False,0.1804898316040635,True,True,22,saddle,saddle_P_high_W04
,,P_high,0,surface_length,F2,0,False,,False,,23,saddle,saddle_P_high_W04
,,P_high,0,surface_length,F3,0,False,,False,,23,saddle,saddle_P_high_W04
0.16058093920720365,True,P_high,26,,F1,101,False,0.13362720981240273,True,True,fixed_surface,saddle,saddle_P_high_W05
0.16388248679704334,True,P_high,0,,F2,27,False,,True,True,0,saddle,saddle_P_high_W05
0.16392163458302886,True,P_high,26,,F3,76,False,0.16093180049210787,True,True,0,saddle,saddle_P_high_W05
,,P_high,0,surface_topology_or_turn,F2,0,False,,False,,1,saddle,saddle_P_high_W05
,,P_high,0,surface_topology_or_turn,F3,0,False,,False,,1,saddle,saddle_P_high_W05
,,P_high,0,surface_topology_or_turn,F2,0,False,,False,,2,saddle,saddle_P_high_W05
,,P_high,0,surface_topology_or_turn,F3,0,False,,False,,2,saddle,saddle_P_high_W05
,,P_high,0,surface_topology_or_turn,F2,0,False,,False,,3,saddle,saddle_P_high_W05
,,P_high,0,surface_topology_or_turn,F3,0,False,,False,,3,saddle,saddle_P_high_W05
0.16145460048399862,True,P_high,0,,F2,27,False,,True,True,4,saddle,saddle_P_high_W05
0.1615233592499274,True,P_high,26,,F3,76,False,0.11029062792658806,True,True,4,saddle,saddle_P_high_W05
0.15644483588214025,True,P_high,0,,F2,27,True,,True,True,5,saddle,saddle_P_high_W05
0.1563307287500571,True,P_high,26,,F3,76,True,0.2601089831441641,True,True,5,saddle,saddle_P_high_W05
,,P_high,0,surface_topology_or_turn,F2,0,False,,False,,6,saddle,saddle_P_high_W05
,,P_high,0,surface_topology_or_turn,F3,0,False,,False,,6,saddle,saddle_P_high_W05
,,P_high,0,surface_topology_or_turn,F2,0,False,,False,,7,saddle,saddle_P_high_W05
,,P_high,0,surface_topology_or_turn,F3,0,False,,False,,7,saddle,saddle_P_high_W05
,,P_high,0,surface_topology_or_turn,F2,0,False,,False,,8,saddle,saddle_P_high_W05
,,P_high,0,surface_topology_or_turn,F3,0,False,,False,,8,saddle,saddle_P_high_W05
0.15986006644987633,True,P_high,0,,F2,27,False,,True,True,9,saddle,saddle_P_high_W05
0.15982472066871053,True,P_high,26,,F3,76,False,0.13409428391605616,True,True,9,saddle,saddle_P_high_W05
,,P_high,0,surface_topology_or_turn,F2,0,False,,False,,10,saddle,saddle_P_high_W05
,,P_high,0,surface_topology_or_turn,F3,0,False,,False,,10,saddle,saddle_P_high_W05
,,P_high,0,surface_topology_or_turn,F2,0,False,,False,,11,saddle,saddle_P_high_W05
,,P_high,0,surface_topology_or_turn,F3,0,False,,False,,11,saddle,saddle_P_high_W05
,,P_high,0,surface_length,F2,0,False,,False,,12,saddle,saddle_P_high_W05
,,P_high,0,surface_length,F3,0,False,,False,,12,saddle,saddle_P_high_W05
,,P_high,0,surface_topology_or_turn,F2,0,False,,False,,13,saddle,saddle_P_high_W05
,,P_high,0,surface_topology_or_turn,F3,0,False,,False,,13,saddle,saddle_P_high_W05
,,P_high,0,surface_topology_or_turn,F2,0,False,,False,,14,saddle,saddle_P_high_W05
,,P_high,0,surface_topology_or_turn,F3,0,False,,False,,14,saddle,saddle_P_high_W05
,,P_high,0,surface_topology_or_turn,F2,0,False,,False,,15,saddle,saddle_P_high_W05
,,P_high,0,surface_topology_or_turn,F3,0,False,,False,,15,saddle,saddle_P_high_W05
0.1639333325030377,True,P_high,0,,F2,27,False,,True,True,16,saddle,saddle_P_high_W05
0.1640004786675749,True,P_high,26,,F3,76,False,0.20603530760854483,True,True,16,saddle,saddle_P_high_W05
0.16506851360756972,True,P_high,0,,F2,27,False,,True,True,17,saddle,saddle_P_high_W05
0.16507663302250528,True,P_high,26,,F3,76,False,0.031320967711508274,True,True,17,saddle,saddle_P_high_W05
,,P_high,0,surface_topology_or_turn,F2,0,False,,False,,18,saddle,saddle_P_high_W05
,,P_high,0,surface_topology_or_turn,F3,0,False,,False,,18,saddle,saddle_P_high_W05
,,P_high,0,surface_topology_or_turn,F2,0,False,,False,,19,saddle,saddle_P_high_W05
,,P_high,0,surface_topology_or_turn,F3,0,False,,False,,19,saddle,saddle_P_high_W05
0.15910313510521323,True,P_high,0,,F2,27,False,,True,True,20,saddle,saddle_P_high_W05
0.15906509360640725,True,P_high,26,,F3,76,False,0.07918263506144285,True,True,20,saddle,saddle_P_high_W05
,,P_high,0,surface_length,F2,0,False,,False,,21,saddle,saddle_P_high_W05
,,P_high,0,surface_length,F3,0,False,,False,,21,saddle,saddle_P_high_W05
,,P_high,0,surface_topology_or_turn,F2,0,False,,False,,22,saddle,saddle_P_high_W05
,,P_high,0,surface_topology_or_turn,F3,0,False,,False,,22,saddle,saddle_P_high_W05
,,P_high,0,surface_topology_or_turn,F2,0,False,,False,,23,saddle,saddle_P_high_W05
,,P_high,0,surface_topology_or_turn,F3,0,False,,False,,23,saddle,saddle_P_high_W05
0.1414090251979389,True,P_high,24,,F1,93,False,0.23111283779144287,True,True,fixed_surface,saddle,saddle_P_high_W06
0.13911241074308128,True,P_high,0,,F2,25,True,,True,True,0,saddle,saddle_P_high_W06
0.13911367115812454,True,P_high,24,,F3,70,True,0.08466984238475561,True,True,0,saddle,saddle_P_high_W06
,,P_high,0,surface_length,F2,0,False,,False,,1,saddle,saddle_P_high_W06
,,P_high,0,surface_length,F3,0,False,,False,,1,saddle,saddle_P_high_W06
0.1479358304592266,True,P_high,0,,F2,25,False,,True,True,2,saddle,saddle_P_high_W06
0.1479300400539425,True,P_high,24,,F3,70,False,0.06128243077546358,True,True,2,saddle,saddle_P_high_W06
0.14869522347890016,True,P_high,0,,F2,25,False,,True,True,3,saddle,saddle_P_high_W06
0.14868989922823886,True,P_high,24,,F3,70,False,0.14604413881897926,True,True,3,saddle,saddle_P_high_W06
0.1486841538233037,True,P_high,0,,F2,25,False,,True,True,4,saddle,saddle_P_high_W06
0.14866744951979785,True,P_high,24,,F3,70,False,0.09250817261636257,True,True,4,saddle,saddle_P_high_W06
0.13470989407325246,True,P_high,0,,F2,25,True,,True,True,5,saddle,saddle_P_high_W06
0.13473603131538142,True,P_high,24,,F3,70,True,0.12635108828544617,True,True,5,saddle,saddle_P_high_W06
,,P_high,0,surface_length,F2,0,False,,False,,6,saddle,saddle_P_high_W06
,,P_high,0,surface_length,F3,0,False,,False,,6,saddle,saddle_P_high_W06
0.1428648051980641,True,P_high,0,,F2,25,False,,True,True,7,saddle,saddle_P_high_W06
0.14287203994735537,True,P_high,24,,F3,70,False,0.15334330778568983,True,True,7,saddle,saddle_P_high_W06
0.15012057201128676,True,P_high,0,,F2,25,False,,True,True,8,saddle,saddle_P_high_W06
0.15009865552576146,True,P_high,24,,F3,70,False,0.17360892705619335,True,True,8,saddle,saddle_P_high_W06
0.14197337882203753,True,P_high,0,,F2,25,False,,True,True,9,saddle,saddle_P_high_W06
0.141980933845669,True,P_high,24,,F3,70,False,0.06889534741640091,True,True,9,saddle,saddle_P_high_W06
0.1501027589250664,True,P_high,0,,F2,25,False,,True,True,10,saddle,saddle_P_high_W06
0.15011066841440984,True,P_high,24,,F3,70,False,0.16195049230009317,True,True,10,saddle,saddle_P_high_W06
,,P_high,0,surface_length,F2,0,False,,False,,11,saddle,saddle_P_high_W06
,,P_high,0,surface_length,F3,0,False,,False,,11,saddle,saddle_P_high_W06
,,P_high,0,surface_length,F2,0,False,,False,,12,saddle,saddle_P_high_W06
,,P_high,0,surface_length,F3,0,False,,False,,12,saddle,saddle_P_high_W06
0.1395311451455108,True,P_high,0,,F2,25,False,,True,True,13,saddle,saddle_P_high_W06
0.13956090524133474,True,P_high,24,,F3,70,False,0.1492561250925064,True,True,13,saddle,saddle_P_high_W06
0.15146925135859618,True,P_high,0,,F2,25,False,,True,True,14,saddle,saddle_P_high_W06
0.15146738241635824,True,P_high,24,,F3,70,False,0.06086285877972841,True,True,14,saddle,saddle_P_high_W06
0.1366538238053349,True,P_high,0,,F2,25,False,,True,True,15,saddle,saddle_P_high_W06
0.13666874825498102,True,P_high,24,,F3,70,False,0.03181747533380985,True,True,15,saddle,saddle_P_high_W06
,,P_high,0,surface_length,F2,0,False,,False,,16,saddle,saddle_P_high_W06
,,P_high,0,surface_length,F3,0,False,,False,,16,saddle,saddle_P_high_W06
0.14536311530092988,True,P_high,0,,F2,25,False,,True,True,17,saddle,saddle_P_high_W06
0.14535419799418794,True,P_high,24,,F3,70,False,0.06596455071121454,True,True,17,saddle,saddle_P_high_W06
0.14215160209262195,True,P_high,0,,F2,25,False,,True,True,18,saddle,saddle_P_high_W06
0.14214151903347133,True,P_high,24,,F3,70,False,0.207883738912642,True,True,18,saddle,saddle_P_high_W06
0.14112188725655414,True,P_high,0,,F2,25,False,,True,True,19,saddle,saddle_P_high_W06
0.14116251846606687,True,P_high,24,,F3,70,False,0.10791767947375774,True,True,19,saddle,saddle_P_high_W06
0.13531424845766948,True,P_high,0,,F2,25,False,,True,True,20,saddle,saddle_P_high_W06
0.1353307155474197,True,P_high,24,,F3,70,False,0.06875236425548792,True,True,20,saddle,saddle_P_high_W06
0.15012122049208096,True,P_high,0,,F2,25,False,,True,True,21,saddle,saddle_P_high_W06
0.15010681931838457,True,P_high,24,,F3,70,False,0.05638245679438114,True,True,21,saddle,saddle_P_high_W06
0.1475732035151906,True,P_high,0,,F2,25,False,,True,True,22,saddle,saddle_P_high_W06
0.1475474964493393,True,P_high,24,,F3,70,False,0.2740841368213296,True,True,22,saddle,saddle_P_high_W06
,,P_high,0,surface_length,F2,0,False,,False,,23,saddle,saddle_P_high_W06
,,P_high,0,surface_length,F3,0,False,,False,,23,saddle,saddle_P_high_W06
0.1937864905031788,True,P_high,26,,F1,101,False,0.29807827062904835,True,True,fixed_surface,saddle,saddle_P_high_W07
0.18740654725188113,True,P_high,0,,F2,27,True,,True,True,0,saddle,saddle_P_high_W07
0.18746174684846767,True,P_high,26,,F3,76,True,0.049352873116731644,True,True,0,saddle,saddle_P_high_W07
,,P_high,0,surface_topology_or_turn,F2,0,False,,False,,1,saddle,saddle_P_high_W07
,,P_high,0,surface_topology_or_turn,F3,0,False,,False,,1,saddle,saddle_P_high_W07
,,P_high,0,surface_topology_or_turn,F2,0,False,,False,,2,saddle,saddle_P_high_W07
,,P_high,0,surface_topology_or_turn,F3,0,False,,False,,2,saddle,saddle_P_high_W07
0.20251552333600445,True,P_high,0,,F2,27,False,,True,True,3,saddle,saddle_P_high_W07
0.20255189071832203,True,P_high,26,,F3,76,False,0.09497925266623497,True,True,3,saddle,saddle_P_high_W07
,,P_high,0,surface_length,F2,0,False,,False,,4,saddle,saddle_P_high_W07
,,P_high,0,surface_length,F3,0,False,,False,,4,saddle,saddle_P_high_W07
,,P_high,0,surface_topology_or_turn,F2,0,False,,False,,5,saddle,saddle_P_high_W07
,,P_high,0,surface_topology_or_turn,F3,0,False,,False,,5,saddle,saddle_P_high_W07
,,P_high,0,surface_topology_or_turn,F2,0,False,,False,,6,saddle,saddle_P_high_W07
,,P_high,0,surface_topology_or_turn,F3,0,False,,False,,6,saddle,saddle_P_high_W07
0.19513093562981318,True,P_high,0,,F2,27,False,,True,True,7,saddle,saddle_P_high_W07
0.1951893368578115,True,P_high,26,,F3,76,False,0.16703120712190866,True,True,7,saddle,saddle_P_high_W07
0.19721325664969366,True,P_high,0,,F2,27,False,,True,True,8,saddle,saddle_P_high_W07
0.19725159227739347,True,P_high,26,,F3,76,False,0.04148236569017172,True,True,8,saddle,saddle_P_high_W07
,,P_high,0,surface_topology_or_turn,F2,0,False,,False,,9,saddle,saddle_P_high_W07
,,P_high,0,surface_topology_or_turn,F3,0,False,,False,,9,saddle,saddle_P_high_W07
,,P_high,0,surface_topology_or_turn,F2,0,False,,False,,10,saddle,saddle_P_high_W07
,,P_high,0,surface_topology_or_turn,F3,0,False,,False,,10,saddle,saddle_P_high_W07
0.1942728386474555,True,P_high,0,,F2,27,False,,True,True,11,saddle,saddle_P_high_W07
0.19429280364498305,True,P_high,26,,F3,76,False,0.19245675392448902,True,True,11,saddle,saddle_P_high_W07
0.19008603327267845,True,P_high,0,,F2,27,False,,True,True,12,saddle,saddle_P_high_W07
0.19010260359194198,True,P_high,26,,F3,76,False,0.029247265309095383,True,True,12,saddle,saddle_P_high_W07
,,P_high,0,surface_topology_or_turn,F2,0,False,,False,,13,saddle,saddle_P_high_W07
,,P_high,0,surface_topology_or_turn,F3,0,False,,False,,13,saddle,saddle_P_high_W07
,,P_high,0,surface_topology_or_turn,F2,0,False,,False,,14,saddle,saddle_P_high_W07
,,P_high,0,surface_topology_or_turn,F3,0,False,,False,,14,saddle,saddle_P_high_W07
0.1991173862779494,True,P_high,0,,F2,27,False,,True,True,15,saddle,saddle_P_high_W07
0.19909746650158477,True,P_high,26,,F3,76,False,0.16650308668613434,True,True,15,saddle,saddle_P_high_W07
,,P_high,0,surface_topology_or_turn,F2,0,False,,False,,16,saddle,saddle_P_high_W07
,,P_high,0,surface_topology_or_turn,F3,0,False,,False,,16,saddle,saddle_P_high_W07
0.1934381812425949,True,P_high,0,,F2,27,False,,True,True,17,saddle,saddle_P_high_W07
0.19340466562244207,True,P_high,26,,F3,76,False,0.07261996995657682,True,True,17,saddle,saddle_P_high_W07
0.20253273800592564,True,P_high,0,,F2,27,False,,True,True,18,saddle,saddle_P_high_W07
0.20253368315496276,True,P_high,26,,F3,76,False,0.09557288698852062,True,True,18,saddle,saddle_P_high_W07
,,P_high,0,surface_topology_or_turn,F2,0,False,,False,,19,saddle,saddle_P_high_W07
,,P_high,0,surface_topology_or_turn,F3,0,False,,False,,19,saddle,saddle_P_high_W07
,,P_high,0,surface_topology_or_turn,F2,0,False,,False,,20,saddle,saddle_P_high_W07
,,P_high,0,surface_topology_or_turn,F3,0,False,,False,,20,saddle,saddle_P_high_W07
0.20364495304475977,True,P_high,0,,F2,27,False,,True,True,21,saddle,saddle_P_high_W07
0.20363201868018418,True,P_high,26,,F3,76,False,0.06192772276699543,True,True,21,saddle,saddle_P_high_W07
0.19908596815067892,True,P_high,0,,F2,27,False,,True,True,22,saddle,saddle_P_high_W07
0.19903212054517153,True,P_high,26,,F3,76,False,0.13936705142259598,True,True,22,saddle,saddle_P_high_W07
,,P_high,0,surface_topology_or_turn,F2,0,False,,False,,23,saddle,saddle_P_high_W07
,,P_high,0,surface_topology_or_turn,F3,0,False,,False,,23,saddle,saddle_P_high_W07
0.20510069984382492,True,P_high,26,,F1,101,False,0.18634105380624533,True,True,fixed_surface,saddle,saddle_P_high_W08
0.2053664254886303,True,P_high,0,,F2,27,False,,True,True,0,saddle,saddle_P_high_W08
0.2053407089676151,True,P_high,26,,F3,76,False,0.047463553957641125,True,True,0,saddle,saddle_P_high_W08
,,P_high,0,surface_length,F2,0,False,,False,,1,saddle,saddle_P_high_W08
,,P_high,0,surface_length,F3,0,False,,False,,1,saddle,saddle_P_high_W08
,,P_high,0,surface_topology_or_turn,F2,0,False,,False,,2,saddle,saddle_P_high_W08
,,P_high,0,surface_topology_or_turn,F3,0,False,,False,,2,saddle,saddle_P_high_W08
,,P_high,0,surface_topology_or_turn,F2,0,False,,False,,3,saddle,saddle_P_high_W08
,,P_high,0,surface_topology_or_turn,F3,0,False,,False,,3,saddle,saddle_P_high_W08
,,P_high,0,surface_length,F2,0,False,,False,,4,saddle,saddle_P_high_W08
,,P_high,0,surface_length,F3,0,False,,False,,4,saddle,saddle_P_high_W08
,,P_high,0,surface_length,F2,0,False,,False,,5,saddle,saddle_P_high_W08
,,P_high,0,surface_length,F3,0,False,,False,,5,saddle,saddle_P_high_W08
,,P_high,0,surface_topology_or_turn,F2,0,False,,False,,6,saddle,saddle_P_high_W08
,,P_high,0,surface_topology_or_turn,F3,0,False,,False,,6,saddle,saddle_P_high_W08
,,P_high,0,surface_topology_or_turn,F2,0,False,,False,,7,saddle,saddle_P_high_W08
,,P_high,0,surface_topology_or_turn,F3,0,False,,False,,7,saddle,saddle_P_high_W08
,,P_high,0,surface_topology_or_turn,F2,0,False,,False,,8,saddle,saddle_P_high_W08
,,P_high,0,surface_topology_or_turn,F3,0,False,,False,,8,saddle,saddle_P_high_W08
0.20449103863139492,True,P_high,0,,F2,27,True,,True,True,9,saddle,saddle_P_high_W08
0.20448177495754777,True,P_high,26,,F3,76,True,0.02738723624497652,True,True,9,saddle,saddle_P_high_W08
,,P_high,0,surface_length,F2,0,False,,False,,10,saddle,saddle_P_high_W08
,,P_high,0,surface_length,F3,0,False,,False,,10,saddle,saddle_P_high_W08
,,P_high,0,surface_topology_or_turn,F2,0,False,,False,,11,saddle,saddle_P_high_W08
,,P_high,0,surface_topology_or_turn,F3,0,False,,False,,11,saddle,saddle_P_high_W08
,,P_high,0,surface_topology_or_turn,F2,0,False,,False,,12,saddle,saddle_P_high_W08
,,P_high,0,surface_topology_or_turn,F3,0,False,,False,,12,saddle,saddle_P_high_W08
,,P_high,0,surface_length,F2,0,False,,False,,13,saddle,saddle_P_high_W08
,,P_high,0,surface_length,F3,0,False,,False,,13,saddle,saddle_P_high_W08
,,P_high,0,surface_topology_or_turn,F2,0,False,,False,,14,saddle,saddle_P_high_W08
,,P_high,0,surface_topology_or_turn,F3,0,False,,False,,14,saddle,saddle_P_high_W08
,,P_high,0,surface_topology_or_turn,F2,0,False,,False,,15,saddle,saddle_P_high_W08
,,P_high,0,surface_topology_or_turn,F3,0,False,,False,,15,saddle,saddle_P_high_W08
,,P_high,0,surface_length,F2,0,False,,False,,16,saddle,saddle_P_high_W08
,,P_high,0,surface_length,F3,0,False,,False,,16,saddle,saddle_P_high_W08
,,P_high,0,surface_length,F2,0,False,,False,,17,saddle,saddle_P_high_W08
,,P_high,0,surface_length,F3,0,False,,False,,17,saddle,saddle_P_high_W08
,,P_high,0,surface_topology_or_turn,F2,0,False,,False,,18,saddle,saddle_P_high_W08
,,P_high,0,surface_topology_or_turn,F3,0,False,,False,,18,saddle,saddle_P_high_W08
,,P_high,0,surface_length,F2,0,False,,False,,19,saddle,saddle_P_high_W08
,,P_high,0,surface_length,F3,0,False,,False,,19,saddle,saddle_P_high_W08
,,P_high,0,surface_length,F2,0,False,,False,,20,saddle,saddle_P_high_W08
,,P_high,0,surface_length,F3,0,False,,False,,20,saddle,saddle_P_high_W08
,,P_high,0,surface_length,F2,0,False,,False,,21,saddle,saddle_P_high_W08
,,P_high,0,surface_length,F3,0,False,,False,,21,saddle,saddle_P_high_W08
,,P_high,0,surface_length,F2,0,False,,False,,22,saddle,saddle_P_high_W08
,,P_high,0,surface_length,F3,0,False,,False,,22,saddle,saddle_P_high_W08
,,P_high,0,surface_topology_or_turn,F2,0,False,,False,,23,saddle,saddle_P_high_W08
,,P_high,0,surface_topology_or_turn,F3,0,False,,False,,23,saddle,saddle_P_high_W08
0.20490482538517601,True,P_high,26,,F1,101,False,0.26185400132089853,True,True,fixed_surface,saddle,saddle_P_high_W09
0.20121740941745567,True,P_high,0,,F2,27,True,,True,True,0,saddle,saddle_P_high_W09
0.20118221677073067,True,P_high,26,,F3,76,True,0.17446440272033215,True,True,0,saddle,saddle_P_high_W09
0.20845526148433668,True,P_high,0,,F2,27,False,,True,True,1,saddle,saddle_P_high_W09
0.2084715671463305,True,P_high,26,,F3,76,False,0.027043147943913937,True,True,1,saddle,saddle_P_high_W09
,,P_high,0,surface_length,F2,0,False,,False,,2,saddle,saddle_P_high_W09
,,P_high,0,surface_length,F3,0,False,,False,,2,saddle,saddle_P_high_W09
0.20421043962746105,True,P_high,0,,F2,27,False,,True,True,3,saddle,saddle_P_high_W09
0.20418946469280916,True,P_high,26,,F3,76,False,0.058544580824673176,True,True,3,saddle,saddle_P_high_W09
0.20922964617228976,True,P_high,0,,F2,27,False,,True,True,4,saddle,saddle_P_high_W09
0.2092280759298689,True,P_high,26,,F3,76,False,0.053537205792963505,True,True,4,saddle,saddle_P_high_W09
,,P_high,0,surface_length,F2,0,False,,False,,5,saddle,saddle_P_high_W09
,,P_high,0,surface_length,F3,0,False,,False,,5,saddle,saddle_P_high_W09
,,P_high,0,surface_length,F2,0,False,,False,,6,saddle,saddle_P_high_W09
,,P_high,0,surface_length,F3,0,False,,False,,6,saddle,saddle_P_high_W09
,,P_high,0,surface_length,F2,0,False,,False,,7,saddle,saddle_P_high_W09
,,P_high,0,surface_length,F3,0,False,,False,,7,saddle,saddle_P_high_W09
0.20452918250878285,True,P_high,0,,F2,27,False,,True,True,8,saddle,saddle_P_high_W09
0.20451203104521046,True,P_high,26,,F3,76,False,0.03639752138406038,True,True,8,saddle,saddle_P_high_W09
0.2053133278420136,True,P_high,0,,F2,27,False,,True,True,9,saddle,saddle_P_high_W09
0.20531656886122882,True,P_high,26,,F3,76,False,0.10946296341717243,True,True,9,saddle,saddle_P_high_W09
,,P_high,0,surface_length,F2,0,False,,False,,10,saddle,saddle_P_high_W09
,,P_high,0,surface_length,F3,0,False,,False,,10,saddle,saddle_P_high_W09
0.21141324720747398,True,P_high,0,,F2,27,False,,True,True,11,saddle,saddle_P_high_W09
0.21140509238126184,True,P_high,26,,F3,76,False,0.06850148178637028,True,True,11,saddle,saddle_P_high_W09
0.20963652211114392,True,P_high,0,,F2,27,False,,True,True,12,saddle,saddle_P_high_W09
0.20964311618741963,True,P_high,26,,F3,76,False,0.0284182820469141,True,True,12,saddle,saddle_P_high_W09
0.2056464232275515,True,P_high,0,,F2,27,False,,True,True,13,saddle,saddle_P_high_W09
0.2056507666777709,True,P_high,26,,F3,76,False,0.05686867889016867,True,True,13,saddle,saddle_P_high_W09
0.20506373495885583,True,P_high,0,,F2,27,False,,True,True,14,saddle,saddle_P_high_W09
0.20505257951293998,True,P_high,26,,F3,76,False,0.14601101074367762,True,True,14,saddle,saddle_P_high_W09
0.2095966829754803,True,P_high,0,,F2,27,False,,True,True,15,saddle,saddle_P_high_W09
0.2096023555497508,True,P_high,26,,F3,76,False,0.11365899443626404,True,True,15,saddle,saddle_P_high_W09
0.20055377190320553,True,P_high,0,,F2,27,True,,True,True,16,saddle,saddle_P_high_W09
0.2005261062865061,True,P_high,26,,F3,76,True,0.2048829412087798,True,True,16,saddle,saddle_P_high_W09
0.21215074834767875,True,P_high,0,,F2,27,False,,True,True,17,saddle,saddle_P_high_W09
0.21217487649053918,True,P_high,26,,F3,76,False,0.04482163954526186,True,True,17,saddle,saddle_P_high_W09
,,P_high,0,surface_length,F2,0,False,,False,,18,saddle,saddle_P_high_W09
,,P_high,0,surface_length,F3,0,False,,False,,18,saddle,saddle_P_high_W09
0.20841977463829864,True,P_high,0,,F2,27,False,,True,True,19,saddle,saddle_P_high_W09
0.20842922503228417,True,P_high,26,,F3,76,False,0.19414656329900026,True,True,19,saddle,saddle_P_high_W09
0.20426664902176656,True,P_high,0,,F2,27,False,,True,True,20,saddle,saddle_P_high_W09
0.20425560409683147,True,P_high,26,,F3,76,False,0.14927519392222166,True,True,20,saddle,saddle_P_high_W09
,,P_high,0,surface_length,F2,0,False,,False,,21,saddle,saddle_P_high_W09
,,P_high,0,surface_length,F3,0,False,,False,,21,saddle,saddle_P_high_W09
,,P_high,0,surface_length,F2,0,False,,False,,22,saddle,saddle_P_high_W09
,,P_high,0,surface_length,F3,0,False,,False,,22,saddle,saddle_P_high_W09
,,P_high,0,surface_length,F2,0,False,,False,,23,saddle,saddle_P_high_W09
,,P_high,0,surface_length,F3,0,False,,False,,23,saddle,saddle_P_high_W09
0.1627289475444313,True,P_low,26,,F1,101,False,0.1698085367679596,True,True,fixed_surface,saddle,saddle_P_low_W00
,,P_low,0,surface_length,F2,0,False,,False,,0,saddle,saddle_P_low_W00
,,P_low,0,surface_length,F3,0,False,,False,,0,saddle,saddle_P_low_W00
,,P_low,0,surface_length,F2,0,False,,False,,1,saddle,saddle_P_low_W00
,,P_low,0,surface_length,F3,0,False,,False,,1,saddle,saddle_P_low_W00
0.16385988630803663,True,P_low,0,,F2,27,False,,True,True,2,saddle,saddle_P_low_W00
0.16386727947146482,True,P_low,26,,F3,76,False,0.2108426485210657,True,True,2,saddle,saddle_P_low_W00
,,P_low,0,surface_length,F2,0,False,,False,,3,saddle,saddle_P_low_W00
,,P_low,0,surface_length,F3,0,False,,False,,3,saddle,saddle_P_low_W00
0.16640293556488853,True,P_low,0,,F2,27,False,,True,True,4,saddle,saddle_P_low_W00
0.16639402786688506,True,P_low,26,,F3,76,False,0.07273015659302473,True,True,4,saddle,saddle_P_low_W00
0.16039496856589733,True,P_low,0,,F2,27,True,,True,True,5,saddle,saddle_P_low_W00
0.16041029716625638,True,P_low,26,,F3,76,True,0.30044724326580763,True,True,5,saddle,saddle_P_low_W00
,,P_low,0,surface_length,F2,0,False,,False,,6,saddle,saddle_P_low_W00
,,P_low,0,surface_length,F3,0,False,,False,,6,saddle,saddle_P_low_W00
0.16224116119341028,True,P_low,0,,F2,27,False,,True,True,7,saddle,saddle_P_low_W00
0.16223847692682097,True,P_low,26,,F3,76,False,0.1450703702867031,True,True,7,saddle,saddle_P_low_W00
,,P_low,0,surface_length,F2,0,False,,False,,8,saddle,saddle_P_low_W00
,,P_low,0,surface_length,F3,0,False,,False,,8,saddle,saddle_P_low_W00
,,P_low,0,surface_length,F2,0,False,,False,,9,saddle,saddle_P_low_W00
,,P_low,0,surface_length,F3,0,False,,False,,9,saddle,saddle_P_low_W00
,,P_low,0,surface_length,F2,0,False,,False,,10,saddle,saddle_P_low_W00
,,P_low,0,surface_length,F3,0,False,,False,,10,saddle,saddle_P_low_W00
,,P_low,0,surface_length,F2,0,False,,False,,11,saddle,saddle_P_low_W00
,,P_low,0,surface_length,F3,0,False,,False,,11,saddle,saddle_P_low_W00
0.15524099957580562,True,P_low,0,,F2,27,True,,True,True,12,saddle,saddle_P_low_W00
0.15522612991658866,True,P_low,26,,F3,76,True,0.18335219379514456,True,True,12,saddle,saddle_P_low_W00
,,P_low,0,surface_length,F2,0,False,,False,,13,saddle,saddle_P_low_W00
,,P_low,0,surface_length,F3,0,False,,False,,13,saddle,saddle_P_low_W00
,,P_low,0,surface_length,F2,0,False,,False,,14,saddle,saddle_P_low_W00
,,P_low,0,surface_length,F3,0,False,,False,,14,saddle,saddle_P_low_W00
0.16137918060789208,True,P_low,0,,F2,27,False,,True,True,15,saddle,saddle_P_low_W00
0.16138580427633747,True,P_low,26,,F3,76,False,0.07797236926853657,True,True,15,saddle,saddle_P_low_W00
,,P_low,0,surface_length,F2,0,False,,False,,16,saddle,saddle_P_low_W00
,,P_low,0,surface_length,F3,0,False,,False,,16,saddle,saddle_P_low_W00
,,P_low,0,surface_length,F2,0,False,,False,,17,saddle,saddle_P_low_W00
,,P_low,0,surface_length,F3,0,False,,False,,17,saddle,saddle_P_low_W00
,,P_low,0,surface_length,F2,0,False,,False,,18,saddle,saddle_P_low_W00
,,P_low,0,surface_length,F3,0,False,,False,,18,saddle,saddle_P_low_W00
0.16579085453111136,True,P_low,0,,F2,27,False,,True,True,19,saddle,saddle_P_low_W00
0.1657996436777178,True,P_low,26,,F3,76,False,0.0315281031653285,True,True,19,saddle,saddle_P_low_W00
0.1660779990021227,True,P_low,0,,F2,27,False,,True,True,20,saddle,saddle_P_low_W00
0.16608741400284432,True,P_low,26,,F3,76,False,0.16968257166445255,True,True,20,saddle,saddle_P_low_W00
,,P_low,0,surface_length,F2,0,False,,False,,21,saddle,saddle_P_low_W00
,,P_low,0,surface_length,F3,0,False,,False,,21,saddle,saddle_P_low_W00
0.15514443763344166,True,P_low,0,,F2,27,True,,True,True,22,saddle,saddle_P_low_W00
0.15513685587496256,True,P_low,26,,F3,76,True,0.07786934915930033,True,True,22,saddle,saddle_P_low_W00
,,P_low,0,surface_length,F2,0,False,,False,,23,saddle,saddle_P_low_W00
,,P_low,0,surface_length,F3,0,False,,False,,23,saddle,saddle_P_low_W00
0.21177389158290127,True,P_low,24,,F1,93,False,0.10670202225446701,True,True,fixed_surface,saddle,saddle_P_low_W01
0.21309619033337643,True,P_low,0,,F2,25,False,,True,True,0,saddle,saddle_P_low_W01
0.2130589945609473,True,P_low,24,,F3,70,False,0.028071175329387188,True,True,0,saddle,saddle_P_low_W01
0.21413553839446492,True,P_low,0,,F2,25,False,,True,True,1,saddle,saddle_P_low_W01
0.21418915402758484,True,P_low,24,,F3,70,False,0.1333989268168807,True,True,1,saddle,saddle_P_low_W01
,,P_low,0,surface_length,F2,0,False,,False,,2,saddle,saddle_P_low_W01
,,P_low,0,surface_length,F3,0,False,,False,,2,saddle,saddle_P_low_W01
0.21281162531300193,True,P_low,0,,F2,25,False,,True,True,3,saddle,saddle_P_low_W01
0.21282962846703504,True,P_low,24,,F3,70,False,0.27067469991743565,True,True,3,saddle,saddle_P_low_W01
,,P_low,0,surface_length,F2,0,False,,False,,4,saddle,saddle_P_low_W01
,,P_low,0,surface_length,F3,0,False,,False,,4,saddle,saddle_P_low_W01
0.21446077189505586,True,P_low,0,,F2,25,False,,True,True,5,saddle,saddle_P_low_W01
0.21443333016393545,True,P_low,24,,F3,70,False,0.12801853567361832,True,True,5,saddle,saddle_P_low_W01
0.21316989348543536,True,P_low,0,,F2,25,False,,True,True,6,saddle,saddle_P_low_W01
0.21319551993696179,True,P_low,24,,F3,70,False,0.05549666751176119,True,True,6,saddle,saddle_P_low_W01
0.21190884974910648,True,P_low,0,,F2,25,False,,True,True,7,saddle,saddle_P_low_W01
0.21190058642801735,True,P_low,24,,F3,70,False,0.15062157809734344,True,True,7,saddle,saddle_P_low_W01
,,P_low,0,surface_length,F2,0,False,,False,,8,saddle,saddle_P_low_W01
,,P_low,0,surface_length,F3,0,False,,False,,8,saddle,saddle_P_low_W01
0.21191840497322167,True,P_low,0,,F2,25,False,,True,True,9,saddle,saddle_P_low_W01
0.21192854301751549,True,P_low,24,,F3,70,False,0.03155003674328327,True,True,9,saddle,saddle_P_low_W01
0.2153409299904282,True,P_low,0,,F2,25,False,,True,True,10,saddle,saddle_P_low_W01
0.21534905661842652,True,P_low,24,,F3,70,False,0.029550480656325817,True,True,10,saddle,saddle_P_low_W01
,,P_low,0,surface_length,F2,0,False,,False,,11,saddle,saddle_P_low_W01
,,P_low,0,surface_length,F3,0,False,,False,,11,saddle,saddle_P_low_W01
0.2160918466771324,True,P_low,0,,F2,25,False,,True,True,12,saddle,saddle_P_low_W01
0.2161341089719934,True,P_low,24,,F3,70,False,0.06439019832760096,True,True,12,saddle,saddle_P_low_W01
0.21371255192393393,True,P_low,0,,F2,25,False,,True,True,13,saddle,saddle_P_low_W01
0.21372920294585626,True,P_low,24,,F3,70,False,0.13687299937009811,True,True,13,saddle,saddle_P_low_W01
0.21119545748147067,True,P_low,0,,F2,25,True,,True,True,14,saddle,saddle_P_low_W01
0.21115072620621678,True,P_low,24,,F3,70,True,0.06068345159292221,True,True,14,saddle,saddle_P_low_W01
0.21347321019749305,True,P_low,0,,F2,25,False,,True,True,15,saddle,saddle_P_low_W01
0.2134721516128579,True,P_low,24,,F3,70,False,0.025713046081364155,True,True,15,saddle,saddle_P_low_W01
0.21554229264605795,True,P_low,0,,F2,25,False,,True,True,16,saddle,saddle_P_low_W01
0.21549935130461825,True,P_low,24,,F3,70,False,0.025581927970051765,True,True,16,saddle,saddle_P_low_W01
,,P_low,0,surface_length,F2,0,False,,False,,17,saddle,saddle_P_low_W01
,,P_low,0,surface_length,F3,0,False,,False,,17,saddle,saddle_P_low_W01
0.21335238759963074,True,P_low,0,,F2,25,False,,True,True,18,saddle,saddle_P_low_W01
0.21334745753272844,True,P_low,24,,F3,70,False,0.02555977739393711,True,True,18,saddle,saddle_P_low_W01
0.2126014198047967,True,P_low,0,,F2,25,False,,True,True,19,saddle,saddle_P_low_W01
0.21261835705342394,True,P_low,24,,F3,70,False,0.13679953198879957,True,True,19,saddle,saddle_P_low_W01
0.2109663775998386,True,P_low,0,,F2,25,True,,True,True,20,saddle,saddle_P_low_W01
0.21092137085563278,True,P_low,24,,F3,70,True,0.14915235806256533,True,True,20,saddle,saddle_P_low_W01
,,P_low,0,surface_length,F2,0,False,,False,,21,saddle,saddle_P_low_W01
,,P_low,0,surface_length,F3,0,False,,False,,21,saddle,saddle_P_low_W01
0.21540414128330354,True,P_low,0,,F2,25,False,,True,True,22,saddle,saddle_P_low_W01
0.21542619397669943,True,P_low,24,,F3,70,False,0.15729093737900257,True,True,22,saddle,saddle_P_low_W01
0.21277221913020247,True,P_low,0,,F2,25,False,,True,True,23,saddle,saddle_P_low_W01
0.21272913597214943,True,P_low,24,,F3,70,False,0.049607994966208935,True,True,23,saddle,saddle_P_low_W01
0.22479119883917295,True,P_low,25,,F1,97,False,0.1733926273882389,True,True,fixed_surface,saddle,saddle_P_low_W02
0.22499508328208226,True,P_low,0,,F2,26,False,,True,True,0,saddle,saddle_P_low_W02
0.224948757577368,True,P_low,25,,F3,73,False,0.111895895563066,True,True,0,saddle,saddle_P_low_W02
0.22640856219851496,True,P_low,0,,F2,26,False,,True,True,1,saddle,saddle_P_low_W02
0.22644384952125615,True,P_low,25,,F3,73,False,0.08489266037940979,True,True,1,saddle,saddle_P_low_W02
0.22668613273232077,True,P_low,0,,F2,26,False,,True,True,2,saddle,saddle_P_low_W02
0.2267134005808182,True,P_low,25,,F3,73,False,0.08802720811218023,True,True,2,saddle,saddle_P_low_W02
0.2260148728392175,True,P_low,0,,F2,26,False,,True,True,3,saddle,saddle_P_low_W02
0.22597508578525885,True,P_low,25,,F3,73,False,0.11483231745660305,True,True,3,saddle,saddle_P_low_W02
,,P_low,0,surface_length,F2,0,False,,False,,4,saddle,saddle_P_low_W02
,,P_low,0,surface_length,F3,0,False,,False,,4,saddle,saddle_P_low_W02
0.22840108917660482,True,P_low,0,,F2,26,False,,True,True,5,saddle,saddle_P_low_W02
0.22847573559059609,True,P_low,25,,F3,73,False,0.047478520311415195,True,True,5,saddle,saddle_P_low_W02
0.2255298744501048,True,P_low,0,,F2,26,False,,True,True,6,saddle,saddle_P_low_W02
0.2255282837929598,True,P_low,25,,F3,73,False,0.07807602267712355,True,True,6,saddle,saddle_P_low_W02
0.22606489267659527,True,P_low,0,,F2,26,False,,True,True,7,saddle,saddle_P_low_W02
0.22602947850784788,True,P_low,25,,F3,73,False,0.04950029402971268,True,True,7,saddle,saddle_P_low_W02
,,P_low,0,surface_length,F2,0,False,,False,,8,saddle,saddle_P_low_W02
,,P_low,0,surface_length,F3,0,False,,False,,8,saddle,saddle_P_low_W02
0.225229557575785,True,P_low,0,,F2,26,False,,True,True,9,saddle,saddle_P_low_W02
0.22525031569891876,True,P_low,25,,F3,73,False,0.09961322043091059,True,True,9,saddle,saddle_P_low_W02
0.22638079558928395,True,P_low,0,,F2,26,False,,True,True,10,saddle,saddle_P_low_W02
0.22643976242551175,True,P_low,25,,F3,73,False,0.30238071642816067,True,True,10,saddle,saddle_P_low_W02
0.22568622491422236,True,P_low,0,,F2,26,False,,True,True,11,saddle,saddle_P_low_W02
0.22565735122690073,True,P_low,25,,F3,73,False,0.11999294720590115,True,True,11,saddle,saddle_P_low_W02
0.22402147285013238,True,P_low,0,,F2,26,True,,True,True,12,saddle,saddle_P_low_W02
0.2239607595273324,True,P_low,25,,F3,73,True,0.025791668333113194,True,True,12,saddle,saddle_P_low_W02
0.22745723318782926,True,P_low,0,,F2,26,False,,True,True,13,saddle,saddle_P_low_W02
0.22753435717569195,True,P_low,25,,F3,73,False,0.11787539813667536,True,True,13,saddle,saddle_P_low_W02
0.2256369413440661,True,P_low,0,,F2,26,False,,True,True,14,saddle,saddle_P_low_W02
0.22560842754489466,True,P_low,25,,F3,73,False,0.09058843739330769,True,True,14,saddle,saddle_P_low_W02
,,P_low,0,surface_length,F2,0,False,,False,,15,saddle,saddle_P_low_W02
,,P_low,0,surface_length,F3,0,False,,False,,15,saddle,saddle_P_low_W02
0.2244379024842358,True,P_low,0,,F2,26,False,,True,True,16,saddle,saddle_P_low_W02
0.22437364052380498,True,P_low,25,,F3,73,False,0.16267733927816153,True,True,16,saddle,saddle_P_low_W02
0.2256838149902776,True,P_low,0,,F2,26,False,,True,True,17,saddle,saddle_P_low_W02
0.22570012523298433,True,P_low,25,,F3,73,False,0.11424764152616262,True,True,17,saddle,saddle_P_low_W02
0.22477507794637466,True,P_low,0,,F2,26,False,,True,True,18,saddle,saddle_P_low_W02
0.22474691678093972,True,P_low,25,,F3,73,False,0.14961528591811657,True,True,18,saddle,saddle_P_low_W02
0.22850752451364653,True,P_low,0,,F2,26,False,,True,True,19,saddle,saddle_P_low_W02
0.22861888320920076,True,P_low,25,,F3,73,False,0.09592542517930269,True,True,19,saddle,saddle_P_low_W02
0.2289333688130665,True,P_low,0,,F2,26,False,,True,True,20,saddle,saddle_P_low_W02
0.22895952873627007,True,P_low,25,,F3,73,False,0.027386226691305637,True,True,20,saddle,saddle_P_low_W02
0.22715858582561996,True,P_low,0,,F2,26,False,,True,True,21,saddle,saddle_P_low_W02
0.22714746722839443,True,P_low,25,,F3,73,False,0.08650912810117006,True,True,21,saddle,saddle_P_low_W02
0.22792507395677392,True,P_low,0,,F2,26,False,,True,True,22,saddle,saddle_P_low_W02
0.22793792096612614,True,P_low,25,,F3,73,False,0.039027146995067596,True,True,22,saddle,saddle_P_low_W02
0.2248201457940507,True,P_low,0,,F2,26,False,,True,True,23,saddle,saddle_P_low_W02
0.22477264230506272,True,P_low,25,,F3,73,False,0.04375129099935293,True,True,23,saddle,saddle_P_low_W02
0.18362371324185242,True,P_low,26,,F1,101,False,0.22197982016950846,True,True,fixed_surface,saddle,saddle_P_low_W03
,,P_low,0,surface_topology_or_turn,F2,0,False,,False,,0,saddle,saddle_P_low_W03
,,P_low,0,surface_topology_or_turn,F3,0,False,,False,,0,saddle,saddle_P_low_W03
,,P_low,0,surface_length,F2,0,False,,False,,1,saddle,saddle_P_low_W03
,,P_low,0,surface_length,F3,0,False,,False,,1,saddle,saddle_P_low_W03
0.1835406036614677,True,P_low,0,,F2,27,True,,True,True,2,saddle,saddle_P_low_W03
0.18355047332761784,True,P_low,26,,F3,76,True,0.04970541223883629,True,True,2,saddle,saddle_P_low_W03
,,P_low,0,surface_topology_or_turn,F2,0,False,,False,,3,saddle,saddle_P_low_W03
,,P_low,0,surface_topology_or_turn,F3,0,False,,False,,3,saddle,saddle_P_low_W03
,,P_low,0,surface_topology_or_turn,F2,0,False,,False,,4,saddle,saddle_P_low_W03
,,P_low,0,surface_topology_or_turn,F3,0,False,,False,,4,saddle,saddle_P_low_W03
0.1853900057144151,True,P_low,0,,F2,27,False,,True,True,5,saddle,saddle_P_low_W03
0.18541399503799855,True,P_low,26,,F3,76,False,0.03705984726548195,True,True,5,saddle,saddle_P_low_W03
,,P_low,0,surface_length,F2,0,False,,False,,6,saddle,saddle_P_low_W03
,,P_low,0,surface_length,F3,0,False,,False,,6,saddle,saddle_P_low_W03
,,P_low,0,surface_length,F2,0,False,,False,,7,saddle,saddle_P_low_W03
,,P_low,0,surface_length,F3,0,False,,False,,7,saddle,saddle_P_low_W03
,,P_low,0,surface_length,F2,0,False,,False,,8,saddle,saddle_P_low_W03
,,P_low,0,surface_length,F3,0,False,,False,,8,saddle,saddle_P_low_W03
,,P_low,0,surface_length,F2,0,False,,False,,9,saddle,saddle_P_low_W03
,,P_low,0,surface_length,F3,0,False,,False,,9,saddle,saddle_P_low_W03
0.18003437157383023,True,P_low,0,,F2,27,True,,True,True,10,saddle,saddle_P_low_W03
0.18002594086376703,True,P_low,26,,F3,76,True,0.02871179673820734,True,True,10,saddle,saddle_P_low_W03
,,P_low,0,surface_topology_or_turn,F2,0,False,,False,,11,saddle,saddle_P_low_W03
,,P_low,0,surface_topology_or_turn,F3,0,False,,False,,11,saddle,saddle_P_low_W03
,,P_low,0,surface_topology_or_turn,F2,0,False,,False,,12,saddle,saddle_P_low_W03
,,P_low,0,surface_topology_or_turn,F3,0,False,,False,,12,saddle,saddle_P_low_W03
,,P_low,0,surface_length,F2,0,False,,False,,13,saddle,saddle_P_low_W03
,,P_low,0,surface_length,F3,0,False,,False,,13,saddle,saddle_P_low_W03
,,P_low,0,surface_length,F2,0,False,,False,,14,saddle,saddle_P_low_W03
,,P_low,0,surface_length,F3,0,False,,False,,14,saddle,saddle_P_low_W03
,,P_low,0,surface_topology_or_turn,F2,0,False,,False,,15,saddle,saddle_P_low_W03
,,P_low,0,surface_topology_or_turn,F3,0,False,,False,,15,saddle,saddle_P_low_W03
,,P_low,0,surface_length,F2,0,False,,False,,16,saddle,saddle_P_low_W03
,,P_low,0,surface_length,F3,0,False,,False,,16,saddle,saddle_P_low_W03
,,P_low,0,surface_topology_or_turn,F2,0,False,,False,,17,saddle,saddle_P_low_W03
,,P_low,0,surface_topology_or_turn,F3,0,False,,False,,17,saddle,saddle_P_low_W03
,,P_low,0,surface_topology_or_turn,F2,0,False,,False,,18,saddle,saddle_P_low_W03
,,P_low,0,surface_topology_or_turn,F3,0,False,,False,,18,saddle,saddle_P_low_W03
,,P_low,0,surface_length,F2,0,False,,False,,19,saddle,saddle_P_low_W03
,,P_low,0,surface_length,F3,0,False,,False,,19,saddle,saddle_P_low_W03
,,P_low,0,surface_length,F2,0,False,,False,,20,saddle,saddle_P_low_W03
,,P_low,0,surface_length,F3,0,False,,False,,20,saddle,saddle_P_low_W03
,,P_low,0,surface_topology_or_turn,F2,0,False,,False,,21,saddle,saddle_P_low_W03
,,P_low,0,surface_topology_or_turn,F3,0,False,,False,,21,saddle,saddle_P_low_W03
,,P_low,0,surface_topology_or_turn,F2,0,False,,False,,22,saddle,saddle_P_low_W03
,,P_low,0,surface_topology_or_turn,F3,0,False,,False,,22,saddle,saddle_P_low_W03
,,P_low,0,surface_length,F2,0,False,,False,,23,saddle,saddle_P_low_W03
,,P_low,0,surface_length,F3,0,False,,False,,23,saddle,saddle_P_low_W03
0.1618828982879799,True,P_low,25,,F1,97,False,0.1444377237930894,True,True,fixed_surface,saddle,saddle_P_low_W04
0.15906045517009854,True,P_low,0,,F2,26,True,,True,True,0,saddle,saddle_P_low_W04
0.15903600254703892,True,P_low,25,,F3,73,True,0.12199176102876663,True,True,0,saddle,saddle_P_low_W04
0.1648725270912276,True,P_low,0,,F2,26,False,,True,True,1,saddle,saddle_P_low_W04
0.16488371869618415,True,P_low,25,,F3,73,False,0.026812227442860603,True,True,1,saddle,saddle_P_low_W04
0.1607970212045527,True,P_low,0,,F2,26,False,,True,True,2,saddle,saddle_P_low_W04
0.16082064577177832,True,P_low,25,,F3,73,False,0.10157684050500393,True,True,2,saddle,saddle_P_low_W04
0.16340882481804994,True,P_low,0,,F2,26,False,,True,True,3,saddle,saddle_P_low_W04
0.16340125476921782,True,P_low,25,,F3,73,False,0.06709982082247734,True,True,3,saddle,saddle_P_low_W04
,,P_low,0,surface_length,F2,0,False,,False,,4,saddle,saddle_P_low_W04
,,P_low,0,surface_length,F3,0,False,,False,,4,saddle,saddle_P_low_W04
,,P_low,0,surface_topology_or_turn,F2,0,False,,False,,5,saddle,saddle_P_low_W04
,,P_low,0,surface_topology_or_turn,F3,0,False,,False,,5,saddle,saddle_P_low_W04
0.1641097458043247,True,P_low,0,,F2,26,False,,True,True,6,saddle,saddle_P_low_W04
0.16412603970558057,True,P_low,25,,F3,73,False,0.0970011567696929,True,True,6,saddle,saddle_P_low_W04
0.16026578627888663,True,P_low,0,,F2,26,False,,True,True,7,saddle,saddle_P_low_W04
0.16024196674715147,True,P_low,25,,F3,73,False,0.08633723761886358,True,True,7,saddle,saddle_P_low_W04
,,P_low,0,surface_length,F2,0,False,,False,,8,saddle,saddle_P_low_W04
,,P_low,0,surface_length,F3,0,False,,False,,8,saddle,saddle_P_low_W04
0.16433869225517944,True,P_low,0,,F2,26,False,,True,True,9,saddle,saddle_P_low_W04
0.16434196387919994,True,P_low,25,,F3,73,False,0.06188025884330273,True,True,9,saddle,saddle_P_low_W04
,,P_low,0,surface_length,F2,0,False,,False,,10,saddle,saddle_P_low_W04
,,P_low,0,surface_length,F3,0,False,,False,,10,saddle,saddle_P_low_W04
,,P_low,0,surface_length,F2,0,False,,False,,11,saddle,saddle_P_low_W04
,,P_low,0,surface_length,F3,0,False,,False,,11,saddle,saddle_P_low_W04
,,P_low,0,surface_length,F2,0,False,,False,,12,saddle,saddle_P_low_W04
,,P_low,0,surface_length,F3,0,False,,False,,12,saddle,saddle_P_low_W04
,,P_low,0,surface_length,F2,0,False,,False,,13,saddle,saddle_P_low_W04
,,P_low,0,surface_length,F3,0,False,,False,,13,saddle,saddle_P_low_W04
,,P_low,0,surface_length,F2,0,False,,False,,14,saddle,saddle_P_low_W04
,,P_low,0,surface_length,F3,0,False,,False,,14,saddle,saddle_P_low_W04
0.159499429624006,True,P_low,0,,F2,26,False,,True,True,15,saddle,saddle_P_low_W04
0.15950524020614243,True,P_low,25,,F3,73,False,0.08231626730412245,True,True,15,saddle,saddle_P_low_W04
,,P_low,0,surface_length,F2,0,False,,False,,16,saddle,saddle_P_low_W04
,,P_low,0,surface_length,F3,0,False,,False,,16,saddle,saddle_P_low_W04
,,P_low,0,surface_length,F2,0,False,,False,,17,saddle,saddle_P_low_W04
,,P_low,0,surface_length,F3,0,False,,False,,17,saddle,saddle_P_low_W04
,,P_low,0,surface_length,F2,0,False,,False,,18,saddle,saddle_P_low_W04
,,P_low,0,surface_length,F3,0,False,,False,,18,saddle,saddle_P_low_W04
,,P_low,0,surface_length,F2,0,False,,False,,19,saddle,saddle_P_low_W04
,,P_low,0,surface_length,F3,0,False,,False,,19,saddle,saddle_P_low_W04
,,P_low,0,surface_length,F2,0,False,,False,,20,saddle,saddle_P_low_W04
,,P_low,0,surface_length,F3,0,False,,False,,20,saddle,saddle_P_low_W04
0.1597236250595055,True,P_low,0,,F2,26,False,,True,True,21,saddle,saddle_P_low_W04
0.15973743216869657,True,P_low,25,,F3,73,False,0.05414154287427664,True,True,21,saddle,saddle_P_low_W04
0.15912769798743584,True,P_low,0,,F2,26,False,,True,True,22,saddle,saddle_P_low_W04
0.15916544063558968,True,P_low,25,,F3,73,False,0.039310102351009846,True,True,22,saddle,saddle_P_low_W04
,,P_low,0,surface_length,F2,0,False,,False,,23,saddle,saddle_P_low_W04
,,P_low,0,surface_length,F3,0,False,,False,,23,saddle,saddle_P_low_W04
0.23416749876206658,True,P_low,26,,F1,101,False,0.10976984910666943,True,True,fixed_surface,saddle,saddle_P_low_W05
0.2370643780249863,True,P_low,0,,F2,27,False,,True,True,0,saddle,saddle_P_low_W05
0.2371135022448736,True,P_low,26,,F3,76,False,0.03038833849132061,True,True,0,saddle,saddle_P_low_W05
,,P_low,0,surface_topology_or_turn,F2,0,False,,False,,1,saddle,saddle_P_low_W05
,,P_low,0,surface_topology_or_turn,F3,0,False,,False,,1,saddle,saddle_P_low_W05
0.23490797109548356,True,P_low,0,,F2,27,False,,True,True,2,saddle,saddle_P_low_W05
0.23488159492883276,True,P_low,26,,F3,76,False,0.14050216414034367,True,True,2,saddle,saddle_P_low_W05
,,P_low,0,surface_topology_or_turn,F2,0,False,,False,,3,saddle,saddle_P_low_W05
,,P_low,0,surface_topology_or_turn,F3,0,False,,False,,3,saddle,saddle_P_low_W05
0.23659985042357776,True,P_low,0,,F2,27,False,,True,True,4,saddle,saddle_P_low_W05
0.23668448797492717,True,P_low,26,,F3,76,False,0.14562695287168026,True,True,4,saddle,saddle_P_low_W05
,,P_low,0,surface_topology_or_turn,F2,0,False,,False,,5,saddle,saddle_P_low_W05
,,P_low,0,surface_topology_or_turn,F3,0,False,,False,,5,saddle,saddle_P_low_W05
0.23721107886102435,True,P_low,0,,F2,27,False,,True,True,6,saddle,saddle_P_low_W05
0.2372435632335531,True,P_low,26,,F3,76,False,0.11350371781736612,True,True,6,saddle,saddle_P_low_W05
,,P_low,0,surface_topology_or_turn,F2,0,False,,False,,7,saddle,saddle_P_low_W05
,,P_low,0,surface_topology_or_turn,F3,0,False,,False,,7,saddle,saddle_P_low_W05
,,P_low,0,surface_topology_or_turn,F2,0,False,,False,,8,saddle,saddle_P_low_W05
,,P_low,0,surface_topology_or_turn,F3,0,False,,False,,8,saddle,saddle_P_low_W05
,,P_low,0,surface_topology_or_turn,F2,0,False,,False,,9,saddle,saddle_P_low_W05
,,P_low,0,surface_topology_or_turn,F3,0,False,,False,,9,saddle,saddle_P_low_W05
0.23122604116635948,True,P_low,0,,F2,27,True,,True,True,10,saddle,saddle_P_low_W05
0.2311407853212612,True,P_low,26,,F3,76,True,0.06195279210805893,True,True,10,saddle,saddle_P_low_W05
,,P_low,0,surface_topology_or_turn,F2,0,False,,False,,11,saddle,saddle_P_low_W05
,,P_low,0,surface_topology_or_turn,F3,0,False,,False,,11,saddle,saddle_P_low_W05
,,P_low,0,surface_length,F2,0,False,,False,,12,saddle,saddle_P_low_W05
,,P_low,0,surface_length,F3,0,False,,False,,12,saddle,saddle_P_low_W05
,,P_low,0,surface_topology_or_turn,F2,0,False,,False,,13,saddle,saddle_P_low_W05
,,P_low,0,surface_topology_or_turn,F3,0,False,,False,,13,saddle,saddle_P_low_W05
0.23787062722478197,True,P_low,0,,F2,27,False,,True,True,14,saddle,saddle_P_low_W05
0.23785508375166778,True,P_low,26,,F3,76,False,0.06010277383029461,True,True,14,saddle,saddle_P_low_W05
,,P_low,0,surface_topology_or_turn,F2,0,False,,False,,15,saddle,saddle_P_low_W05
,,P_low,0,surface_topology_or_turn,F3,0,False,,False,,15,saddle,saddle_P_low_W05
0.23891323255257949,True,P_low,0,,F2,27,False,,True,True,16,saddle,saddle_P_low_W05
0.2389963866105917,True,P_low,26,,F3,76,False,0.21021073311567307,True,True,16,saddle,saddle_P_low_W05
,,P_low,0,surface_topology_or_turn,F2,0,False,,False,,17,saddle,saddle_P_low_W05
,,P_low,0,surface_topology_or_turn,F3,0,False,,False,,17,saddle,saddle_P_low_W05
0.23749862384644232,True,P_low,0,,F2,27,False,,True,True,18,saddle,saddle_P_low_W05
0.2375118064859266,True,P_low,26,,F3,76,False,0.07789773214608431,True,True,18,saddle,saddle_P_low_W05
,,P_low,0,surface_topology_or_turn,F2,0,False,,False,,19,saddle,saddle_P_low_W05
,,P_low,0,surface_topology_or_turn,F3,0,False,,False,,19,saddle,saddle_P_low_W05
0.23326300672179676,True,P_low,0,,F2,27,False,,True,True,20,saddle,saddle_P_low_W05
0.23320837649328668,True,P_low,26,,F3,76,False,0.1475209714844823,True,True,20,saddle,saddle_P_low_W05
,,P_low,0,surface_topology_or_turn,F2,0,False,,False,,21,saddle,saddle_P_low_W05
,,P_low,0,surface_topology_or_turn,F3,0,False,,False,,21,saddle,saddle_P_low_W05
0.2357348881709531,True,P_low,0,,F2,27,False,,True,True,22,saddle,saddle_P_low_W05
0.23579120333682105,True,P_low,26,,F3,76,False,0.05549836717545986,True,True,22,saddle,saddle_P_low_W05
,,P_low,0,surface_topology_or_turn,F2,0,False,,False,,23,saddle,saddle_P_low_W05
,,P_low,0,surface_topology_or_turn,F3,0,False,,False,,23,saddle,saddle_P_low_W05
0.16899737176774177,True,P_low,24,,F1,93,False,0.041569482535123825,True,True,fixed_surface,saddle,saddle_P_low_W06
0.16797488025172716,True,P_low,0,,F2,25,True,,True,True,0,saddle,saddle_P_low_W06
0.16797857947927775,True,P_low,24,,F3,70,True,0.15916425362229347,True,True,0,saddle,saddle_P_low_W06
,,P_low,0,surface_length,F2,0,False,,False,,1,saddle,saddle_P_low_W06
,,P_low,0,surface_length,F3,0,False,,False,,1,saddle,saddle_P_low_W06
0.17259804104698917,True,P_low,0,,F2,25,False,,True,True,2,saddle,saddle_P_low_W06
0.17258418840658873,True,P_low,24,,F3,70,False,0.17027422320097685,True,True,2,saddle,saddle_P_low_W06
0.17279369127719008,True,P_low,0,,F2,25,False,,True,True,3,saddle,saddle_P_low_W06
0.17278383459396554,True,P_low,24,,F3,70,False,0.11338010616600513,True,True,3,saddle,saddle_P_low_W06
0.17254974730609102,True,P_low,0,,F2,25,False,,True,True,4,saddle,saddle_P_low_W06
0.1725177380207521,True,P_low,24,,F3,70,False,0.12330528628081083,True,True,4,saddle,saddle_P_low_W06
0.1666292786034338,True,P_low,0,,F2,25,True,,True,True,5,saddle,saddle_P_low_W06
0.16668026253521837,True,P_low,24,,F3,70,True,0.04925648961216211,True,True,5,saddle,saddle_P_low_W06
,,P_low,0,surface_length,F2,0,False,,False,,6,saddle,saddle_P_low_W06
,,P_low,0,surface_length,F3,0,False,,False,,6,saddle,saddle_P_low_W06
0.17016360915411416,True,P_low,0,,F2,25,False,,True,True,7,saddle,saddle_P_low_W06
0.17017796876533242,True,P_low,24,,F3,70,False,0.20518414210528135,True,True,7,saddle,saddle_P_low_W06
0.17344021450311248,True,P_low,0,,F2,25,False,,True,True,8,saddle,saddle_P_low_W06
0.17340228894339188,True,P_low,24,,F3,70,False,0.09479618910700083,True,True,8,saddle,saddle_P_low_W06
0.16948765537632166,True,P_low,0,,F2,25,False,,True,True,9,saddle,saddle_P_low_W06
0.16950252119249826,True,P_low,24,,F3,70,False,0.21901154331862926,True,True,9,saddle,saddle_P_low_W06
0.1729240609838991,True,P_low,0,,F2,25,False,,True,True,10,saddle,saddle_P_low_W06
0.1729346585427191,True,P_low,24,,F3,70,False,0.035179139114916325,True,True,10,saddle,saddle_P_low_W06
,,P_low,0,surface_length,F2,0,False,,False,,11,saddle,saddle_P_low_W06
,,P_low,0,surface_length,F3,0,False,,False,,11,saddle,saddle_P_low_W06
,,P_low,0,surface_length,F2,0,False,,False,,12,saddle,saddle_P_low_W06
,,P_low,0,surface_length,F3,0,False,,False,,12,saddle,saddle_P_low_W06
0.168857541784304,True,P_low,0,,F2,25,False,,True,True,13,saddle,saddle_P_low_W06
0.16891325885844743,True,P_low,24,,F3,70,False,0.06118531618267298,True,True,13,saddle,saddle_P_low_W06
0.17370960639795086,True,P_low,0,,F2,25,False,,True,True,14,saddle,saddle_P_low_W06
0.17370834310640665,True,P_low,24,,F3,70,False,0.1393032744526863,True,True,14,saddle,saddle_P_low_W06
0.1669879312777061,True,P_low,0,,F2,25,False,,True,True,15,saddle,saddle_P_low_W06
0.1670154149286599,True,P_low,24,,F3,70,False,0.049016513861715794,True,True,15,saddle,saddle_P_low_W06
,,P_low,0,surface_length,F2,0,False,,False,,16,saddle,saddle_P_low_W06
,,P_low,0,surface_length,F3,0,False,,False,,16,saddle,saddle_P_low_W06
0.17041101502283784,True,P_low,0,,F2,25,False,,True,True,17,saddle,saddle_P_low_W06
0.1703923614742872,True,P_low,24,,F3,70,False,0.22937148343771696,True,True,17,saddle,saddle_P_low_W06
0.16949280823137197,True,P_low,0,,F2,25,False,,True,True,18,saddle,saddle_P_low_W06
0.16947576154013758,True,P_low,24,,F3,70,False,0.02584940381348133,True,True,18,saddle,saddle_P_low_W06
0.16961713063594624,True,P_low,0,,F2,25,False,,True,True,19,saddle,saddle_P_low_W06
0.16969038804311665,True,P_low,24,,F3,70,False,0.05375024676322937,True,True,19,saddle,saddle_P_low_W06
0.16685995728507652,True,P_low,0,,F2,25,False,,True,True,20,saddle,saddle_P_low_W06
0.16689181797404398,True,P_low,24,,F3,70,False,0.11317300330847502,True,True,20,saddle,saddle_P_low_W06
0.17365475741351558,True,P_low,0,,F2,25,False,,True,True,21,saddle,saddle_P_low_W06
0.17363045401544847,True,P_low,24,,F3,70,False,0.026621323078870773,True,True,21,saddle,saddle_P_low_W06
0.17253246631317698,True,P_low,0,,F2,25,False,,True,True,22,saddle,saddle_P_low_W06
0.17248185029481122,True,P_low,24,,F3,70,False,0.037962126545608044,True,True,22,saddle,saddle_P_low_W06
,,P_low,0,surface_length,F2,0,False,,False,,23,saddle,saddle_P_low_W06
,,P_low,0,surface_length,F3,0,False,,False,,23,saddle,saddle_P_low_W06
0.23451524307535848,True,P_low,26,,F1,101,False,0.12527562212198973,True,True,fixed_surface,saddle,saddle_P_low_W07
,,P_low,0,surface_topology_or_turn,F2,0,False,,False,,0,saddle,saddle_P_low_W07
,,P_low,0,surface_topology_or_turn,F3,0,False,,False,,0,saddle,saddle_P_low_W07
0.23692866395362033,True,P_low,0,,F2,27,False,,True,True,1,saddle,saddle_P_low_W07
0.2368902519933198,True,P_low,26,,F3,76,False,0.12862562388181686,True,True,1,saddle,saddle_P_low_W07
,,P_low,0,surface_topology_or_turn,F2,0,False,,False,,2,saddle,saddle_P_low_W07
,,P_low,0,surface_topology_or_turn,F3,0,False,,False,,2,saddle,saddle_P_low_W07
,,P_low,0,surface_topology_or_turn,F2,0,False,,False,,3,saddle,saddle_P_low_W07
,,P_low,0,surface_topology_or_turn,F3,0,False,,False,,3,saddle,saddle_P_low_W07
,,P_low,0,surface_topology_or_turn,F2,0,False,,False,,4,saddle,saddle_P_low_W07
,,P_low,0,surface_topology_or_turn,F3,0,False,,False,,4,saddle,saddle_P_low_W07
,,P_low,0,surface_topology_or_turn,F2,0,False,,False,,5,saddle,saddle_P_low_W07
,,P_low,0,surface_topology_or_turn,F3,0,False,,False,,5,saddle,saddle_P_low_W07
0.23602258098545537,True,P_low,0,,F2,27,False,,True,True,6,saddle,saddle_P_low_W07
0.23598177662796477,True,P_low,26,,F3,76,False,0.07471058517694473,True,True,6,saddle,saddle_P_low_W07
,,P_low,0,surface_topology_or_turn,F2,0,False,,False,,7,saddle,saddle_P_low_W07
,,P_low,0,surface_topology_or_turn,F3,0,False,,False,,7,saddle,saddle_P_low_W07
,,P_low,0,surface_topology_or_turn,F2,0,False,,False,,8,saddle,saddle_P_low_W07
,,P_low,0,surface_topology_or_turn,F3,0,False,,False,,8,saddle,saddle_P_low_W07
,,P_low,0,surface_topology_or_turn,F2,0,False,,False,,9,saddle,saddle_P_low_W07
,,P_low,0,surface_topology_or_turn,F3,0,False,,False,,9,saddle,saddle_P_low_W07
,,P_low,0,surface_topology_or_turn,F2,0,False,,False,,10,saddle,saddle_P_low_W07
,,P_low,0,surface_topology_or_turn,F3,0,False,,False,,10,saddle,saddle_P_low_W07
0.23312476373223281,True,P_low,0,,F2,27,True,,True,True,11,saddle,saddle_P_low_W07
0.23315420631367093,True,P_low,26,,F3,76,True,0.04738602973520756,True,True,11,saddle,saddle_P_low_W07
0.23178210094897603,True,P_low,0,,F2,27,True,,True,True,12,saddle,saddle_P_low_W07
0.23180817101236126,True,P_low,26,,F3,76,True,0.3178906850516796,True,True,12,saddle,saddle_P_low_W07
,,P_low,0,surface_topology_or_turn,F2,0,False,,False,,13,saddle,saddle_P_low_W07
,,P_low,0,surface_topology_or_turn,F3,0,False,,False,,13,saddle,saddle_P_low_W07
,,P_low,0,surface_topology_or_turn,F2,0,False,,False,,14,saddle,saddle_P_low_W07
,,P_low,0,surface_topology_or_turn,F3,0,False,,False,,14,saddle,saddle_P_low_W07
0.23560563854948924,True,P_low,0,,F2,27,False,,True,True,15,saddle,saddle_P_low_W07
0.23556468230350475,True,P_low,26,,F3,76,False,0.1314740190282464,True,True,15,saddle,saddle_P_low_W07
,,P_low,0,surface_topology_or_turn,F2,0,False,,False,,16,saddle,saddle_P_low_W07
,,P_low,0,surface_topology_or_turn,F3,0,False,,False,,16,saddle,saddle_P_low_W07
0.23188210005621085,True,P_low,0,,F2,27,False,,True,True,17,saddle,saddle_P_low_W07
0.23181989970019237,True,P_low,26,,F3,76,False,0.12234663497656584,True,True,17,saddle,saddle_P_low_W07
0.2368140267083009,True,P_low,0,,F2,27,False,,True,True,18,saddle,saddle_P_low_W07
0.23682026098712988,True,P_low,26,,F3,76,False,0.08085699658840895,True,True,18,saddle,saddle_P_low_W07
,,P_low,0,surface_topology_or_turn,F2,0,False,,False,,19,saddle,saddle_P_low_W07
,,P_low,0,surface_topology_or_turn,F3,0,False,,False,,19,saddle,saddle_P_low_W07
,,P_low,0,surface_topology_or_turn,F2,0,False,,False,,20,saddle,saddle_P_low_W07
,,P_low,0,surface_topology_or_turn,F3,0,False,,False,,20,saddle,saddle_P_low_W07
0.23503421309641942,True,P_low,0,,F2,27,False,,True,True,21,saddle,saddle_P_low_W07
0.23500604514339868,True,P_low,26,,F3,76,False,0.05055103078484535,True,True,21,saddle,saddle_P_low_W07
0.23398723133107044,True,P_low,0,,F2,27,False,,True,True,22,saddle,saddle_P_low_W07
0.23389171894475064,True,P_low,26,,F3,76,False,0.03415878303349018,True,True,22,saddle,saddle_P_low_W07
,,P_low,0,surface_topology_or_turn,F2,0,False,,False,,23,saddle,saddle_P_low_W07
,,P_low,0,surface_topology_or_turn,F3,0,False,,False,,23,saddle,saddle_P_low_W07
0.19473403994726854,True,P_low,26,,F1,101,False,0.18306054454296827,True,True,fixed_surface,saddle,saddle_P_low_W08
,,P_low,0,surface_length,F2,0,False,,False,,0,saddle,saddle_P_low_W08
,,P_low,0,surface_length,F3,0,False,,False,,0,saddle,saddle_P_low_W08
,,P_low,0,surface_length,F2,0,False,,False,,1,saddle,saddle_P_low_W08
,,P_low,0,surface_length,F3,0,False,,False,,1,saddle,saddle_P_low_W08
,,P_low,0,surface_topology_or_turn,F2,0,False,,False,,2,saddle,saddle_P_low_W08
,,P_low,0,surface_topology_or_turn,F3,0,False,,False,,2,saddle,saddle_P_low_W08
0.19648115276678096,True,P_low,0,,F2,27,False,,True,True,3,saddle,saddle_P_low_W08
0.19647610216254954,True,P_low,26,,F3,76,False,0.24872808251529932,True,True,3,saddle,saddle_P_low_W08
0.18849136083748028,True,P_low,0,,F2,27,True,,True,True,4,saddle,saddle_P_low_W08
0.188486351482194,True,P_low,26,,F3,76,True,0.026888062246143818,True,True,4,saddle,saddle_P_low_W08
,,P_low,0,surface_topology_or_turn,F2,0,False,,False,,5,saddle,saddle_P_low_W08
,,P_low,0,surface_topology_or_turn,F3,0,False,,False,,5,saddle,saddle_P_low_W08
0.19628582148024823,True,P_low,0,,F2,27,False,,True,True,6,saddle,saddle_P_low_W08
0.19631751035929315,True,P_low,26,,F3,76,False,0.06793284509330988,True,True,6,saddle,saddle_P_low_W08
,,P_low,0,surface_length,F2,0,False,,False,,7,saddle,saddle_P_low_W08
,,P_low,0,surface_length,F3,0,False,,False,,7,saddle,saddle_P_low_W08
,,P_low,0,surface_length,F2,0,False,,False,,8,saddle,saddle_P_low_W08
,,P_low,0,surface_length,F3,0,False,,False,,8,saddle,saddle_P_low_W08
,,P_low,0,surface_topology_or_turn,F2,0,False,,False,,9,saddle,saddle_P_low_W08
,,P_low,0,surface_topology_or_turn,F3,0,False,,False,,9,saddle,saddle_P_low_W08
,,P_low,0,surface_topology_or_turn,F2,0,False,,False,,10,saddle,saddle_P_low_W08
,,P_low,0,surface_topology_or_turn,F3,0,False,,False,,10,saddle,saddle_P_low_W08
0.19470368854865627,True,P_low,0,,F2,27,False,,True,True,11,saddle,saddle_P_low_W08
0.19471250707036425,True,P_low,26,,F3,76,False,0.18993147928267717,True,True,11,saddle,saddle_P_low_W08
,,P_low,0,surface_length,F2,0,False,,False,,12,saddle,saddle_P_low_W08
,,P_low,0,surface_length,F3,0,False,,False,,12,saddle,saddle_P_low_W08
,,P_low,0,surface_length,F2,0,False,,False,,13,saddle,saddle_P_low_W08
,,P_low,0,surface_length,F3,0,False,,False,,13,saddle,saddle_P_low_W08
,,P_low,0,surface_length,F2,0,False,,False,,14,saddle,saddle_P_low_W08
,,P_low,0,surface_length,F3,0,False,,False,,14,saddle,saddle_P_low_W08
,,P_low,0,surface_length,F2,0,False,,False,,15,saddle,saddle_P_low_W08
,,P_low,0,surface_length,F3,0,False,,False,,15,saddle,saddle_P_low_W08
0.1892948761952729,True,P_low,0,,F2,27,False,,True,True,16,saddle,saddle_P_low_W08
0.1892795490719314,True,P_low,26,,F3,76,False,0.15734060294926167,True,True,16,saddle,saddle_P_low_W08
,,P_low,0,surface_topology_or_turn,F2,0,False,,False,,17,saddle,saddle_P_low_W08
,,P_low,0,surface_topology_or_turn,F3,0,False,,False,,17,saddle,saddle_P_low_W08
,,P_low,0,surface_topology_or_turn,F2,0,False,,False,,18,saddle,saddle_P_low_W08
,,P_low,0,surface_topology_or_turn,F3,0,False,,False,,18,saddle,saddle_P_low_W08
,,P_low,0,surface_length,F2,0,False,,False,,19,saddle,saddle_P_low_W08
,,P_low,0,surface_length,F3,0,False,,False,,19,saddle,saddle_P_low_W08
0.19158409278051672,True,P_low,0,,F2,27,False,,True,True,20,saddle,saddle_P_low_W08
0.19155606406306788,True,P_low,26,,F3,76,False,0.03855380788445473,True,True,20,saddle,saddle_P_low_W08
,,P_low,0,surface_topology_or_turn,F2,0,False,,False,,21,saddle,saddle_P_low_W08
,,P_low,0,surface_topology_or_turn,F3,0,False,,False,,21,saddle,saddle_P_low_W08
0.19415602040909963,True,P_low,0,,F2,27,False,,True,True,22,saddle,saddle_P_low_W08
0.1941946545060288,True,P_low,26,,F3,76,False,0.10241031739860773,True,True,22,saddle,saddle_P_low_W08
0.1923158932099439,True,P_low,0,,F2,27,False,,True,True,23,saddle,saddle_P_low_W08
0.19228941355896473,True,P_low,26,,F3,76,False,0.05546678975224495,True,True,23,saddle,saddle_P_low_W08
0.17959784703879422,True,P_low,26,,F1,101,False,0.16931648179888725,True,True,fixed_surface,saddle,saddle_P_low_W09
0.17777870452548897,True,P_low,0,,F2,27,True,,True,True,0,saddle,saddle_P_low_W09
0.177749234209388,True,P_low,26,,F3,76,True,0.08315794169902802,True,True,0,saddle,saddle_P_low_W09
0.18062039551438516,True,P_low,0,,F2,27,False,,True,True,1,saddle,saddle_P_low_W09
0.1806357041380481,True,P_low,26,,F3,76,False,0.1852741250768304,True,True,1,saddle,saddle_P_low_W09
,,P_low,0,surface_length,F2,0,False,,False,,2,saddle,saddle_P_low_W09
,,P_low,0,surface_length,F3,0,False,,False,,2,saddle,saddle_P_low_W09
0.1791649041760347,True,P_low,0,,F2,27,False,,True,True,3,saddle,saddle_P_low_W09
0.1791472869465743,True,P_low,26,,F3,76,False,0.12552574835717678,True,True,3,saddle,saddle_P_low_W09
0.1813645712089614,True,P_low,0,,F2,27,False,,True,True,4,saddle,saddle_P_low_W09
0.1813639200208734,True,P_low,26,,F3,76,False,0.14203687105327845,True,True,4,saddle,saddle_P_low_W09
,,P_low,0,surface_length,F2,0,False,,False,,5,saddle,saddle_P_low_W09
,,P_low,0,surface_length,F3,0,False,,False,,5,saddle,saddle_P_low_W09
,,P_low,0,surface_length,F2,0,False,,False,,6,saddle,saddle_P_low_W09
,,P_low,0,surface_length,F3,0,False,,False,,6,saddle,saddle_P_low_W09
,,P_low,0,surface_length,F2,0,False,,False,,7,saddle,saddle_P_low_W09
,,P_low,0,surface_length,F3,0,False,,False,,7,saddle,saddle_P_low_W09
0.17932527396349007,True,P_low,0,,F2,27,False,,True,True,8,saddle,saddle_P_low_W09
0.17931331920935753,True,P_low,26,,F3,76,False,0.10799438692629337,True,True,8,saddle,saddle_P_low_W09
0.18004935486030532,True,P_low,0,,F2,27,False,,True,True,9,saddle,saddle_P_low_W09
0.18005234029464995,True,P_low,26,,F3,76,False,0.14136583730578423,True,True,9,saddle,saddle_P_low_W09
,,P_low,0,surface_length,F2,0,False,,False,,10,saddle,saddle_P_low_W09
,,P_low,0,surface_length,F3,0,False,,False,,10,saddle,saddle_P_low_W09
0.18164620624176878,True,P_low,0,,F2,27,False,,True,True,11,saddle,saddle_P_low_W09
0.181640645523571,True,P_low,26,,F3,76,False,0.02642946783453226,True,True,11,saddle,saddle_P_low_W09
0.18139721050918597,True,P_low,0,,F2,27,False,,True,True,12,saddle,saddle_P_low_W09
0.18140196808273623,True,P_low,26,,F3,76,False,0.08978456724435091,True,True,12,saddle,saddle_P_low_W09
0.18007276793909377,True,P_low,0,,F2,27,False,,True,True,13,saddle,saddle_P_low_W09
0.18007817380942312,True,P_low,26,,F3,76,False,0.18580377101898193,True,True,13,saddle,saddle_P_low_W09
0.18046344186929503,True,P_low,0,,F2,27,False,,True,True,14,saddle,saddle_P_low_W09
0.1804544410617811,True,P_low,26,,F3,76,False,0.07478711567819118,True,True,14,saddle,saddle_P_low_W09
0.18074075984175075,True,P_low,0,,F2,27,False,,True,True,15,saddle,saddle_P_low_W09
0.18074834416896357,True,P_low,26,,F3,76,False,0.02695179358124733,True,True,15,saddle,saddle_P_low_W09
0.1778941816353656,True,P_low,0,,F2,27,False,,True,True,16,saddle,saddle_P_low_W09
0.17787034540424412,True,P_low,26,,F3,76,False,0.06276498641818762,True,True,16,saddle,saddle_P_low_W09
0.18226660219749508,True,P_low,0,,F2,27,False,,True,True,17,saddle,saddle_P_low_W09
0.18228565370422437,True,P_low,26,,F3,76,False,0.027589159086346626,True,True,17,saddle,saddle_P_low_W09
,,P_low,0,surface_length,F2,0,False,,False,,18,saddle,saddle_P_low_W09
,,P_low,0,surface_length,F3,0,False,,False,,18,saddle,saddle_P_low_W09
0.1804252707227094,True,P_low,0,,F2,27,False,,True,True,19,saddle,saddle_P_low_W09
0.18043636271799748,True,P_low,26,,F3,76,False,0.027082468383014202,True,True,19,saddle,saddle_P_low_W09
0.179211647674099,True,P_low,0,,F2,27,False,,True,True,20,saddle,saddle_P_low_W09
0.17920497981966058,True,P_low,26,,F3,76,False,0.04140578769147396,True,True,20,saddle,saddle_P_low_W09
,,P_low,0,surface_length,F2,0,False,,False,,21,saddle,saddle_P_low_W09
,,P_low,0,surface_length,F3,0,False,,False,,21,saddle,saddle_P_low_W09
,,P_low,0,surface_length,F2,0,False,,False,,22,saddle,saddle_P_low_W09
,,P_low,0,surface_length,F3,0,False,,False,,22,saddle,saddle_P_low_W09
,,P_low,0,surface_length,F2,0,False,,False,,23,saddle,saddle_P_low_W09
,,P_low,0,surface_length,F3,0,False,,False,,23,saddle,saddle_P_low_W09
0.1691451124149838,True,P_mid,26,,F1,101,False,0.15213450975716114,True,True,fixed_surface,saddle,saddle_P_mid_W00
,,P_mid,0,surface_length,F2,0,False,,False,,0,saddle,saddle_P_mid_W00
,,P_mid,0,surface_length,F3,0,False,,False,,0,saddle,saddle_P_mid_W00
,,P_mid,0,surface_length,F2,0,False,,False,,1,saddle,saddle_P_mid_W00
,,P_mid,0,surface_length,F3,0,False,,False,,1,saddle,saddle_P_mid_W00
0.17180408572094533,True,P_mid,0,,F2,27,False,,True,True,2,saddle,saddle_P_mid_W00
0.17181318588771707,True,P_mid,26,,F3,76,False,0.11458719708025455,True,True,2,saddle,saddle_P_mid_W00
,,P_mid,0,surface_length,F2,0,False,,False,,3,saddle,saddle_P_mid_W00
,,P_mid,0,surface_length,F3,0,False,,False,,3,saddle,saddle_P_mid_W00
0.1730055426438006,True,P_mid,0,,F2,27,False,,True,True,4,saddle,saddle_P_mid_W00
0.1729858100433385,True,P_mid,26,,F3,76,False,0.10292160790413618,True,True,4,saddle,saddle_P_mid_W00
0.16907389655812044,True,P_mid,0,,F2,27,True,,True,True,5,saddle,saddle_P_mid_W00
0.16910004481071592,True,P_mid,26,,F3,76,True,0.0656093368306756,True,True,5,saddle,saddle_P_mid_W00
,,P_mid,0,surface_length,F2,0,False,,False,,6,saddle,saddle_P_mid_W00
,,P_mid,0,surface_length,F3,0,False,,False,,6,saddle,saddle_P_mid_W00
0.1718096690071947,True,P_mid,0,,F2,27,False,,True,True,7,saddle,saddle_P_mid_W00
0.17181731892415364,True,P_mid,26,,F3,76,False,0.15408943686634302,True,True,7,saddle,saddle_P_mid_W00
,,P_mid,0,surface_length,F2,0,False,,False,,8,saddle,saddle_P_mid_W00
,,P_mid,0,surface_length,F3,0,False,,False,,8,saddle,saddle_P_mid_W00
,,P_mid,0,surface_length,F2,0,False,,False,,9,saddle,saddle_P_mid_W00
,,P_mid,0,surface_length,F3,0,False,,False,,9,saddle,saddle_P_mid_W00
,,P_mid,0,surface_length,F2,0,False,,False,,10,saddle,saddle_P_mid_W00
,,P_mid,0,surface_length,F3,0,False,,False,,10,saddle,saddle_P_mid_W00
,,P_mid,0,surface_length,F2,0,False,,False,,11,saddle,saddle_P_mid_W00
,,P_mid,0,surface_length,F3,0,False,,False,,11,saddle,saddle_P_mid_W00
0.16139325252921335,True,P_mid,0,,F2,27,True,,True,True,12,saddle,saddle_P_mid_W00
0.161369315185508,True,P_mid,26,,F3,76,True,0.08589768130332232,True,True,12,saddle,saddle_P_mid_W00
,,P_mid,0,surface_length,F2,0,False,,False,,13,saddle,saddle_P_mid_W00
,,P_mid,0,surface_length,F3,0,False,,False,,13,saddle,saddle_P_mid_W00
,,P_mid,0,surface_length,F2,0,False,,False,,14,saddle,saddle_P_mid_W00
,,P_mid,0,surface_length,F3,0,False,,False,,14,saddle,saddle_P_mid_W00
0.1693326050918722,True,P_mid,0,,F2,27,False,,True,True,15,saddle,saddle_P_mid_W00
0.16935023902213484,True,P_mid,26,,F3,76,False,0.09492270648479462,True,True,15,saddle,saddle_P_mid_W00
,,P_mid,0,surface_length,F2,0,False,,False,,16,saddle,saddle_P_mid_W00
,,P_mid,0,surface_length,F3,0,False,,False,,16,saddle,saddle_P_mid_W00
,,P_mid,0,surface_length,F2,0,False,,False,,17,saddle,saddle_P_mid_W00
,,P_mid,0,surface_length,F3,0,False,,False,,17,saddle,saddle_P_mid_W00
,,P_mid,0,surface_length,F2,0,False,,False,,18,saddle,saddle_P_mid_W00
,,P_mid,0,surface_length,F3,0,False,,False,,18,saddle,saddle_P_mid_W00
0.17681257010812337,True,P_mid,0,,F2,27,False,,True,True,19,saddle,saddle_P_mid_W00
0.17683387016062332,True,P_mid,26,,F3,76,False,0.04948510508984327,True,True,19,saddle,saddle_P_mid_W00
0.17340687674552852,True,P_mid,0,,F2,27,False,,True,True,20,saddle,saddle_P_mid_W00
0.17342207650855082,True,P_mid,26,,F3,76,False,0.1842125179246068,True,True,20,saddle,saddle_P_mid_W00
,,P_mid,0,surface_length,F2,0,False,,False,,21,saddle,saddle_P_mid_W00
,,P_mid,0,surface_length,F3,0,False,,False,,21,saddle,saddle_P_mid_W00
0.16068562653154497,True,P_mid,0,,F2,27,True,,True,True,22,saddle,saddle_P_mid_W00
0.16066610269649567,True,P_mid,26,,F3,76,True,0.14959498401731253,True,True,22,saddle,saddle_P_mid_W00
,,P_mid,0,surface_length,F2,0,False,,False,,23,saddle,saddle_P_mid_W00
,,P_mid,0,surface_length,F3,0,False,,False,,23,saddle,saddle_P_mid_W00
0.14884223072967273,True,P_mid,24,,F1,93,False,0.09780037775635719,True,True,fixed_surface,saddle,saddle_P_mid_W01
0.15007781366525352,True,P_mid,0,,F2,25,False,,True,True,0,saddle,saddle_P_mid_W01
0.1500325816194421,True,P_mid,24,,F3,70,False,0.0475562596693635,True,True,0,saddle,saddle_P_mid_W01
0.15094207643504118,True,P_mid,0,,F2,25,False,,True,True,1,saddle,saddle_P_mid_W01
0.15100652297545183,True,P_mid,24,,F3,70,False,0.04985140264034271,True,True,1,saddle,saddle_P_mid_W01
,,P_mid,0,surface_length,F2,0,False,,False,,2,saddle,saddle_P_mid_W01
,,P_mid,0,surface_length,F3,0,False,,False,,2,saddle,saddle_P_mid_W01
0.14973781459725993,True,P_mid,0,,F2,25,False,,True,True,3,saddle,saddle_P_mid_W01
0.14976094169404508,True,P_mid,24,,F3,70,False,0.04739990457892418,True,True,3,saddle,saddle_P_mid_W01
,,P_mid,0,surface_length,F2,0,False,,False,,4,saddle,saddle_P_mid_W01
,,P_mid,0,surface_length,F3,0,False,,False,,4,saddle,saddle_P_mid_W01
0.15134591119259022,True,P_mid,0,,F2,25,False,,True,True,5,saddle,saddle_P_mid_W01
0.1513128636145432,True,P_mid,24,,F3,70,False,0.11503739096224308,True,True,5,saddle,saddle_P_mid_W01
0.15013464450302044,True,P_mid,0,,F2,25,False,,True,True,6,saddle,saddle_P_mid_W01
0.1501663489720042,True,P_mid,24,,F3,70,False,0.25522603560239077,True,True,6,saddle,saddle_P_mid_W01
0.14899547546875044,True,P_mid,0,,F2,25,False,,True,True,7,saddle,saddle_P_mid_W01
0.14898827175827778,True,P_mid,24,,F3,70,False,0.09688795544207096,True,True,7,saddle,saddle_P_mid_W01
,,P_mid,0,surface_length,F2,0,False,,False,,8,saddle,saddle_P_mid_W01
,,P_mid,0,surface_length,F3,0,False,,False,,8,saddle,saddle_P_mid_W01
0.14909730989970377,True,P_mid,0,,F2,25,False,,True,True,9,saddle,saddle_P_mid_W01
0.1491095867190817,True,P_mid,24,,F3,70,False,0.12930886168032885,True,True,9,saddle,saddle_P_mid_W01
0.15160659002043086,True,P_mid,0,,F2,25,False,,True,True,10,saddle,saddle_P_mid_W01
0.15161677748656777,True,P_mid,24,,F3,70,False,0.09838109277188778,True,True,10,saddle,saddle_P_mid_W01
,,P_mid,0,surface_length,F2,0,False,,False,,11,saddle,saddle_P_mid_W01
,,P_mid,0,surface_length,F3,0,False,,False,,11,saddle,saddle_P_mid_W01
0.15233508923229455,True,P_mid,0,,F2,25,False,,True,True,12,saddle,saddle_P_mid_W01
0.1523846385533828,True,P_mid,24,,F3,70,False,0.1659682560712099,True,True,12,saddle,saddle_P_mid_W01
0.15083858802610778,True,P_mid,0,,F2,25,False,,True,True,13,saddle,saddle_P_mid_W01
0.1508578799412628,True,P_mid,24,,F3,70,False,0.06882593128830194,True,True,13,saddle,saddle_P_mid_W01
0.14838246956587195,True,P_mid,0,,F2,25,True,,True,True,14,saddle,saddle_P_mid_W01
0.148330691294435,True,P_mid,24,,F3,70,True,0.0359485512599349,True,True,14,saddle,saddle_P_mid_W01
0.1501976925881786,True,P_mid,0,,F2,25,False,,True,True,15,saddle,saddle_P_mid_W01
0.15019626353868956,True,P_mid,24,,F3,70,False,0.07718452624976635,True,True,15,saddle,saddle_P_mid_W01
0.15251170200576644,True,P_mid,0,,F2,25,False,,True,True,16,saddle,saddle_P_mid_W01
0.15245805442550273,True,P_mid,24,,F3,70,False,0.02473454922437668,True,True,16,saddle,saddle_P_mid_W01
,,P_mid,0,surface_length,F2,0,False,,False,,17,saddle,saddle_P_mid_W01
,,P_mid,0,surface_length,F3,0,False,,False,,17,saddle,saddle_P_mid_W01
0.15025880285514473,True,P_mid,0,,F2,25,False,,True,True,18,saddle,saddle_P_mid_W01
0.15025260795936543,True,P_mid,24,,F3,70,False,0.036839318461716175,True,True,18,saddle,saddle_P_mid_W01
0.149683649671164,True,P_mid,0,,F2,25,False,,True,True,19,saddle,saddle_P_mid_W01
0.14970397239217226,True,P_mid,24,,F3,70,False,0.05668038688600063,True,True,19,saddle,saddle_P_mid_W01
0.14815805786342578,True,P_mid,0,,F2,25,True,,True,True,20,saddle,saddle_P_mid_W01
0.14810520010511746,True,P_mid,24,,F3,70,True,0.02570547442883253,True,True,20,saddle,saddle_P_mid_W01
,,P_mid,0,surface_length,F2,0,False,,False,,21,saddle,saddle_P_mid_W01
,,P_mid,0,surface_length,F3,0,False,,False,,21,saddle,saddle_P_mid_W01
0.15175738825517973,True,P_mid,0,,F2,25,False,,True,True,22,saddle,saddle_P_mid_W01
0.15178376471577387,True,P_mid,24,,F3,70,False,0.0249771885573864,True,True,22,saddle,saddle_P_mid_W01
0.1497783562159038,True,P_mid,0,,F2,25,False,,True,True,23,saddle,saddle_P_mid_W01
0.14973068902397108,True,P_mid,24,,F3,70,False,0.024541575461626053,True,True,23,saddle,saddle_P_mid_W01
0.155204380671469,True,P_mid,25,,F1,97,False,0.06163918972015381,True,True,fixed_surface,saddle,saddle_P_mid_W02
0.15535654723712905,True,P_mid,0,,F2,26,False,,True,True,0,saddle,saddle_P_mid_W02
0.1553771029337827,True,P_mid,25,,F3,73,False,0.1729644937440753,True,True,0,saddle,saddle_P_mid_W02
0.15674898655089267,True,P_mid,0,,F2,26,False,,True,True,1,saddle,saddle_P_mid_W02
0.15673471271857958,True,P_mid,25,,F3,73,False,0.12457828503102064,True,True,1,saddle,saddle_P_mid_W02
0.15693594853155807,True,P_mid,0,,F2,26,False,,True,True,2,saddle,saddle_P_mid_W02
0.1569237287534461,True,P_mid,25,,F3,73,False,0.1501297364011407,True,True,2,saddle,saddle_P_mid_W02
0.15619202953728104,True,P_mid,0,,F2,26,False,,True,True,3,saddle,saddle_P_mid_W02
0.1562098616127247,True,P_mid,25,,F3,73,False,0.0919896150007844,True,True,3,saddle,saddle_P_mid_W02
,,P_mid,0,surface_length,F2,0,False,,False,,4,saddle,saddle_P_mid_W02
,,P_mid,0,surface_length,F3,0,False,,False,,4,saddle,saddle_P_mid_W02
0.15836931730954842,True,P_mid,0,,F2,26,False,,True,True,5,saddle,saddle_P_mid_W02
0.15834166028407404,True,P_mid,25,,F3,73,False,0.2554610716179013,True,True,5,saddle,saddle_P_mid_W02
0.15575399446374455,True,P_mid,0,,F2,26,False,,True,True,6,saddle,saddle_P_mid_W02
0.15575470285131382,True,P_mid,25,,F3,73,False,0.04523331206291914,True,True,6,saddle,saddle_P_mid_W02
0.15614471425585807,True,P_mid,0,,F2,26,False,,True,True,7,saddle,saddle_P_mid_W02
0.1561602819059764,True,P_mid,25,,F3,73,False,0.02578484732657671,True,True,7,saddle,saddle_P_mid_W02
,,P_mid,0,surface_length,F2,0,False,,False,,8,saddle,saddle_P_mid_W02
,,P_mid,0,surface_length,F3,0,False,,False,,8,saddle,saddle_P_mid_W02
0.1557759297874994,True,P_mid,0,,F2,26,False,,True,True,9,saddle,saddle_P_mid_W02
0.15576763768977692,True,P_mid,25,,F3,73,False,0.17960561532527208,True,True,9,saddle,saddle_P_mid_W02
0.15683665102846456,True,P_mid,0,,F2,26,False,,True,True,10,saddle,saddle_P_mid_W02
0.1568135980601091,True,P_mid,25,,F3,73,False,0.1454099277034402,True,True,10,saddle,saddle_P_mid_W02
0.15620439754777393,True,P_mid,0,,F2,26,False,,True,True,11,saddle,saddle_P_mid_W02
0.15621639476547583,True,P_mid,25,,F3,73,False,0.1604595771059394,True,True,11,saddle,saddle_P_mid_W02
0.15453139216773484,True,P_mid,0,,F2,26,True,,True,True,12,saddle,saddle_P_mid_W02
0.1545587466437719,True,P_mid,25,,F3,73,True,0.029112357646226883,True,True,12,saddle,saddle_P_mid_W02
0.15809514068859576,True,P_mid,0,,F2,26,False,,True,True,13,saddle,saddle_P_mid_W02
0.15806738658410685,True,P_mid,25,,F3,73,False,0.09921072330325842,True,True,13,saddle,saddle_P_mid_W02
0.15578058912639203,True,P_mid,0,,F2,26,False,,True,True,14,saddle,saddle_P_mid_W02
0.1557925675957204,True,P_mid,25,,F3,73,False,0.04790626931935549,True,True,14,saddle,saddle_P_mid_W02
,,P_mid,0,surface_length,F2,0,False,,False,,15,saddle,saddle_P_mid_W02
,,P_mid,0,surface_length,F3,0,False,,False,,15,saddle,saddle_P_mid_W02
0.15492935377261324,True,P_mid,0,,F2,26,False,,True,True,16,saddle,saddle_P_mid_W02
0.15495833197300551,True,P_mid,25,,F3,73,False,0.04296136647462845,True,True,16,saddle,saddle_P_mid_W02
0.15603619003861957,True,P_mid,0,,F2,26,False,,True,True,17,saddle,saddle_P_mid_W02
0.15602918074790667,True,P_mid,25,,F3,73,False,0.0865371348336339,True,True,17,saddle,saddle_P_mid_W02
0.15531315611262395,True,P_mid,0,,F2,26,False,,True,True,18,saddle,saddle_P_mid_W02
0.15532425362162935,True,P_mid,25,,F3,73,False,0.036000863648951054,True,True,18,saddle,saddle_P_mid_W02
0.15868969169654515,True,P_mid,0,,F2,26,False,,True,True,19,saddle,saddle_P_mid_W02
0.1586515017933051,True,P_mid,25,,F3,73,False,0.026111231185495853,True,True,19,saddle,saddle_P_mid_W02
0.15931854744433666,True,P_mid,0,,F2,26,False,,True,True,20,saddle,saddle_P_mid_W02
0.1593093563497154,True,P_mid,25,,F3,73,False,0.028022026643157005,True,True,20,saddle,saddle_P_mid_W02
0.15789378865505527,True,P_mid,0,,F2,26,False,,True,True,21,saddle,saddle_P_mid_W02
0.15789860698521857,True,P_mid,25,,F3,73,False,0.0252288356423378,True,True,21,saddle,saddle_P_mid_W02
0.15836802092949787,True,P_mid,0,,F2,26,False,,True,True,22,saddle,saddle_P_mid_W02
0.15836327936606984,True,P_mid,25,,F3,73,False,0.025579193606972694,True,True,22,saddle,saddle_P_mid_W02
0.15516438228434762,True,P_mid,0,,F2,26,False,,True,True,23,saddle,saddle_P_mid_W02
0.1551845611326346,True,P_mid,25,,F3,73,False,0.02533784694969654,True,True,23,saddle,saddle_P_mid_W02
0.1915642403942996,True,P_mid,26,,F1,101,False,0.16724615916609764,True,True,fixed_surface,saddle,saddle_P_mid_W03
,,P_mid,0,surface_topology_or_turn,F2,0,False,,False,,0,saddle,saddle_P_mid_W03
,,P_mid,0,surface_topology_or_turn,F3,0,False,,False,,0,saddle,saddle_P_mid_W03
,,P_mid,0,surface_length,F2,0,False,,False,,1,saddle,saddle_P_mid_W03
,,P_mid,0,surface_length,F3,0,False,,False,,1,saddle,saddle_P_mid_W03
0.19139639437291187,True,P_mid,0,,F2,27,True,,True,True,2,saddle,saddle_P_mid_W03
0.19139631222601064,True,P_mid,26,,F3,76,True,0.12962211482226849,True,True,2,saddle,saddle_P_mid_W03
,,P_mid,0,surface_length,F2,0,False,,False,,3,saddle,saddle_P_mid_W03
,,P_mid,0,surface_length,F3,0,False,,False,,3,saddle,saddle_P_mid_W03
,,P_mid,0,surface_length,F2,0,False,,False,,4,saddle,saddle_P_mid_W03
,,P_mid,0,surface_length,F3,0,False,,False,,4,saddle,saddle_P_mid_W03
0.1904084678005635,True,P_mid,0,,F2,27,True,,True,True,5,saddle,saddle_P_mid_W03
0.19040944913233002,True,P_mid,26,,F3,76,True,0.1940668849274516,True,True,5,saddle,saddle_P_mid_W03
,,P_mid,0,surface_length,F2,0,False,,False,,6,saddle,saddle_P_mid_W03
,,P_mid,0,surface_length,F3,0,False,,False,,6,saddle,saddle_P_mid_W03
,,P_mid,0,surface_length,F2,0,False,,False,,7,saddle,saddle_P_mid_W03
,,P_mid,0,surface_length,F3,0,False,,False,,7,saddle,saddle_P_mid_W03
,,P_mid,0,surface_length,F2,0,False,,False,,8,saddle,saddle_P_mid_W03
,,P_mid,0,surface_length,F3,0,False,,False,,8,saddle,saddle_P_mid_W03
,,P_mid,0,surface_topology_or_turn,F2,0,False,,False,,9,saddle,saddle_P_mid_W03
,,P_mid,0,surface_topology_or_turn,F3,0,False,,False,,9,saddle,saddle_P_mid_W03
,,P_mid,0,surface_topology_or_turn,F2,0,False,,False,,10,saddle,saddle_P_mid_W03
,,P_mid,0,surface_topology_or_turn,F3,0,False,,False,,10,saddle,saddle_P_mid_W03
,,P_mid,0,surface_topology_or_turn,F2,0,False,,False,,11,saddle,saddle_P_mid_W03
,,P_mid,0,surface_topology_or_turn,F3,0,False,,False,,11,saddle,saddle_P_mid_W03
,,P_mid,0,surface_topology_or_turn,F2,0,False,,False,,12,saddle,saddle_P_mid_W03
,,P_mid,0,surface_topology_or_turn,F3,0,False,,False,,12,saddle,saddle_P_mid_W03
,,P_mid,0,surface_topology_or_turn,F2,0,False,,False,,13,saddle,saddle_P_mid_W03
,,P_mid,0,surface_topology_or_turn,F3,0,False,,False,,13,saddle,saddle_P_mid_W03
,,P_mid,0,surface_topology_or_turn,F2,0,False,,False,,14,saddle,saddle_P_mid_W03
,,P_mid,0,surface_topology_or_turn,F3,0,False,,False,,14,saddle,saddle_P_mid_W03
,,P_mid,0,surface_topology_or_turn,F2,0,False,,False,,15,saddle,saddle_P_mid_W03
,,P_mid,0,surface_topology_or_turn,F3,0,False,,False,,15,saddle,saddle_P_mid_W03
,,P_mid,0,surface_topology_or_turn,F2,0,False,,False,,16,saddle,saddle_P_mid_W03
,,P_mid,0,surface_topology_or_turn,F3,0,False,,False,,16,saddle,saddle_P_mid_W03
,,P_mid,0,surface_topology_or_turn,F2,0,False,,False,,17,saddle,saddle_P_mid_W03
,,P_mid,0,surface_topology_or_turn,F3,0,False,,False,,17,saddle,saddle_P_mid_W03
,,P_mid,0,surface_topology_or_turn,F2,0,False,,False,,18,saddle,saddle_P_mid_W03
,,P_mid,0,surface_topology_or_turn,F3,0,False,,False,,18,saddle,saddle_P_mid_W03
,,P_mid,0,surface_topology_or_turn,F2,0,False,,False,,19,saddle,saddle_P_mid_W03
,,P_mid,0,surface_topology_or_turn,F3,0,False,,False,,19,saddle,saddle_P_mid_W03
,,P_mid,0,surface_topology_or_turn,F2,0,False,,False,,20,saddle,saddle_P_mid_W03
,,P_mid,0,surface_topology_or_turn,F3,0,False,,False,,20,saddle,saddle_P_mid_W03
,,P_mid,0,surface_topology_or_turn,F2,0,False,,False,,21,saddle,saddle_P_mid_W03
,,P_mid,0,surface_topology_or_turn,F3,0,False,,False,,21,saddle,saddle_P_mid_W03
,,P_mid,0,surface_topology_or_turn,F2,0,False,,False,,22,saddle,saddle_P_mid_W03
,,P_mid,0,surface_topology_or_turn,F3,0,False,,False,,22,saddle,saddle_P_mid_W03
,,P_mid,0,surface_topology_or_turn,F2,0,False,,False,,23,saddle,saddle_P_mid_W03
,,P_mid,0,surface_topology_or_turn,F3,0,False,,False,,23,saddle,saddle_P_mid_W03
0.15368828225942885,True,P_mid,25,,F1,97,False,0.32968868408352137,True,True,fixed_surface,saddle,saddle_P_mid_W04
0.14967396635411326,True,P_mid,0,,F2,26,True,,True,True,0,saddle,saddle_P_mid_W04
0.14967096626500315,True,P_mid,25,,F3,73,True,0.03845333307981491,True,True,0,saddle,saddle_P_mid_W04
0.156870088605051,True,P_mid,0,,F2,26,False,,True,True,1,saddle,saddle_P_mid_W04
0.15687114772338948,True,P_mid,25,,F3,73,False,0.0891333008185029,True,True,1,saddle,saddle_P_mid_W04
0.1531883147516338,True,P_mid,0,,F2,26,False,,True,True,2,saddle,saddle_P_mid_W04
0.1531913590504204,True,P_mid,25,,F3,73,False,0.027865061536431313,True,True,2,saddle,saddle_P_mid_W04
0.1574247117153777,True,P_mid,0,,F2,26,False,,True,True,3,saddle,saddle_P_mid_W04
0.15742368397082815,True,P_mid,25,,F3,73,False,0.09438054170459509,True,True,3,saddle,saddle_P_mid_W04
,,P_mid,0,surface_length,F2,0,False,,False,,4,saddle,saddle_P_mid_W04
,,P_mid,0,surface_length,F3,0,False,,False,,4,saddle,saddle_P_mid_W04
,,P_mid,0,surface_topology_or_turn,F2,0,False,,False,,5,saddle,saddle_P_mid_W04
,,P_mid,0,surface_topology_or_turn,F3,0,False,,False,,5,saddle,saddle_P_mid_W04
0.15622559872948635,True,P_mid,0,,F2,26,False,,True,True,6,saddle,saddle_P_mid_W04
0.15622756113459213,True,P_mid,25,,F3,73,False,0.03631386812776327,True,True,6,saddle,saddle_P_mid_W04
0.15214355439319058,True,P_mid,0,,F2,26,False,,True,True,7,saddle,saddle_P_mid_W04
0.15214060811374186,True,P_mid,25,,F3,73,False,0.12851912528276443,True,True,7,saddle,saddle_P_mid_W04
,,P_mid,0,surface_length,F2,0,False,,False,,8,saddle,saddle_P_mid_W04
,,P_mid,0,surface_length,F3,0,False,,False,,8,saddle,saddle_P_mid_W04
0.15723230616868383,True,P_mid,0,,F2,26,False,,True,True,9,saddle,saddle_P_mid_W04
0.15723260093603955,True,P_mid,25,,F3,73,False,0.04419257678091526,True,True,9,saddle,saddle_P_mid_W04
,,P_mid,0,surface_length,F2,0,False,,False,,10,saddle,saddle_P_mid_W04
,,P_mid,0,surface_length,F3,0,False,,False,,10,saddle,saddle_P_mid_W04
,,P_mid,0,surface_length,F2,0,False,,False,,11,saddle,saddle_P_mid_W04
,,P_mid,0,surface_length,F3,0,False,,False,,11,saddle,saddle_P_mid_W04
,,P_mid,0,surface_length,F2,0,False,,False,,12,saddle,saddle_P_mid_W04
,,P_mid,0,surface_length,F3,0,False,,False,,12,saddle,saddle_P_mid_W04
,,P_mid,0,surface_length,F2,0,False,,False,,13,saddle,saddle_P_mid_W04
,,P_mid,0,surface_length,F3,0,False,,False,,13,saddle,saddle_P_mid_W04
,,P_mid,0,surface_length,F2,0,False,,False,,14,saddle,saddle_P_mid_W04
,,P_mid,0,surface_length,F3,0,False,,False,,14,saddle,saddle_P_mid_W04
0.15033308760292738,True,P_mid,0,,F2,26,False,,True,True,15,saddle,saddle_P_mid_W04
0.15033399111518908,True,P_mid,25,,F3,73,False,0.10073503479361534,True,True,15,saddle,saddle_P_mid_W04
,,P_mid,0,surface_length,F2,0,False,,False,,16,saddle,saddle_P_mid_W04
,,P_mid,0,surface_length,F3,0,False,,False,,16,saddle,saddle_P_mid_W04
,,P_mid,0,surface_length,F2,0,False,,False,,17,saddle,saddle_P_mid_W04
,,P_mid,0,surface_length,F3,0,False,,False,,17,saddle,saddle_P_mid_W04
,,P_mid,0,surface_length,F2,0,False,,False,,18,saddle,saddle_P_mid_W04
,,P_mid,0,surface_length,F3,0,False,,False,,18,saddle,saddle_P_mid_W04
,,P_mid,0,surface_length,F2,0,False,,False,,19,saddle,saddle_P_mid_W04
,,P_mid,0,surface_length,F3,0,False,,False,,19,saddle,saddle_P_mid_W04
,,P_mid,0,surface_length,F2,0,False,,False,,20,saddle,saddle_P_mid_W04
,,P_mid,0,surface_length,F3,0,False,,False,,20,saddle,saddle_P_mid_W04
0.15291036170461791,True,P_mid,0,,F2,26,False,,True,True,21,saddle,saddle_P_mid_W04
0.1529124866476716,True,P_mid,25,,F3,73,False,0.06610107980668545,True,True,21,saddle,saddle_P_mid_W04
0.15141891462282075,True,P_mid,0,,F2,26,False,,True,True,22,saddle,saddle_P_mid_W04
0.15142433420385673,True,P_mid,25,,F3,73,False,0.03701531048864126,True,True,22,saddle,saddle_P_mid_W04
,,P_mid,0,surface_length,F2,0,False,,False,,23,saddle,saddle_P_mid_W04
,,P_mid,0,surface_length,F3,0,False,,False,,23,saddle,saddle_P_mid_W04
0.17654412524834331,True,P_mid,26,,F1,101,False,0.5800771052017808,True,True,fixed_surface,saddle,saddle_P_mid_W05
0.17943599920359846,True,P_mid,0,,F2,27,False,,True,True,0,saddle,saddle_P_mid_W05
0.17947063290021512,True,P_mid,26,,F3,76,False,0.24659588187932968,True,True,0,saddle,saddle_P_mid_W05
,,P_mid,0,surface_topology_or_turn,F2,0,False,,False,,1,saddle,saddle_P_mid_W05
,,P_mid,0,surface_topology_or_turn,F3,0,False,,False,,1,saddle,saddle_P_mid_W05
,,P_mid,0,surface_topology_or_turn,F2,0,False,,False,,2,saddle,saddle_P_mid_W05
,,P_mid,0,surface_topology_or_turn,F3,0,False,,False,,2,saddle,saddle_P_mid_W05
,,P_mid,0,surface_topology_or_turn,F2,0,False,,False,,3,saddle,saddle_P_mid_W05
,,P_mid,0,surface_topology_or_turn,F3,0,False,,False,,3,saddle,saddle_P_mid_W05
0.17705639678941718,True,P_mid,0,,F2,27,False,,True,True,4,saddle,saddle_P_mid_W05
0.17711704027087127,True,P_mid,26,,F3,76,False,0.027355399914085865,True,True,4,saddle,saddle_P_mid_W05
0.17324543372139556,True,P_mid,0,,F2,27,True,,True,True,5,saddle,saddle_P_mid_W05
0.17314246751713766,True,P_mid,26,,F3,76,True,0.09669854026287794,True,True,5,saddle,saddle_P_mid_W05
,,P_mid,0,surface_topology_or_turn,F2,0,False,,False,,6,saddle,saddle_P_mid_W05
,,P_mid,0,surface_topology_or_turn,F3,0,False,,False,,6,saddle,saddle_P_mid_W05
,,P_mid,0,surface_topology_or_turn,F2,0,False,,False,,7,saddle,saddle_P_mid_W05
,,P_mid,0,surface_topology_or_turn,F3,0,False,,False,,7,saddle,saddle_P_mid_W05
,,P_mid,0,surface_topology_or_turn,F2,0,False,,False,,8,saddle,saddle_P_mid_W05
,,P_mid,0,surface_topology_or_turn,F3,0,False,,False,,8,saddle,saddle_P_mid_W05
0.17593294998111497,True,P_mid,0,,F2,27,False,,True,True,9,saddle,saddle_P_mid_W05
0.17590105724464325,True,P_mid,26,,F3,76,False,0.026907572522759438,True,True,9,saddle,saddle_P_mid_W05
,,P_mid,0,surface_topology_or_turn,F2,0,False,,False,,10,saddle,saddle_P_mid_W05
,,P_mid,0,surface_topology_or_turn,F3,0,False,,False,,10,saddle,saddle_P_mid_W05
,,P_mid,0,surface_topology_or_turn,F2,0,False,,False,,11,saddle,saddle_P_mid_W05
,,P_mid,0,surface_topology_or_turn,F3,0,False,,False,,11,saddle,saddle_P_mid_W05
,,P_mid,0,surface_length,F2,0,False,,False,,12,saddle,saddle_P_mid_W05
,,P_mid,0,surface_length,F3,0,False,,False,,12,saddle,saddle_P_mid_W05
,,P_mid,0,surface_topology_or_turn,F2,0,False,,False,,13,saddle,saddle_P_mid_W05
,,P_mid,0,surface_topology_or_turn,F3,0,False,,False,,13,saddle,saddle_P_mid_W05
,,P_mid,0,surface_topology_or_turn,F2,0,False,,False,,14,saddle,saddle_P_mid_W05
,,P_mid,0,surface_topology_or_turn,F3,0,False,,False,,14,saddle,saddle_P_mid_W05
,,P_mid,0,surface_topology_or_turn,F2,0,False,,False,,15,saddle,saddle_P_mid_W05
,,P_mid,0,surface_topology_or_turn,F3,0,False,,False,,15,saddle,saddle_P_mid_W05
0.17871791976594437,True,P_mid,0,,F2,27,False,,True,True,16,saddle,saddle_P_mid_W05
0.17877738261445397,True,P_mid,26,,F3,76,False,0.06066673342138529,True,True,16,saddle,saddle_P_mid_W05
0.18011030521246812,True,P_mid,0,,F2,27,False,,True,True,17,saddle,saddle_P_mid_W05
0.18011772312573632,True,P_mid,26,,F3,76,False,0.0691167488694191,True,True,17,saddle,saddle_P_mid_W05
,,P_mid,0,surface_topology_or_turn,F2,0,False,,False,,18,saddle,saddle_P_mid_W05
,,P_mid,0,surface_topology_or_turn,F3,0,False,,False,,18,saddle,saddle_P_mid_W05
,,P_mid,0,surface_topology_or_turn,F2,0,False,,False,,19,saddle,saddle_P_mid_W05
,,P_mid,0,surface_topology_or_turn,F3,0,False,,False,,19,saddle,saddle_P_mid_W05
0.17552911368819327,True,P_mid,0,,F2,27,False,,True,True,20,saddle,saddle_P_mid_W05
0.17549462174276403,True,P_mid,26,,F3,76,False,0.05858154594898224,True,True,20,saddle,saddle_P_mid_W05
,,P_mid,0,surface_length,F2,0,False,,False,,21,saddle,saddle_P_mid_W05
,,P_mid,0,surface_length,F3,0,False,,False,,21,saddle,saddle_P_mid_W05
,,P_mid,0,surface_topology_or_turn,F2,0,False,,False,,22,saddle,saddle_P_mid_W05
,,P_mid,0,surface_topology_or_turn,F3,0,False,,False,,22,saddle,saddle_P_mid_W05
,,P_mid,0,surface_topology_or_turn,F2,0,False,,False,,23,saddle,saddle_P_mid_W05
,,P_mid,0,surface_topology_or_turn,F3,0,False,,False,,23,saddle,saddle_P_mid_W05
0.1725781613732163,True,P_mid,24,,F1,93,False,0.38957925140857697,True,True,fixed_surface,saddle,saddle_P_mid_W06
0.1719071960700417,True,P_mid,0,,F2,25,True,,True,True,0,saddle,saddle_P_mid_W06
0.17190889551489208,True,P_mid,24,,F3,70,True,0.05613661091774702,True,True,0,saddle,saddle_P_mid_W06
,,P_mid,0,surface_length,F2,0,False,,False,,1,saddle,saddle_P_mid_W06
,,P_mid,0,surface_length,F3,0,False,,False,,1,saddle,saddle_P_mid_W06
0.17658872670928935,True,P_mid,0,,F2,25,False,,True,True,2,saddle,saddle_P_mid_W06
0.17658155374229167,True,P_mid,24,,F3,70,False,0.14396417513489723,True,True,2,saddle,saddle_P_mid_W06
0.17676050409055982,True,P_mid,0,,F2,25,False,,True,True,3,saddle,saddle_P_mid_W06
0.17675431590790072,True,P_mid,24,,F3,70,False,0.14077605493366718,True,True,3,saddle,saddle_P_mid_W06
0.17791545445697204,True,P_mid,0,,F2,25,False,,True,True,4,saddle,saddle_P_mid_W06
0.17789467286516017,True,P_mid,24,,F3,70,False,0.039292014203965664,True,True,4,saddle,saddle_P_mid_W06
0.16907553878679654,True,P_mid,0,,F2,25,True,,True,True,5,saddle,saddle_P_mid_W06
0.169109280840829,True,P_mid,24,,F3,70,True,0.055387549102306366,True,True,5,saddle,saddle_P_mid_W06
,,P_mid,0,surface_length,F2,0,False,,False,,6,saddle,saddle_P_mid_W06
,,P_mid,0,surface_length,F3,0,False,,False,,6,saddle,saddle_P_mid_W06
0.17381097962364106,True,P_mid,0,,F2,25,False,,True,True,7,saddle,saddle_P_mid_W06
0.1738205821569978,True,P_mid,24,,F3,70,False,0.07354400306940079,True,True,7,saddle,saddle_P_mid_W06
0.17909961756276552,True,P_mid,0,,F2,25,False,,True,True,8,saddle,saddle_P_mid_W06
0.17907250463038682,True,P_mid,24,,F3,70,False,0.05424672085791826,True,True,8,saddle,saddle_P_mid_W06
0.17291523097205108,True,P_mid,0,,F2,25,False,,True,True,9,saddle,saddle_P_mid_W06
0.17292502198818338,True,P_mid,24,,F3,70,False,0.030617485754191875,True,True,9,saddle,saddle_P_mid_W06
0.1823259373870852,True,P_mid,0,,F2,25,False,,True,True,10,saddle,saddle_P_mid_W06
0.1823361804374906,True,P_mid,24,,F3,70,False,0.025068487972021103,True,True,10,saddle,saddle_P_mid_W06
,,P_mid,0,surface_length,F2,0,False,,False,,11,saddle,saddle_P_mid_W06
,,P_mid,0,surface_length,F3,0,False,,False,,11,saddle,saddle_P_mid_W06
,,P_mid,0,surface_length,F2,0,False,,False,,12,saddle,saddle_P_mid_W06
,,P_mid,0,surface_length,F3,0,False,,False,,12,saddle,saddle_P_mid_W06
0.17185898033823155,True,P_mid,0,,F2,25,False,,True,True,13,saddle,saddle_P_mid_W06
0.1718970287583756,True,P_mid,24,,F3,70,False,0.032413678243756294,True,True,13,saddle,saddle_P_mid_W06
0.1802046463123885,True,P_mid,0,,F2,25,False,,True,True,14,saddle,saddle_P_mid_W06
0.1802031786891826,True,P_mid,24,,F3,70,False,0.025112459436058998,True,True,14,saddle,saddle_P_mid_W06
0.17066541026572007,True,P_mid,0,,F2,25,False,,True,True,15,saddle,saddle_P_mid_W06
0.1706843598877517,True,P_mid,24,,F3,70,False,0.025985351763665676,True,True,15,saddle,saddle_P_mid_W06
,,P_mid,0,surface_length,F2,0,False,,False,,16,saddle,saddle_P_mid_W06
,,P_mid,0,surface_length,F3,0,False,,False,,16,saddle,saddle_P_mid_W06
0.1773219680082052,True,P_mid,0,,F2,25,False,,True,True,17,saddle,saddle_P_mid_W06
0.17731053517249545,True,P_mid,24,,F3,70,False,0.02679647784680128,True,True,17,saddle,saddle_P_mid_W06
0.17298978295376696,True,P_mid,0,,F2,25,False,,True,True,18,saddle,saddle_P_mid_W06
0.17297750846632054,True,P_mid,24,,F3,70,False,0.025618419982492924,True,True,18,saddle,saddle_P_mid_W06
0.1731874536670134,True,P_mid,0,,F2,25,False,,True,True,19,saddle,saddle_P_mid_W06
0.17323916169881381,True,P_mid,24,,F3,70,False,0.02612219750881195,True,True,19,saddle,saddle_P_mid_W06
0.1693505879060206,True,P_mid,0,,F2,25,False,,True,True,20,saddle,saddle_P_mid_W06
0.1693716274136205,True,P_mid,24,,F3,70,False,0.024168645963072777,True,True,20,saddle,saddle_P_mid_W06
0.17965740400543845,True,P_mid,0,,F2,25,False,,True,True,21,saddle,saddle_P_mid_W06
0.17963986538700671,True,P_mid,24,,F3,70,False,0.023709052242338657,True,True,21,saddle,saddle_P_mid_W06
0.17688229683767856,True,P_mid,0,,F2,25,False,,True,True,22,saddle,saddle_P_mid_W06
0.17684958973706313,True,P_mid,24,,F3,70,False,0.025112677365541458,True,True,22,saddle,saddle_P_mid_W06
,,P_mid,0,surface_length,F2,0,False,,False,,23,saddle,saddle_P_mid_W06
,,P_mid,0,surface_length,F3,0,False,,False,,23,saddle,saddle_P_mid_W06
0.2034911772256202,True,P_mid,26,,F1,101,False,0.12376703135669231,True,True,fixed_surface,saddle,saddle_P_mid_W07
0.1986135473528653,True,P_mid,0,,F2,27,True,,True,True,0,saddle,saddle_P_mid_W07
0.19868256052418265,True,P_mid,26,,F3,76,True,0.19073363207280636,True,True,0,saddle,saddle_P_mid_W07
0.20701153161314512,True,P_mid,0,,F2,27,False,,True,True,1,saddle,saddle_P_mid_W07
0.206979666755787,True,P_mid,26,,F3,76,False,0.06242131348699331,True,True,1,saddle,saddle_P_mid_W07
,,P_mid,0,surface_topology_or_turn,F2,0,False,,False,,2,saddle,saddle_P_mid_W07
,,P_mid,0,surface_topology_or_turn,F3,0,False,,False,,2,saddle,saddle_P_mid_W07
0.21227142796214166,True,P_mid,0,,F2,27,False,,True,True,3,saddle,saddle_P_mid_W07
0.2123176522017424,True,P_mid,26,,F3,76,False,0.14957942347973585,True,True,3,saddle,saddle_P_mid_W07
,,P_mid,0,surface_length,F2,0,False,,False,,4,saddle,saddle_P_mid_W07
,,P_mid,0,surface_length,F3,0,False,,False,,4,saddle,saddle_P_mid_W07
,,P_mid,0,surface_topology_or_turn,F2,0,False,,False,,5,saddle,saddle_P_mid_W07
,,P_mid,0,surface_topology_or_turn,F3,0,False,,False,,5,saddle,saddle_P_mid_W07
0.20604189801387962,True,P_mid,0,,F2,27,False,,True,True,6,saddle,saddle_P_mid_W07
0.2060106971046729,True,P_mid,26,,F3,76,False,0.09390590526163578,True,True,6,saddle,saddle_P_mid_W07
0.2053092670685471,True,P_mid,0,,F2,27,False,,True,True,7,saddle,saddle_P_mid_W07
0.20538257525600545,True,P_mid,26,,F3,76,False,0.03405507281422615,True,True,7,saddle,saddle_P_mid_W07
0.20827552191463422,True,P_mid,0,,F2,27,False,,True,True,8,saddle,saddle_P_mid_W07
0.2083237335474499,True,P_mid,26,,F3,76,False,0.02911161072552204,True,True,8,saddle,saddle_P_mid_W07
,,P_mid,0,surface_topology_or_turn,F2,0,False,,False,,9,saddle,saddle_P_mid_W07
,,P_mid,0,surface_topology_or_turn,F3,0,False,,False,,9,saddle,saddle_P_mid_W07
,,P_mid,0,surface_topology_or_turn,F2,0,False,,False,,10,saddle,saddle_P_mid_W07
,,P_mid,0,surface_topology_or_turn,F3,0,False,,False,,10,saddle,saddle_P_mid_W07
0.20702888203783065,True,P_mid,0,,F2,27,False,,True,True,11,saddle,saddle_P_mid_W07
0.20705378286197243,True,P_mid,26,,F3,76,False,0.027264929376542568,True,True,11,saddle,saddle_P_mid_W07
0.20237109884362164,True,P_mid,0,,F2,27,False,,True,True,12,saddle,saddle_P_mid_W07
0.20239154149613003,True,P_mid,26,,F3,76,False,0.03604420926421881,True,True,12,saddle,saddle_P_mid_W07
,,P_mid,0,surface_topology_or_turn,F2,0,False,,False,,13,saddle,saddle_P_mid_W07
,,P_mid,0,surface_topology_or_turn,F3,0,False,,False,,13,saddle,saddle_P_mid_W07
,,P_mid,0,surface_topology_or_turn,F2,0,False,,False,,14,saddle,saddle_P_mid_W07
,,P_mid,0,surface_topology_or_turn,F3,0,False,,False,,14,saddle,saddle_P_mid_W07
0.2087951203329609,True,P_mid,0,,F2,27,False,,True,True,15,saddle,saddle_P_mid_W07
0.20876999578250385,True,P_mid,26,,F3,76,False,0.07793221715837717,True,True,15,saddle,saddle_P_mid_W07
,,P_mid,0,surface_topology_or_turn,F2,0,False,,False,,16,saddle,saddle_P_mid_W07
,,P_mid,0,surface_topology_or_turn,F3,0,False,,False,,16,saddle,saddle_P_mid_W07
0.20380004616595404,True,P_mid,0,,F2,27,False,,True,True,17,saddle,saddle_P_mid_W07
0.20375759940353735,True,P_mid,26,,F3,76,False,0.026012874208390713,True,True,17,saddle,saddle_P_mid_W07
0.21125436891179733,True,P_mid,0,,F2,27,False,,True,True,18,saddle,saddle_P_mid_W07
0.21125633556248932,True,P_mid,26,,F3,76,False,0.02665337175130844,True,True,18,saddle,saddle_P_mid_W07
,,P_mid,0,surface_topology_or_turn,F2,0,False,,False,,19,saddle,saddle_P_mid_W07
,,P_mid,0,surface_topology_or_turn,F3,0,False,,False,,19,saddle,saddle_P_mid_W07
,,P_mid,0,surface_topology_or_turn,F2,0,False,,False,,20,saddle,saddle_P_mid_W07
,,P_mid,0,surface_topology_or_turn,F3,0,False,,False,,20,saddle,saddle_P_mid_W07
0.21164511986540405,True,P_mid,0,,F2,27,False,,True,True,21,saddle,saddle_P_mid_W07
0.21162891634431744,True,P_mid,26,,F3,76,False,0.027458748780190945,True,True,21,saddle,saddle_P_mid_W07
0.2080432164713624,True,P_mid,0,,F2,27,False,,True,True,22,saddle,saddle_P_mid_W07
0.20797580220564651,True,P_mid,26,,F3,76,False,0.02601898554712534,True,True,22,saddle,saddle_P_mid_W07
,,P_mid,0,surface_topology_or_turn,F2,0,False,,False,,23,saddle,saddle_P_mid_W07
,,P_mid,0,surface_topology_or_turn,F3,0,False,,False,,23,saddle,saddle_P_mid_W07
0.20417119529722194,True,P_mid,26,,F1,101,False,0.10115235671401024,True,True,fixed_surface,saddle,saddle_P_mid_W08
0.20346020757260147,True,P_mid,0,,F2,27,True,,True,True,0,saddle,saddle_P_mid_W08
0.203439040608043,True,P_mid,26,,F3,76,True,0.03772800415754318,True,True,0,saddle,saddle_P_mid_W08
,,P_mid,0,surface_length,F2,0,False,,False,,1,saddle,saddle_P_mid_W08
,,P_mid,0,surface_length,F3,0,False,,False,,1,saddle,saddle_P_mid_W08
,,P_mid,0,surface_topology_or_turn,F2,0,False,,False,,2,saddle,saddle_P_mid_W08
,,P_mid,0,surface_topology_or_turn,F3,0,False,,False,,2,saddle,saddle_P_mid_W08
0.1982364440071775,True,P_mid,0,,F2,27,True,,True,True,3,saddle,saddle_P_mid_W08
0.19822695314979516,True,P_mid,26,,F3,76,True,0.08439925406128168,True,True,3,saddle,saddle_P_mid_W08
,,P_mid,0,surface_topology_or_turn,F2,0,False,,False,,4,saddle,saddle_P_mid_W08
,,P_mid,0,surface_topology_or_turn,F3,0,False,,False,,4,saddle,saddle_P_mid_W08
,,P_mid,0,surface_length,F2,0,False,,False,,5,saddle,saddle_P_mid_W08
,,P_mid,0,surface_length,F3,0,False,,False,,5,saddle,saddle_P_mid_W08
,,P_mid,0,surface_topology_or_turn,F2,0,False,,False,,6,saddle,saddle_P_mid_W08
,,P_mid,0,surface_topology_or_turn,F3,0,False,,False,,6,saddle,saddle_P_mid_W08
,,P_mid,0,surface_length,F2,0,False,,False,,7,saddle,saddle_P_mid_W08
,,P_mid,0,surface_length,F3,0,False,,False,,7,saddle,saddle_P_mid_W08
,,P_mid,0,surface_topology_or_turn,F2,0,False,,False,,8,saddle,saddle_P_mid_W08
,,P_mid,0,surface_topology_or_turn,F3,0,False,,False,,8,saddle,saddle_P_mid_W08
0.20416882033554842,True,P_mid,0,,F2,27,False,,True,True,9,saddle,saddle_P_mid_W08
0.20416057504710675,True,P_mid,26,,F3,76,False,0.06875599920749664,True,True,9,saddle,saddle_P_mid_W08
,,P_mid,0,surface_length,F2,0,False,,False,,10,saddle,saddle_P_mid_W08
,,P_mid,0,surface_length,F3,0,False,,False,,10,saddle,saddle_P_mid_W08
,,P_mid,0,surface_length,F2,0,False,,False,,11,saddle,saddle_P_mid_W08
,,P_mid,0,surface_length,F3,0,False,,False,,11,saddle,saddle_P_mid_W08
,,P_mid,0,surface_topology_or_turn,F2,0,False,,False,,12,saddle,saddle_P_mid_W08
,,P_mid,0,surface_topology_or_turn,F3,0,False,,False,,12,saddle,saddle_P_mid_W08
,,P_mid,0,surface_length,F2,0,False,,False,,13,saddle,saddle_P_mid_W08
,,P_mid,0,surface_length,F3,0,False,,False,,13,saddle,saddle_P_mid_W08
,,P_mid,0,surface_topology_or_turn,F2,0,False,,False,,14,saddle,saddle_P_mid_W08
,,P_mid,0,surface_topology_or_turn,F3,0,False,,False,,14,saddle,saddle_P_mid_W08
,,P_mid,0,surface_length,F2,0,False,,False,,15,saddle,saddle_P_mid_W08
,,P_mid,0,surface_length,F3,0,False,,False,,15,saddle,saddle_P_mid_W08
,,P_mid,0,surface_length,F2,0,False,,False,,16,saddle,saddle_P_mid_W08
,,P_mid,0,surface_length,F3,0,False,,False,,16,saddle,saddle_P_mid_W08
,,P_mid,0,surface_length,F2,0,False,,False,,17,saddle,saddle_P_mid_W08
,,P_mid,0,surface_length,F3,0,False,,False,,17,saddle,saddle_P_mid_W08
,,P_mid,0,surface_topology_or_turn,F2,0,False,,False,,18,saddle,saddle_P_mid_W08
,,P_mid,0,surface_topology_or_turn,F3,0,False,,False,,18,saddle,saddle_P_mid_W08
,,P_mid,0,surface_length,F2,0,False,,False,,19,saddle,saddle_P_mid_W08
,,P_mid,0,surface_length,F3,0,False,,False,,19,saddle,saddle_P_mid_W08
,,P_mid,0,surface_length,F2,0,False,,False,,20,saddle,saddle_P_mid_W08
,,P_mid,0,surface_length,F3,0,False,,False,,20,saddle,saddle_P_mid_W08
,,P_mid,0,surface_length,F2,0,False,,False,,21,saddle,saddle_P_mid_W08
,,P_mid,0,surface_length,F3,0,False,,False,,21,saddle,saddle_P_mid_W08
,,P_mid,0,surface_length,F2,0,False,,False,,22,saddle,saddle_P_mid_W08
,,P_mid,0,surface_length,F3,0,False,,False,,22,saddle,saddle_P_mid_W08
0.19950906557321424,True,P_mid,0,,F2,27,False,,True,True,23,saddle,saddle_P_mid_W08
0.19948426006728717,True,P_mid,26,,F3,76,False,0.16686394810676575,True,True,23,saddle,saddle_P_mid_W08
0.20947621438573782,True,P_mid,26,,F1,101,False,0.18468423373997211,True,True,fixed_surface,saddle,saddle_P_mid_W09
0.2068190242740463,True,P_mid,0,,F2,27,True,,True,True,0,saddle,saddle_P_mid_W09
0.20678768264258862,True,P_mid,26,,F3,76,True,0.16405610740184784,True,True,0,saddle,saddle_P_mid_W09
0.21159239082998585,True,P_mid,0,,F2,27,False,,True,True,1,saddle,saddle_P_mid_W09
0.2116060668819556,True,P_mid,26,,F3,76,False,0.10377456992864609,True,True,1,saddle,saddle_P_mid_W09
,,P_mid,0,surface_length,F2,0,False,,False,,2,saddle,saddle_P_mid_W09
,,P_mid,0,surface_length,F3,0,False,,False,,2,saddle,saddle_P_mid_W09
0.20901509224290465,True,P_mid,0,,F2,27,False,,True,True,3,saddle,saddle_P_mid_W09
0.20899644776443688,True,P_mid,26,,F3,76,False,0.08148666378110647,True,True,3,saddle,saddle_P_mid_W09
0.21242665078848263,True,P_mid,0,,F2,27,False,,True,True,4,saddle,saddle_P_mid_W09
0.2124244811771631,True,P_mid,26,,F3,76,False,0.07099014427512884,True,True,4,saddle,saddle_P_mid_W09
,,P_mid,0,surface_length,F2,0,False,,False,,5,saddle,saddle_P_mid_W09
,,P_mid,0,surface_length,F3,0,False,,False,,5,saddle,saddle_P_mid_W09
,,P_mid,0,surface_length,F2,0,False,,False,,6,saddle,saddle_P_mid_W09
,,P_mid,0,surface_length,F3,0,False,,False,,6,saddle,saddle_P_mid_W09
,,P_mid,0,surface_length,F2,0,False,,False,,7,saddle,saddle_P_mid_W09
,,P_mid,0,surface_length,F3,0,False,,False,,7,saddle,saddle_P_mid_W09
0.20919161039058945,True,P_mid,0,,F2,27,False,,True,True,8,saddle,saddle_P_mid_W09
0.20917469515467665,True,P_mid,26,,F3,76,False,0.03781105950474739,True,True,8,saddle,saddle_P_mid_W09
0.2099289444450834,True,P_mid,0,,F2,27,False,,True,True,9,saddle,saddle_P_mid_W09
0.20993185830289246,True,P_mid,26,,F3,76,False,0.027098875492811203,True,True,9,saddle,saddle_P_mid_W09
,,P_mid,0,surface_length,F2,0,False,,False,,10,saddle,saddle_P_mid_W09
,,P_mid,0,surface_length,F3,0,False,,False,,10,saddle,saddle_P_mid_W09
0.2134209770310539,True,P_mid,0,,F2,27,False,,True,True,11,saddle,saddle_P_mid_W09
0.2134135133248835,True,P_mid,26,,F3,76,False,0.03683280758559704,True,True,11,saddle,saddle_P_mid_W09
0.21252611204640107,True,P_mid,0,,F2,27,False,,True,True,12,saddle,saddle_P_mid_W09
0.2125312542616099,True,P_mid,26,,F3,76,False,0.02692959737032652,True,True,12,saddle,saddle_P_mid_W09
0.21014256218894892,True,P_mid,0,,F2,27,False,,True,True,13,saddle,saddle_P_mid_W09
0.21014682193930803,True,P_mid,26,,F3,76,False,0.027613329701125622,True,True,13,saddle,saddle_P_mid_W09
0.2100548058046771,True,P_mid,0,,F2,27,False,,True,True,14,saddle,saddle_P_mid_W09
0.21004336917772132,True,P_mid,26,,F3,76,False,0.027630610391497612,True,True,14,saddle,saddle_P_mid_W09
0.21212349268835204,True,P_mid,0,,F2,27,False,,True,True,15,saddle,saddle_P_mid_W09
0.21212872345480083,True,P_mid,26,,F3,76,False,0.02702656202018261,True,True,15,saddle,saddle_P_mid_W09
0.2066623871421387,True,P_mid,0,,F2,27,True,,True,True,16,saddle,saddle_P_mid_W09
0.20663706581471245,True,P_mid,26,,F3,76,True,0.026586834341287613,True,True,16,saddle,saddle_P_mid_W09
0.21411605398924938,True,P_mid,0,,F2,27,False,,True,True,17,saddle,saddle_P_mid_W09
0.21413688922417537,True,P_mid,26,,F3,76,False,0.026947002857923508,True,True,17,saddle,saddle_P_mid_W09
,,P_mid,0,surface_length,F2,0,False,,False,,18,saddle,saddle_P_mid_W09
,,P_mid,0,surface_length,F3,0,False,,False,,18,saddle,saddle_P_mid_W09
0.2114635590616509,True,P_mid,0,,F2,27,False,,True,True,19,saddle,saddle_P_mid_W09
0.21147254893960193,True,P_mid,26,,F3,76,False,0.025694623589515686,True,True,19,saddle,saddle_P_mid_W09
0.2090359147432414,True,P_mid,0,,F2,27,False,,True,True,20,saddle,saddle_P_mid_W09
0.20902599488550327,True,P_mid,26,,F3,76,False,0.02705435361713171,True,True,20,saddle,saddle_P_mid_W09
,,P_mid,0,surface_length,F2,0,False,,False,,21,saddle,saddle_P_mid_W09
,,P_mid,0,surface_length,F3,0,False,,False,,21,saddle,saddle_P_mid_W09
,,P_mid,0,surface_length,F2,0,False,,False,,22,saddle,saddle_P_mid_W09
,,P_mid,0,surface_length,F3,0,False,,False,,22,saddle,saddle_P_mid_W09
,,P_mid,0,surface_length,F2,0,False,,False,,23,saddle,saddle_P_mid_W09
,,P_mid,0,surface_length,F3,0,False,,False,,23,saddle,saddle_P_mid_W09
